source,category,concept,label,year,docs,docs_raw,in_domain_total,share_pct,est_docs,partial_year
all,Advanced packaging,3DIC,"2.5D / 3D integration (TSV, interposer)",2014,684.45,199,54786.3744,1.249315615265629,684.5,False
all,Advanced packaging,3DIC,"2.5D / 3D integration (TSV, interposer)",2015,620.68,597,55077.7396,1.1269180698185446,620.7,False
all,Advanced packaging,3DIC,"2.5D / 3D integration (TSV, interposer)",2016,616.0,616,57084.42108421685,1.0791035247448915,616.0,False
all,Advanced packaging,3DIC,"2.5D / 3D integration (TSV, interposer)",2017,466.0,466,57757.9259,0.8068156754915605,466.0,False
all,Advanced packaging,3DIC,"2.5D / 3D integration (TSV, interposer)",2018,672.0,672,73253.68136813681,0.9173600390441268,672.0,False
all,Advanced packaging,3DIC,"2.5D / 3D integration (TSV, interposer)",2019,937.0,937,88107.50975097509,1.0634734798978134,937.0,False
all,Advanced packaging,3DIC,"2.5D / 3D integration (TSV, interposer)",2020,807.0,807,90339.0211,0.8933016875472873,807.0,False
all,Advanced packaging,3DIC,"2.5D / 3D integration (TSV, interposer)",2021,818.0,818,84263.3604,0.9707659368400883,818.0,False
all,Advanced packaging,3DIC,"2.5D / 3D integration (TSV, interposer)",2022,778.0,778,79238.312,0.9818482756169767,778.0,False
all,Advanced packaging,3DIC,"2.5D / 3D integration (TSV, interposer)",2023,1107.0,1107,84011.304,1.317679820801258,1107.0,False
all,Advanced packaging,3DIC,"2.5D / 3D integration (TSV, interposer)",2024,1407.23,463,90252.2958,1.5592209421639613,1407.2,False
all,Advanced packaging,3DIC,"2.5D / 3D integration (TSV, interposer)",2025,1675.32,1626,98690.00020002,1.6975600330373732,1675.3,False
all,Advanced packaging,3DIC,"2.5D / 3D integration (TSV, interposer)",2026,1252.0,1252,65841.26795359072,1.901542966764389,1252.0,True
all,Advanced packaging,CPO,Silicon photonics / co-packaged optics,2014,409.86,243,54786.3744,0.7481057187825156,409.9,False
all,Advanced packaging,CPO,Silicon photonics / co-packaged optics,2015,430.27,247,55077.7396,0.781212161437361,430.3,False
all,Advanced packaging,CPO,Silicon photonics / co-packaged optics,2016,528.23,303,57084.42108421685,0.9253487903831099,528.2,False
all,Advanced packaging,CPO,Silicon photonics / co-packaged optics,2017,576.2,321,57757.9259,0.9976033436477677,576.2,False
all,Advanced packaging,CPO,Silicon photonics / co-packaged optics,2018,827.07,463,73253.68136813681,1.129052244046113,827.1,False
all,Advanced packaging,CPO,Silicon photonics / co-packaged optics,2019,1158.06,662,88107.50975097509,1.3143699895046104,1158.1,False
all,Advanced packaging,CPO,Silicon photonics / co-packaged optics,2020,1014.97,602,90339.0211,1.123514498653349,1015.0,False
all,Advanced packaging,CPO,Silicon photonics / co-packaged optics,2021,1008.58,650,84263.3604,1.1969417413992909,1008.6,False
all,Advanced packaging,CPO,Silicon photonics / co-packaged optics,2022,1074.86,776,79238.312,1.3564897998752123,1074.9,False
all,Advanced packaging,CPO,Silicon photonics / co-packaged optics,2023,1281.42,849,84011.304,1.5252995001720333,1281.4,False
all,Advanced packaging,CPO,Silicon photonics / co-packaged optics,2024,1369.96,875,90252.2958,1.5179207589014216,1370.0,False
all,Advanced packaging,CPO,Silicon photonics / co-packaged optics,2025,1647.88,893,98690.00020002,1.6697564731247796,1647.9,False
all,Advanced packaging,CPO,Silicon photonics / co-packaged optics,2026,1160.07,886,65841.26795359072,1.761918276165401,1160.1,True
all,Advanced packaging,Chiplet,Chiplet / disaggregation,2014,37.42,33,54786.3744,0.06830799610550092,37.4,False
all,Advanced packaging,Chiplet,Chiplet / disaggregation,2015,34.67,31,55077.7396,0.06294436479258368,34.7,False
all,Advanced packaging,Chiplet,Chiplet / disaggregation,2016,25.74,5,57084.42108421685,0.04508857574162111,25.7,False
all,Advanced packaging,Chiplet,Chiplet / disaggregation,2017,48.67,46,57757.9259,0.08426202852966366,48.7,False
all,Advanced packaging,Chiplet,Chiplet / disaggregation,2018,102.87,100,73253.68136813681,0.14042525200844116,102.9,False
all,Advanced packaging,Chiplet,Chiplet / disaggregation,2019,197.68,191,88107.50975097509,0.22436793476371253,197.7,False
all,Advanced packaging,Chiplet,Chiplet / disaggregation,2020,210.0,210,90339.0211,0.2324576882093313,210.0,False
all,Advanced packaging,Chiplet,Chiplet / disaggregation,2021,249.0,249,84263.3604,0.2955021005784621,249.0,False
all,Advanced packaging,Chiplet,Chiplet / disaggregation,2022,254.0,254,79238.312,0.32055200772070963,254.0,False
all,Advanced packaging,Chiplet,Chiplet / disaggregation,2023,452.0,452,84011.304,0.5380228355936482,452.0,False
all,Advanced packaging,Chiplet,Chiplet / disaggregation,2024,595.0,595,90252.2958,0.6592630079112071,595.0,False
all,Advanced packaging,Chiplet,Chiplet / disaggregation,2025,799.6,756,98690.00020002,0.810209746052716,799.6,False
all,Advanced packaging,Chiplet,Chiplet / disaggregation,2026,553.0,553,65841.26795359072,0.8398987704638237,553.0,True
all,Advanced packaging,CoWoS,CoWoS,2014,1.0,1,54786.3744,0.0018252713579820314,1.0,False
all,Advanced packaging,CoWoS,CoWoS,2015,2.0,2,55077.7396,0.0036312310826931613,2.0,False
all,Advanced packaging,CoWoS,CoWoS,2016,0.0,0,57084.42108421685,0.0,0.0,False
all,Advanced packaging,CoWoS,CoWoS,2017,3.0,3,57757.9259,0.005194092331490733,3.0,False
all,Advanced packaging,CoWoS,CoWoS,2018,0.0,0,73253.68136813681,0.0,0.0,False
all,Advanced packaging,CoWoS,CoWoS,2019,5.0,5,88107.50975097509,0.005674885164876272,5.0,False
all,Advanced packaging,CoWoS,CoWoS,2020,6.0,6,90339.0211,0.006641648234552323,6.0,False
all,Advanced packaging,CoWoS,CoWoS,2021,11.0,11,84263.3604,0.013054309664108766,11.0,False
all,Advanced packaging,CoWoS,CoWoS,2022,8.0,8,79238.312,0.010096126227423926,8.0,False
all,Advanced packaging,CoWoS,CoWoS,2023,11.0,11,84011.304,0.01309347608745604,11.0,False
all,Advanced packaging,CoWoS,CoWoS,2024,23.0,23,90252.2958,0.025484116272197918,23.0,False
all,Advanced packaging,CoWoS,CoWoS,2025,31.0,31,98690.00020002,0.0314114904622259,31.0,False
all,Advanced packaging,CoWoS,CoWoS,2026,18.0,18,65841.26795359072,0.027338477157954476,18.0,True
all,Advanced packaging,FanOut,Fan-out packaging (FOWLP / InFO / FOPLP),2014,99.9,63,54786.3744,0.18233913284833114,99.9,False
all,Advanced packaging,FanOut,Fan-out packaging (FOWLP / InFO / FOPLP),2015,94.45,56,55077.7396,0.17149093993198908,94.5,False
all,Advanced packaging,FanOut,Fan-out packaging (FOWLP / InFO / FOPLP),2016,94.64,49,57084.42108421685,0.16578136650228517,94.6,False
all,Advanced packaging,FanOut,Fan-out packaging (FOWLP / InFO / FOPLP),2017,141.4,64,57757.9259,0.244810268253302,141.4,False
all,Advanced packaging,FanOut,Fan-out packaging (FOWLP / InFO / FOPLP),2018,226.74,127,73253.68136813681,0.3095234657134346,226.7,False
all,Advanced packaging,FanOut,Fan-out packaging (FOWLP / InFO / FOPLP),2019,247.43,140,88107.50975097509,0.2808235840122914,247.4,False
all,Advanced packaging,FanOut,Fan-out packaging (FOWLP / InFO / FOPLP),2020,248.88,129,90339.0211,0.27549999653472085,248.9,False
all,Advanced packaging,FanOut,Fan-out packaging (FOWLP / InFO / FOPLP),2021,241.5,151,84263.3604,0.2866006437281053,241.5,False
all,Advanced packaging,FanOut,Fan-out packaging (FOWLP / InFO / FOPLP),2022,258.0,258,79238.312,0.3256000708344216,258.0,False
all,Advanced packaging,FanOut,Fan-out packaging (FOWLP / InFO / FOPLP),2023,285.12,285,84011.304,0.3393869194357195,285.1,False
all,Advanced packaging,FanOut,Fan-out packaging (FOWLP / InFO / FOPLP),2024,324.0,324,90252.2958,0.35899363792139677,324.0,False
all,Advanced packaging,FanOut,Fan-out packaging (FOWLP / InFO / FOPLP),2025,395.0,395,98690.00020002,0.4002431849219106,395.0,False
all,Advanced packaging,FanOut,Fan-out packaging (FOWLP / InFO / FOPLP),2026,214.0,214,65841.26795359072,0.32502411732234765,214.0,True
all,Advanced packaging,GlassSubstrate,Glass core / glass substrate,2014,48.0,48,54786.3744,0.0876130251831375,48.0,False
all,Advanced packaging,GlassSubstrate,Glass core / glass substrate,2015,32.0,32,55077.7396,0.05809969732309058,32.0,False
all,Advanced packaging,GlassSubstrate,Glass core / glass substrate,2016,37.0,37,57084.42108421685,0.06481628314214445,37.0,False
all,Advanced packaging,GlassSubstrate,Glass core / glass substrate,2017,29.0,29,57757.9259,0.05020955920441042,29.0,False
all,Advanced packaging,GlassSubstrate,Glass core / glass substrate,2018,30.0,30,73253.68136813681,0.0409535731716128,30.0,False
all,Advanced packaging,GlassSubstrate,Glass core / glass substrate,2019,24.0,24,88107.50975097509,0.027239448791406103,24.0,False
all,Advanced packaging,GlassSubstrate,Glass core / glass substrate,2020,28.0,28,90339.0211,0.03099435842791084,28.0,False
all,Advanced packaging,GlassSubstrate,Glass core / glass substrate,2021,35.0,35,84263.3604,0.04153643984034607,35.0,False
all,Advanced packaging,GlassSubstrate,Glass core / glass substrate,2022,36.0,36,79238.312,0.045432568023407664,36.0,False
all,Advanced packaging,GlassSubstrate,Glass core / glass substrate,2023,52.0,52,84011.304,0.06189643241342855,52.0,False
all,Advanced packaging,GlassSubstrate,Glass core / glass substrate,2024,67.0,67,90252.2958,0.07423633870596785,67.0,False
all,Advanced packaging,GlassSubstrate,Glass core / glass substrate,2025,112.0,112,98690.00020002,0.11348667521836453,112.0,False
all,Advanced packaging,GlassSubstrate,Glass core / glass substrate,2026,85.0,85,65841.26795359072,0.12909836435700725,85.0,True
all,Advanced packaging,HBM,High-bandwidth memory (HBM),2014,7.0,7,54786.3744,0.012776899505874219,7.0,False
all,Advanced packaging,HBM,High-bandwidth memory (HBM),2015,20.0,20,55077.7396,0.036312310826931614,20.0,False
all,Advanced packaging,HBM,High-bandwidth memory (HBM),2016,29.0,29,57084.42108421685,0.05080195165195106,29.0,False
all,Advanced packaging,HBM,High-bandwidth memory (HBM),2017,23.0,23,57757.9259,0.03982137454142895,23.0,False
all,Advanced packaging,HBM,High-bandwidth memory (HBM),2018,60.1,60,73253.68136813681,0.08204691963050068,60.1,False
all,Advanced packaging,HBM,High-bandwidth memory (HBM),2019,85.0,85,88107.50975097509,0.09647304780289662,85.0,False
all,Advanced packaging,HBM,High-bandwidth memory (HBM),2020,91.0,91,90339.0211,0.10073166489071023,91.0,False
all,Advanced packaging,HBM,High-bandwidth memory (HBM),2021,108.14,108,84263.3604,0.12834093550669487,108.1,False
all,Advanced packaging,HBM,High-bandwidth memory (HBM),2022,142.0,142,79238.312,0.17920624053677467,142.0,False
all,Advanced packaging,HBM,High-bandwidth memory (HBM),2023,152.0,152,84011.304,0.18092803320848347,152.0,False
all,Advanced packaging,HBM,High-bandwidth memory (HBM),2024,199.0,199,90252.2958,0.22049300600727764,199.0,False
all,Advanced packaging,HBM,High-bandwidth memory (HBM),2025,350.0,350,98690.00020002,0.35464586005738913,350.0,False
all,Advanced packaging,HBM,High-bandwidth memory (HBM),2026,263.0,263,65841.26795359072,0.39944552736344596,263.0,True
all,Advanced packaging,HybridBonding,Hybrid bonding / SoIC,2014,23.49,20,54786.3744,0.04288170843685786,23.5,False
all,Advanced packaging,HybridBonding,Hybrid bonding / SoIC,2015,33.07,30,55077.7396,0.06004240595233144,33.1,False
all,Advanced packaging,HybridBonding,Hybrid bonding / SoIC,2016,36.35,34,57084.42108421685,0.06367061154282112,36.3,False
all,Advanced packaging,HybridBonding,Hybrid bonding / SoIC,2017,38.34,35,57757.9259,0.06637472878274991,38.3,False
all,Advanced packaging,HybridBonding,Hybrid bonding / SoIC,2018,54.24,53,73253.68136813681,0.07404007281732823,54.2,False
all,Advanced packaging,HybridBonding,Hybrid bonding / SoIC,2019,91.85,89,88107.50975097509,0.10424537052471093,91.8,False
all,Advanced packaging,HybridBonding,Hybrid bonding / SoIC,2020,84.28,75,90339.0211,0.09329090759603743,84.3,False
all,Advanced packaging,HybridBonding,Hybrid bonding / SoIC,2021,109.0,109,84263.3604,0.12935634121707779,109.0,False
all,Advanced packaging,HybridBonding,Hybrid bonding / SoIC,2022,130.0,130,79238.312,0.1640620511956388,130.0,False
all,Advanced packaging,HybridBonding,Hybrid bonding / SoIC,2023,218.0,218,84011.304,0.2594888897332197,218.0,False
all,Advanced packaging,HybridBonding,Hybrid bonding / SoIC,2024,316.15,301,90252.2958,0.3502961675722088,316.2,False
all,Advanced packaging,HybridBonding,Hybrid bonding / SoIC,2025,329.34,290,98690.00020002,0.3337149991547662,329.3,False
all,Advanced packaging,HybridBonding,Hybrid bonding / SoIC,2026,274.0,274,65841.26795359072,0.4161523745155292,274.0,True
all,Advanced packaging,UCIe,UCIe / die-to-die standards,2014,0.0,0,54786.3744,0.0,0.0,False
all,Advanced packaging,UCIe,UCIe / die-to-die standards,2015,0.0,0,55077.7396,0.0,0.0,False
all,Advanced packaging,UCIe,UCIe / die-to-die standards,2016,0.0,0,57084.42108421685,0.0,0.0,False
all,Advanced packaging,UCIe,UCIe / die-to-die standards,2017,1.0,1,57757.9259,0.0017313641104969109,1.0,False
all,Advanced packaging,UCIe,UCIe / die-to-die standards,2018,1.0,1,73253.68136813681,0.0013651191057204267,1.0,False
all,Advanced packaging,UCIe,UCIe / die-to-die standards,2019,2.0,2,88107.50975097509,0.0022699540659505088,2.0,False
all,Advanced packaging,UCIe,UCIe / die-to-die standards,2020,9.0,9,90339.0211,0.009962472351828483,9.0,False
all,Advanced packaging,UCIe,UCIe / die-to-die standards,2021,8.0,8,84263.3604,0.009494043392079102,8.0,False
all,Advanced packaging,UCIe,UCIe / die-to-die standards,2022,7.0,7,79238.312,0.008834110448995935,7.0,False
all,Advanced packaging,UCIe,UCIe / die-to-die standards,2023,25.0,25,84011.304,0.029757900198763728,25.0,False
all,Advanced packaging,UCIe,UCIe / die-to-die standards,2024,42.0,42,90252.2958,0.046536212323144026,42.0,False
all,Advanced packaging,UCIe,UCIe / die-to-die standards,2025,72.0,72,98690.00020002,0.07295571978323434,72.0,False
all,Advanced packaging,UCIe,UCIe / die-to-die standards,2026,49.0,49,65841.26795359072,0.0744214100410983,49.0,True
all,Design & compute,AIAccel,AI accelerator / NPU,2014,8.0,8,54786.3744,0.014602170863856252,8.0,False
all,Design & compute,AIAccel,AI accelerator / NPU,2015,4.0,4,55077.7396,0.007262462165386323,4.0,False
all,Design & compute,AIAccel,AI accelerator / NPU,2016,10.0,10,57084.42108421685,0.017517914362741745,10.0,False
all,Design & compute,AIAccel,AI accelerator / NPU,2017,17.0,17,57757.9259,0.029433189878447487,17.0,False
all,Design & compute,AIAccel,AI accelerator / NPU,2018,69.0,69,73253.68136813681,0.09419321829470945,69.0,False
all,Design & compute,AIAccel,AI accelerator / NPU,2019,154.0,154,88107.50975097509,0.17478646307818918,154.0,False
all,Design & compute,AIAccel,AI accelerator / NPU,2020,187.14,187,90339.0211,0.20715689929638176,187.1,False
all,Design & compute,AIAccel,AI accelerator / NPU,2021,235.0,235,84263.3604,0.27888752464232364,235.0,False
all,Design & compute,AIAccel,AI accelerator / NPU,2022,213.0,213,79238.312,0.268809360805162,213.0,False
all,Design & compute,AIAccel,AI accelerator / NPU,2023,267.0,267,84011.304,0.3178143741227966,267.0,False
all,Design & compute,AIAccel,AI accelerator / NPU,2024,365.0,365,90252.2958,0.40442184518922786,365.0,False
all,Design & compute,AIAccel,AI accelerator / NPU,2025,482.0,482,98690.00020002,0.48839801299331875,482.0,False
all,Design & compute,AIAccel,AI accelerator / NPU,2026,301.08,296,65841.26795359072,0.4572786023744313,301.1,True
all,Design & compute,DTCO,DTCO / STCO,2014,2.0,2,54786.3744,0.003650542715964063,2.0,False
all,Design & compute,DTCO,DTCO / STCO,2015,7.0,7,55077.7396,0.012709308789426063,7.0,False
all,Design & compute,DTCO,DTCO / STCO,2016,5.0,5,57084.42108421685,0.008758957181370873,5.0,False
all,Design & compute,DTCO,DTCO / STCO,2017,6.0,6,57757.9259,0.010388184662981467,6.0,False
all,Design & compute,DTCO,DTCO / STCO,2018,20.0,20,73253.68136813681,0.027302382114408535,20.0,False
all,Design & compute,DTCO,DTCO / STCO,2019,23.0,23,88107.50975097509,0.02610447175843085,23.0,False
all,Design & compute,DTCO,DTCO / STCO,2020,32.0,32,90339.0211,0.03542212391761239,32.0,False
all,Design & compute,DTCO,DTCO / STCO,2021,36.0,36,84263.3604,0.042723195264355966,36.0,False
all,Design & compute,DTCO,DTCO / STCO,2022,35.0,35,79238.312,0.04417055224497967,35.0,False
all,Design & compute,DTCO,DTCO / STCO,2023,48.0,48,84011.304,0.057135168381626356,48.0,False
all,Design & compute,DTCO,DTCO / STCO,2024,84.0,84,90252.2958,0.09307242464628805,84.0,False
all,Design & compute,DTCO,DTCO / STCO,2025,107.0,107,98690.00020002,0.10842030578897326,107.0,False
all,Design & compute,DTCO,DTCO / STCO,2026,61.0,61,65841.26795359072,0.09264706147973462,61.0,True
all,Design & compute,MLforEDA,ML for EDA / chip design,2014,0.0,0,54786.3744,0.0,0.0,False
all,Design & compute,MLforEDA,ML for EDA / chip design,2015,0.0,0,55077.7396,0.0,0.0,False
all,Design & compute,MLforEDA,ML for EDA / chip design,2016,0.0,0,57084.42108421685,0.0,0.0,False
all,Design & compute,MLforEDA,ML for EDA / chip design,2017,0.0,0,57757.9259,0.0,0.0,False
all,Design & compute,MLforEDA,ML for EDA / chip design,2018,0.0,0,73253.68136813681,0.0,0.0,False
all,Design & compute,MLforEDA,ML for EDA / chip design,2019,9.0,9,88107.50975097509,0.010214793296777288,9.0,False
all,Design & compute,MLforEDA,ML for EDA / chip design,2020,7.0,7,90339.0211,0.00774858960697771,7.0,False
all,Design & compute,MLforEDA,ML for EDA / chip design,2021,13.0,13,84263.3604,0.015427820512128543,13.0,False
all,Design & compute,MLforEDA,ML for EDA / chip design,2022,14.0,14,79238.312,0.01766822089799187,14.0,False
all,Design & compute,MLforEDA,ML for EDA / chip design,2023,15.0,15,84011.304,0.017854740119258236,15.0,False
all,Design & compute,MLforEDA,ML for EDA / chip design,2024,22.0,22,90252.2958,0.024376111216884964,22.0,False
all,Design & compute,MLforEDA,ML for EDA / chip design,2025,22.0,22,98690.00020002,0.022292025489321604,22.0,False
all,Design & compute,MLforEDA,ML for EDA / chip design,2026,29.0,29,65841.26795359072,0.04404532431003776,29.0,True
all,Design & compute,Neuromorphic,Neuromorphic hardware,2014,214.0,214,54786.3744,0.3906080706081547,214.0,False
all,Design & compute,Neuromorphic,Neuromorphic hardware,2015,296.0,296,55077.7396,0.5374222002385879,296.0,False
all,Design & compute,Neuromorphic,Neuromorphic hardware,2016,379.0,379,57084.42108421685,0.6639289543479121,379.0,False
all,Design & compute,Neuromorphic,Neuromorphic hardware,2017,515.0,515,57757.9259,0.8916525169059092,515.0,False
all,Design & compute,Neuromorphic,Neuromorphic hardware,2018,929.0,929,73253.68136813681,1.2681956492142763,929.0,False
all,Design & compute,Neuromorphic,Neuromorphic hardware,2019,1360.0,1360,88107.50975097509,1.5435687648463459,1360.0,False
all,Design & compute,Neuromorphic,Neuromorphic hardware,2020,1713.0,1713,90339.0211,1.896190570964688,1713.0,False
all,Design & compute,Neuromorphic,Neuromorphic hardware,2021,1872.0,1872,84263.3604,2.22160615374651,1872.0,False
all,Design & compute,Neuromorphic,Neuromorphic hardware,2022,2191.81,2190,79238.312,2.7661005883012675,2191.8,False
all,Design & compute,Neuromorphic,Neuromorphic hardware,2023,2651.0,2651,84011.304,3.1555277370769055,2651.0,False
all,Design & compute,Neuromorphic,Neuromorphic hardware,2024,3194.69,2804,90252.2958,3.5397334088279395,3194.7,False
all,Design & compute,Neuromorphic,Neuromorphic hardware,2025,4321.42,2822,98690.00020002,4.378784737975748,4321.4,False
all,Design & compute,Neuromorphic,Neuromorphic hardware,2026,3271.95,2846,65841.26795359072,4.969453710459646,3272.0,True
all,Design & compute,Photonic-computing,Photonic / optical computing,2014,16.0,16,54786.3744,0.029204341727712503,16.0,False
all,Design & compute,Photonic-computing,Photonic / optical computing,2015,11.0,11,55077.7396,0.019971770954812385,11.0,False
all,Design & compute,Photonic-computing,Photonic / optical computing,2016,10.0,10,57084.42108421685,0.017517914362741745,10.0,False
all,Design & compute,Photonic-computing,Photonic / optical computing,2017,21.0,21,57757.9259,0.03635864632043513,21.0,False
all,Design & compute,Photonic-computing,Photonic / optical computing,2018,38.0,38,73253.68136813681,0.051874526017376216,38.0,False
all,Design & compute,Photonic-computing,Photonic / optical computing,2019,41.0,41,88107.50975097509,0.04653405835198543,41.0,False
all,Design & compute,Photonic-computing,Photonic / optical computing,2020,86.0,86,90339.0211,0.09519695802858329,86.0,False
all,Design & compute,Photonic-computing,Photonic / optical computing,2021,108.0,108,84263.3604,0.1281695857930679,108.0,False
all,Design & compute,Photonic-computing,Photonic / optical computing,2022,130.0,130,79238.312,0.1640620511956388,130.0,False
all,Design & compute,Photonic-computing,Photonic / optical computing,2023,183.0,183,84011.304,0.2178278294549505,183.0,False
all,Design & compute,Photonic-computing,Photonic / optical computing,2024,210.0,210,90252.2958,0.2326810616157201,210.0,False
all,Design & compute,Photonic-computing,Photonic / optical computing,2025,286.0,286,98690.00020002,0.2897963313611808,286.0,False
all,Design & compute,Photonic-computing,Photonic / optical computing,2026,201.0,201,65841.26795359072,0.3052796615971583,201.0,True
all,Design & compute,RISCV,RISC-V,2014,0.0,0,54786.3744,0.0,0.0,False
all,Design & compute,RISCV,RISC-V,2015,0.0,0,55077.7396,0.0,0.0,False
all,Design & compute,RISCV,RISC-V,2016,2.0,2,57084.42108421685,0.003503582872548349,2.0,False
all,Design & compute,RISCV,RISC-V,2017,7.0,7,57757.9259,0.012119548773478378,7.0,False
all,Design & compute,RISCV,RISC-V,2018,16.0,16,73253.68136813681,0.021841905691526827,16.0,False
all,Design & compute,RISCV,RISC-V,2019,48.0,48,88107.50975097509,0.05447889758281221,48.0,False
all,Design & compute,RISCV,RISC-V,2020,77.0,77,90339.0211,0.0852344856767548,77.0,False
all,Design & compute,RISCV,RISC-V,2021,96.0,96,84263.3604,0.11392852070494923,96.0,False
all,Design & compute,RISCV,RISC-V,2022,109.0,109,79238.312,0.13755971984865098,109.0,False
all,Design & compute,RISCV,RISC-V,2023,172.0,172,84011.304,0.20473435336749443,172.0,False
all,Design & compute,RISCV,RISC-V,2024,225.0,225,90252.2958,0.2493011374454144,225.0,False
all,Design & compute,RISCV,RISC-V,2025,277.0,277,98690.00020002,0.28067686638827655,277.0,False
all,Design & compute,RISCV,RISC-V,2026,218.28,218,65841.26795359072,0.33152219441041075,218.3,True
all,Interconnect & BEOL,Airgap,Air-gap / low-k dielectric,2014,10.0,10,54786.3744,0.018252713579820314,10.0,False
all,Interconnect & BEOL,Airgap,Air-gap / low-k dielectric,2015,16.0,16,55077.7396,0.02904984866154529,16.0,False
all,Interconnect & BEOL,Airgap,Air-gap / low-k dielectric,2016,13.0,13,57084.42108421685,0.02277328867156427,13.0,False
all,Interconnect & BEOL,Airgap,Air-gap / low-k dielectric,2017,11.0,11,57757.9259,0.01904500521546602,11.0,False
all,Interconnect & BEOL,Airgap,Air-gap / low-k dielectric,2018,18.0,18,73253.68136813681,0.02457214390296768,18.0,False
all,Interconnect & BEOL,Airgap,Air-gap / low-k dielectric,2019,34.0,34,88107.50975097509,0.03858921912115865,34.0,False
all,Interconnect & BEOL,Airgap,Air-gap / low-k dielectric,2020,25.0,25,90339.0211,0.027673534310634677,25.0,False
all,Interconnect & BEOL,Airgap,Air-gap / low-k dielectric,2021,30.0,30,84263.3604,0.035602662720296635,30.0,False
all,Interconnect & BEOL,Airgap,Air-gap / low-k dielectric,2022,26.0,26,79238.312,0.03281241023912776,26.0,False
all,Interconnect & BEOL,Airgap,Air-gap / low-k dielectric,2023,22.0,22,84011.304,0.02618695217491208,22.0,False
all,Interconnect & BEOL,Airgap,Air-gap / low-k dielectric,2024,20.0,20,90252.2958,0.02216010110625906,20.0,False
all,Interconnect & BEOL,Airgap,Air-gap / low-k dielectric,2025,27.0,27,98690.00020002,0.027358394918712878,27.0,False
all,Interconnect & BEOL,Airgap,Air-gap / low-k dielectric,2026,18.0,18,65841.26795359072,0.027338477157954476,18.0,True
all,Interconnect & BEOL,HKMG,High-k / metal gate,2014,127.0,127,54786.3744,0.23180946246371797,127.0,False
all,Interconnect & BEOL,HKMG,High-k / metal gate,2015,123.0,123,55077.7396,0.2233207115856294,123.0,False
all,Interconnect & BEOL,HKMG,High-k / metal gate,2016,118.0,118,57084.42108421685,0.2067113894803526,118.0,False
all,Interconnect & BEOL,HKMG,High-k / metal gate,2017,106.0,106,57757.9259,0.18352459571267257,106.0,False
all,Interconnect & BEOL,HKMG,High-k / metal gate,2018,195.0,195,73253.68136813681,0.2661982256154832,195.0,False
all,Interconnect & BEOL,HKMG,High-k / metal gate,2019,250.0,250,88107.50975097509,0.2837442582438136,250.0,False
all,Interconnect & BEOL,HKMG,High-k / metal gate,2020,230.0,230,90339.0211,0.25459651565783903,230.0,False
all,Interconnect & BEOL,HKMG,High-k / metal gate,2021,213.0,213,84263.3604,0.25277890531410613,213.0,False
all,Interconnect & BEOL,HKMG,High-k / metal gate,2022,174.0,174,79238.312,0.21959074544647036,174.0,False
all,Interconnect & BEOL,HKMG,High-k / metal gate,2023,210.18,204,84011.304,0.25018278276197015,210.2,False
all,Interconnect & BEOL,HKMG,High-k / metal gate,2024,221.0,221,90252.2958,0.2448691172241626,221.0,False
all,Interconnect & BEOL,HKMG,High-k / metal gate,2025,198.0,198,98690.00020002,0.20062822940389444,198.0,False
all,Interconnect & BEOL,HKMG,High-k / metal gate,2026,157.0,157,65841.26795359072,0.23845227298882515,157.0,True
all,Interconnect & BEOL,RuMo,Ru / Mo interconnect (post-Cu),2014,0.0,0,54786.3744,0.0,0.0,False
all,Interconnect & BEOL,RuMo,Ru / Mo interconnect (post-Cu),2015,1.0,1,55077.7396,0.0018156155413465807,1.0,False
all,Interconnect & BEOL,RuMo,Ru / Mo interconnect (post-Cu),2016,2.02,2,57084.42108421685,0.003533528025305172,2.0,False
all,Interconnect & BEOL,RuMo,Ru / Mo interconnect (post-Cu),2017,1.0,1,57757.9259,0.0017313641104969109,1.0,False
all,Interconnect & BEOL,RuMo,Ru / Mo interconnect (post-Cu),2018,8.0,8,73253.68136813681,0.010920952845763414,8.0,False
all,Interconnect & BEOL,RuMo,Ru / Mo interconnect (post-Cu),2019,1.0,1,88107.50975097509,0.0011349770329752544,1.0,False
all,Interconnect & BEOL,RuMo,Ru / Mo interconnect (post-Cu),2020,11.0,11,90339.0211,0.012176355096679258,11.0,False
all,Interconnect & BEOL,RuMo,Ru / Mo interconnect (post-Cu),2021,14.0,14,84263.3604,0.01661457593613843,14.0,False
all,Interconnect & BEOL,RuMo,Ru / Mo interconnect (post-Cu),2022,16.0,16,79238.312,0.02019225245484785,16.0,False
all,Interconnect & BEOL,RuMo,Ru / Mo interconnect (post-Cu),2023,15.0,15,84011.304,0.017854740119258236,15.0,False
all,Interconnect & BEOL,RuMo,Ru / Mo interconnect (post-Cu),2024,22.0,22,90252.2958,0.024376111216884964,22.0,False
all,Interconnect & BEOL,RuMo,Ru / Mo interconnect (post-Cu),2025,20.0,20,98690.00020002,0.020265477717565095,20.0,False
all,Interconnect & BEOL,RuMo,Ru / Mo interconnect (post-Cu),2026,18.0,18,65841.26795359072,0.027338477157954476,18.0,True
all,Lithography & patterning,CompLitho,Computational lithography (OPC/ILT/SMO),2014,24.84,15,54786.3744,0.04534572941862328,24.8,False
all,Lithography & patterning,CompLitho,Computational lithography (OPC/ILT/SMO),2015,29.39,17,55077.7396,0.0533560991187324,29.4,False
all,Lithography & patterning,CompLitho,Computational lithography (OPC/ILT/SMO),2016,27.47,13,57084.42108421685,0.04811995896301529,27.5,False
all,Lithography & patterning,CompLitho,Computational lithography (OPC/ILT/SMO),2017,15.67,8,57757.9259,0.02712932136874626,15.7,False
all,Lithography & patterning,CompLitho,Computational lithography (OPC/ILT/SMO),2018,61.3,33,73253.68136813681,0.08368589653797931,61.3,False
all,Lithography & patterning,CompLitho,Computational lithography (OPC/ILT/SMO),2019,128.7,71,88107.50975097509,0.14607078749256008,128.7,False
all,Lithography & patterning,CompLitho,Computational lithography (OPC/ILT/SMO),2020,140.9,86,90339.0211,0.1559643495701623,140.9,False
all,Lithography & patterning,CompLitho,Computational lithography (OPC/ILT/SMO),2021,136.71,92,84263.3604,0.16224370752723988,136.7,False
all,Lithography & patterning,CompLitho,Computational lithography (OPC/ILT/SMO),2022,113.7,86,79238.312,0.14349275101239115,113.7,False
all,Lithography & patterning,CompLitho,Computational lithography (OPC/ILT/SMO),2023,183.83,132,84011.304,0.21881817237356496,183.8,False
all,Lithography & patterning,CompLitho,Computational lithography (OPC/ILT/SMO),2024,201.13,139,90252.2958,0.2228563807902605,201.1,False
all,Lithography & patterning,CompLitho,Computational lithography (OPC/ILT/SMO),2025,245.27,45,98690.00020002,0.24852388096705286,245.3,False
all,Lithography & patterning,CompLitho,Computational lithography (OPC/ILT/SMO),2026,150.41,116,65841.26795359072,0.22844841542139555,150.4,True
all,Lithography & patterning,DSA,Directed self-assembly,2014,62.0,62,54786.3744,0.11316682419488594,62.0,False
all,Lithography & patterning,DSA,Directed self-assembly,2015,42.0,42,55077.7396,0.07625585273655638,42.0,False
all,Lithography & patterning,DSA,Directed self-assembly,2016,41.13,41,57084.42108421685,0.07205971023226505,41.1,False
all,Lithography & patterning,DSA,Directed self-assembly,2017,39.0,39,57757.9259,0.06752320030937953,39.0,False
all,Lithography & patterning,DSA,Directed self-assembly,2018,55.0,55,73253.68136813681,0.07508155081462346,55.0,False
all,Lithography & patterning,DSA,Directed self-assembly,2019,50.0,50,88107.50975097509,0.05674885164876272,50.0,False
all,Lithography & patterning,DSA,Directed self-assembly,2020,50.0,50,90339.0211,0.055347068621269355,50.0,False
all,Lithography & patterning,DSA,Directed self-assembly,2021,37.0,37,84263.3604,0.043909950688365854,37.0,False
all,Lithography & patterning,DSA,Directed self-assembly,2022,24.0,24,79238.312,0.030288378682271775,24.0,False
all,Lithography & patterning,DSA,Directed self-assembly,2023,27.0,27,84011.304,0.032138532214664825,27.0,False
all,Lithography & patterning,DSA,Directed self-assembly,2024,27.0,27,90252.2958,0.02991613649344973,27.0,False
all,Lithography & patterning,DSA,Directed self-assembly,2025,40.0,40,98690.00020002,0.04053095543513019,40.0,False
all,Lithography & patterning,DSA,Directed self-assembly,2026,24.0,24,65841.26795359072,0.036451302877272634,24.0,True
all,Lithography & patterning,EUV,EUV lithography,2014,246.17,246,54786.3744,0.44933565800822617,246.2,False
all,Lithography & patterning,EUV,EUV lithography,2015,236.0,236,55077.7396,0.428485267757793,236.0,False
all,Lithography & patterning,EUV,EUV lithography,2016,202.0,202,57084.42108421685,0.35386187012738324,202.0,False
all,Lithography & patterning,EUV,EUV lithography,2017,258.0,258,57757.9259,0.44669194050820304,258.0,False
all,Lithography & patterning,EUV,EUV lithography,2018,304.0,304,73253.68136813681,0.4149962081390097,304.0,False
all,Lithography & patterning,EUV,EUV lithography,2019,356.0,356,88107.50975097509,0.4040518237391905,356.0,False
all,Lithography & patterning,EUV,EUV lithography,2020,321.0,321,90339.0211,0.35532818054854926,321.0,False
all,Lithography & patterning,EUV,EUV lithography,2021,362.0,362,84263.3604,0.4296054634915794,362.0,False
all,Lithography & patterning,EUV,EUV lithography,2022,351.0,351,79238.312,0.4429675382282247,351.0,False
all,Lithography & patterning,EUV,EUV lithography,2023,434.0,434,84011.304,0.5165971474505383,434.0,False
all,Lithography & patterning,EUV,EUV lithography,2024,468.0,468,90252.2958,0.518546365886462,468.0,False
all,Lithography & patterning,EUV,EUV lithography,2025,595.0,595,98690.00020002,0.6028979620975615,595.0,False
all,Lithography & patterning,EUV,EUV lithography,2026,430.0,430,65841.26795359072,0.6530858432178014,430.0,True
all,Lithography & patterning,HighNA,High-NA EUV,2014,6.0,6,54786.3744,0.010951628147892188,6.0,False
all,Lithography & patterning,HighNA,High-NA EUV,2015,10.0,10,55077.7396,0.018156155413465807,10.0,False
all,Lithography & patterning,HighNA,High-NA EUV,2016,8.0,8,57084.42108421685,0.014014331490193396,8.0,False
all,Lithography & patterning,HighNA,High-NA EUV,2017,11.0,11,57757.9259,0.01904500521546602,11.0,False
all,Lithography & patterning,HighNA,High-NA EUV,2018,24.0,24,73253.68136813681,0.03276285853729024,24.0,False
all,Lithography & patterning,HighNA,High-NA EUV,2019,47.0,47,88107.50975097509,0.05334392054983696,47.0,False
all,Lithography & patterning,HighNA,High-NA EUV,2020,37.0,37,90339.0211,0.04095683077973932,37.0,False
all,Lithography & patterning,HighNA,High-NA EUV,2021,53.0,53,84263.3604,0.06289803747252405,53.0,False
all,Lithography & patterning,HighNA,High-NA EUV,2022,58.0,58,79238.312,0.07319691514882345,58.0,False
all,Lithography & patterning,HighNA,High-NA EUV,2023,100.0,100,84011.304,0.11903160079505491,100.0,False
all,Lithography & patterning,HighNA,High-NA EUV,2024,102.0,102,90252.2958,0.11301651564192121,102.0,False
all,Lithography & patterning,HighNA,High-NA EUV,2025,155.0,155,98690.00020002,0.15705745231112947,155.0,False
all,Lithography & patterning,HighNA,High-NA EUV,2026,119.0,119,65841.26795359072,0.18073771009981016,119.0,True
all,Lithography & patterning,MultiPatterning,Multi-patterning (SADP/SAQP/LELE),2014,35.0,35,54786.3744,0.0638844975293711,35.0,False
all,Lithography & patterning,MultiPatterning,Multi-patterning (SADP/SAQP/LELE),2015,35.0,35,55077.7396,0.06354654394713032,35.0,False
all,Lithography & patterning,MultiPatterning,Multi-patterning (SADP/SAQP/LELE),2016,28.0,28,57084.42108421685,0.04905016021567689,28.0,False
all,Lithography & patterning,MultiPatterning,Multi-patterning (SADP/SAQP/LELE),2017,16.0,16,57757.9259,0.027701825767950574,16.0,False
all,Lithography & patterning,MultiPatterning,Multi-patterning (SADP/SAQP/LELE),2018,49.0,49,73253.68136813681,0.06689083618030091,49.0,False
all,Lithography & patterning,MultiPatterning,Multi-patterning (SADP/SAQP/LELE),2019,60.0,60,88107.50975097509,0.06809862197851527,60.0,False
all,Lithography & patterning,MultiPatterning,Multi-patterning (SADP/SAQP/LELE),2020,55.0,55,90339.0211,0.06088177548339629,55.0,False
all,Lithography & patterning,MultiPatterning,Multi-patterning (SADP/SAQP/LELE),2021,48.0,48,84263.3604,0.056964260352474615,48.0,False
all,Lithography & patterning,MultiPatterning,Multi-patterning (SADP/SAQP/LELE),2022,50.0,50,79238.312,0.06310078892139953,50.0,False
all,Lithography & patterning,MultiPatterning,Multi-patterning (SADP/SAQP/LELE),2023,53.0,53,84011.304,0.0630867484213791,53.0,False
all,Lithography & patterning,MultiPatterning,Multi-patterning (SADP/SAQP/LELE),2024,33.0,33,90252.2958,0.03656416682532745,33.0,False
all,Lithography & patterning,MultiPatterning,Multi-patterning (SADP/SAQP/LELE),2025,59.0,59,98690.00020002,0.05978315926681702,59.0,False
all,Lithography & patterning,MultiPatterning,Multi-patterning (SADP/SAQP/LELE),2026,39.0,39,65841.26795359072,0.05923336717556803,39.0,True
all,Lithography & patterning,NIL,Nanoimprint lithography,2014,195.0,195,54786.3744,0.3559279148064961,195.0,False
all,Lithography & patterning,NIL,Nanoimprint lithography,2015,201.0,201,55077.7396,0.3649387238106627,201.0,False
all,Lithography & patterning,NIL,Nanoimprint lithography,2016,197.0,197,57084.42108421685,0.34510291294601236,197.0,False
all,Lithography & patterning,NIL,Nanoimprint lithography,2017,213.0,213,57757.9259,0.36878055553584205,213.0,False
all,Lithography & patterning,NIL,Nanoimprint lithography,2018,220.0,220,73253.68136813681,0.30032620325849385,220.0,False
all,Lithography & patterning,NIL,Nanoimprint lithography,2019,228.0,228,88107.50975097509,0.258774763518358,228.0,False
all,Lithography & patterning,NIL,Nanoimprint lithography,2020,189.0,189,90339.0211,0.20921191938839817,189.0,False
all,Lithography & patterning,NIL,Nanoimprint lithography,2021,214.0,214,84263.3604,0.253965660738116,214.0,False
all,Lithography & patterning,NIL,Nanoimprint lithography,2022,158.58,151,79238.312,0.20012939016059622,158.6,False
all,Lithography & patterning,NIL,Nanoimprint lithography,2023,140.0,140,84011.304,0.16664424111307688,140.0,False
all,Lithography & patterning,NIL,Nanoimprint lithography,2024,169.0,169,90252.2958,0.18725285434788905,169.0,False
all,Lithography & patterning,NIL,Nanoimprint lithography,2025,176.0,176,98690.00020002,0.17833620391457283,176.0,False
all,Lithography & patterning,NIL,Nanoimprint lithography,2026,118.0,118,65841.26795359072,0.1792189058132571,118.0,True
all,Lithography & patterning,Resist,Photoresist (CAR / metal-oxide / stochastics),2014,386.1,266,54786.3744,0.7047428024421856,386.1,False
all,Lithography & patterning,Resist,Photoresist (CAR / metal-oxide / stochastics),2015,358.0,358,55077.7396,0.6499903638020759,358.0,False
all,Lithography & patterning,Resist,Photoresist (CAR / metal-oxide / stochastics),2016,318.11,318,57084.42108421685,0.5572699894560534,318.1,False
all,Lithography & patterning,Resist,Photoresist (CAR / metal-oxide / stochastics),2017,449.34,448,57757.9259,0.7779780748671162,449.3,False
all,Lithography & patterning,Resist,Photoresist (CAR / metal-oxide / stochastics),2018,508.0,508,73253.68136813681,0.6934805057059767,508.0,False
all,Lithography & patterning,Resist,Photoresist (CAR / metal-oxide / stochastics),2019,602.0,602,88107.50975097509,0.6832561738511032,602.0,False
all,Lithography & patterning,Resist,Photoresist (CAR / metal-oxide / stochastics),2020,576.0,576,90339.0211,0.6375982305170229,576.0,False
all,Lithography & patterning,Resist,Photoresist (CAR / metal-oxide / stochastics),2021,532.39,495,84263.3604,0.6318191961531823,532.4,False
all,Lithography & patterning,Resist,Photoresist (CAR / metal-oxide / stochastics),2022,486.0,486,79238.312,0.6133396683160035,486.0,False
all,Lithography & patterning,Resist,Photoresist (CAR / metal-oxide / stochastics),2023,532.0,532,84011.304,0.6332481162296921,532.0,False
all,Lithography & patterning,Resist,Photoresist (CAR / metal-oxide / stochastics),2024,592.0,592,90252.2958,0.6559389927452681,592.0,False
all,Lithography & patterning,Resist,Photoresist (CAR / metal-oxide / stochastics),2025,677.0,677,98690.00020002,0.6859864207395784,677.0,False
all,Lithography & patterning,Resist,Photoresist (CAR / metal-oxide / stochastics),2026,474.0,474,65841.26795359072,0.7199132318261345,474.0,True
all,Materials & power devices,CNT,Carbon nanotube transistor,2014,138.0,138,54786.3744,0.2518874474015203,138.0,False
all,Materials & power devices,CNT,Carbon nanotube transistor,2015,118.0,118,55077.7396,0.2142426338788965,118.0,False
all,Materials & power devices,CNT,Carbon nanotube transistor,2016,114.0,114,57084.42108421685,0.1997042237352559,114.0,False
all,Materials & power devices,CNT,Carbon nanotube transistor,2017,104.0,104,57757.9259,0.18006186749167874,104.0,False
all,Materials & power devices,CNT,Carbon nanotube transistor,2018,162.0,162,73253.68136813681,0.2211492951267091,162.0,False
all,Materials & power devices,CNT,Carbon nanotube transistor,2019,198.0,198,88107.50975097509,0.22472545252910037,198.0,False
all,Materials & power devices,CNT,Carbon nanotube transistor,2020,180.0,180,90339.0211,0.1992494470365697,180.0,False
all,Materials & power devices,CNT,Carbon nanotube transistor,2021,195.0,195,84263.3604,0.23141730768192814,195.0,False
all,Materials & power devices,CNT,Carbon nanotube transistor,2022,154.0,154,79238.312,0.19435042987791057,154.0,False
all,Materials & power devices,CNT,Carbon nanotube transistor,2023,204.0,204,84011.304,0.242824465621912,204.0,False
all,Materials & power devices,CNT,Carbon nanotube transistor,2024,195.0,195,90252.2958,0.21606098578602584,195.0,False
all,Materials & power devices,CNT,Carbon nanotube transistor,2025,239.0,239,98690.00020002,0.24217245872490287,239.0,False
all,Materials & power devices,CNT,Carbon nanotube transistor,2026,146.0,146,65841.26795359072,0.22174542583674187,146.0,True
all,Materials & power devices,Cryo,Cryogenic CMOS / quantum control,2014,1.0,1,54786.3744,0.0018252713579820314,1.0,False
all,Materials & power devices,Cryo,Cryogenic CMOS / quantum control,2015,0.0,0,55077.7396,0.0,0.0,False
all,Materials & power devices,Cryo,Cryogenic CMOS / quantum control,2016,5.0,5,57084.42108421685,0.008758957181370873,5.0,False
all,Materials & power devices,Cryo,Cryogenic CMOS / quantum control,2017,10.0,10,57757.9259,0.01731364110496911,10.0,False
all,Materials & power devices,Cryo,Cryogenic CMOS / quantum control,2018,14.0,14,73253.68136813681,0.019111667480085973,14.0,False
all,Materials & power devices,Cryo,Cryogenic CMOS / quantum control,2019,32.0,32,88107.50975097509,0.03631926505520814,32.0,False
all,Materials & power devices,Cryo,Cryogenic CMOS / quantum control,2020,41.0,41,90339.0211,0.04538459626944087,41.0,False
all,Materials & power devices,Cryo,Cryogenic CMOS / quantum control,2021,49.0,49,84263.3604,0.0581510157764845,49.0,False
all,Materials & power devices,Cryo,Cryogenic CMOS / quantum control,2022,67.0,67,79238.312,0.08455505715467537,67.0,False
all,Materials & power devices,Cryo,Cryogenic CMOS / quantum control,2023,67.0,67,84011.304,0.07975117253268679,67.0,False
all,Materials & power devices,Cryo,Cryogenic CMOS / quantum control,2024,89.0,89,90252.2958,0.09861244992285281,89.0,False
all,Materials & power devices,Cryo,Cryogenic CMOS / quantum control,2025,130.0,130,98690.00020002,0.13172560516417312,130.0,False
all,Materials & power devices,Cryo,Cryogenic CMOS / quantum control,2026,87.0,87,65841.26795359072,0.1321359729301133,87.0,True
all,Materials & power devices,Ga2O3,Ga2O3 / ultra-wide bandgap,2014,188.0,188,54786.3744,0.3431510153006219,188.0,False
all,Materials & power devices,Ga2O3,Ga2O3 / ultra-wide bandgap,2015,207.0,207,55077.7396,0.3758324170587422,207.0,False
all,Materials & power devices,Ga2O3,Ga2O3 / ultra-wide bandgap,2016,326.0,326,57084.42108421685,0.5710840082253809,326.0,False
all,Materials & power devices,Ga2O3,Ga2O3 / ultra-wide bandgap,2017,362.0,362,57757.9259,0.6267538079998818,362.0,False
all,Materials & power devices,Ga2O3,Ga2O3 / ultra-wide bandgap,2018,487.0,487,73253.68136813681,0.6648130044858478,487.0,False
all,Materials & power devices,Ga2O3,Ga2O3 / ultra-wide bandgap,2019,872.0,872,88107.50975097509,0.9896999727544218,872.0,False
all,Materials & power devices,Ga2O3,Ga2O3 / ultra-wide bandgap,2020,905.0,905,90339.0211,1.0017819420449754,905.0,False
all,Materials & power devices,Ga2O3,Ga2O3 / ultra-wide bandgap,2021,952.0,952,84263.3604,1.1297911636574132,952.0,False
all,Materials & power devices,Ga2O3,Ga2O3 / ultra-wide bandgap,2022,982.0,982,79238.312,1.2392994944162867,982.0,False
all,Materials & power devices,Ga2O3,Ga2O3 / ultra-wide bandgap,2023,1153.0,1153,84011.304,1.372434357166983,1153.0,False
all,Materials & power devices,Ga2O3,Ga2O3 / ultra-wide bandgap,2024,1377.0,1377,90252.2958,1.5257229611659362,1377.0,False
all,Materials & power devices,Ga2O3,Ga2O3 / ultra-wide bandgap,2025,1530.0,1530,98690.00020002,1.5503090453937296,1530.0,False
all,Materials & power devices,Ga2O3,Ga2O3 / ultra-wide bandgap,2026,1099.0,1099,65841.26795359072,1.669165910921776,1099.0,True
all,Materials & power devices,GaN,GaN power / RF,2014,1867.98,886,54786.3744,3.4095764755211544,1868.0,False
all,Materials & power devices,GaN,GaN power / RF,2015,1897.16,906,55077.7396,3.444520442883303,1897.2,False
all,Materials & power devices,GaN,GaN power / RF,2016,1957.17,886,57084.42108421685,3.4285606524984953,1957.2,False
all,Materials & power devices,GaN,GaN power / RF,2017,2042.24,873,57757.9259,3.5358575782930037,2042.2,False
all,Materials & power devices,GaN,GaN power / RF,2018,2340.56,932,73253.68136813681,3.1951468144026496,2340.6,False
all,Materials & power devices,GaN,GaN power / RF,2019,2968.28,988,88107.50975097509,3.368931140742472,2968.3,False
all,Materials & power devices,GaN,GaN power / RF,2020,2841.06,887,90339.0211,3.1448879624842205,2841.1,False
all,Materials & power devices,GaN,GaN power / RF,2021,2951.14,872,84263.3604,3.5022798196720273,2951.1,False
all,Materials & power devices,GaN,GaN power / RF,2022,2754.02,807,79238.312,3.4756192181377648,2754.0,False
all,Materials & power devices,GaN,GaN power / RF,2023,3118.65,847,84011.304,3.7121837794589476,3118.7,False
all,Materials & power devices,GaN,GaN power / RF,2024,3547.83,827,90252.2958,3.931013575390927,3547.8,False
all,Materials & power devices,GaN,GaN power / RF,2025,3843.83,760,98690.00020002,3.8948491831757535,3843.8,False
all,Materials & power devices,GaN,GaN power / RF,2026,2393.44,802,65841.26795359072,3.6351598438541286,2393.4,True
all,Materials & power devices,OxideSemi,Oxide semiconductor (IGZO),2014,294.0,294,54786.3744,0.5366297792467172,294.0,False
all,Materials & power devices,OxideSemi,Oxide semiconductor (IGZO),2015,288.0,288,55077.7396,0.5228972759078152,288.0,False
all,Materials & power devices,OxideSemi,Oxide semiconductor (IGZO),2016,267.0,267,57084.42108421685,0.4677283134852046,267.0,False
all,Materials & power devices,OxideSemi,Oxide semiconductor (IGZO),2017,264.0,264,57757.9259,0.4570801251711845,264.0,False
all,Materials & power devices,OxideSemi,Oxide semiconductor (IGZO),2018,400.0,400,73253.68136813681,0.5460476422881707,400.0,False
all,Materials & power devices,OxideSemi,Oxide semiconductor (IGZO),2019,471.0,471,88107.50975097509,0.5345741825313448,471.0,False
all,Materials & power devices,OxideSemi,Oxide semiconductor (IGZO),2020,436.0,436,90339.0211,0.48262643837746877,436.0,False
all,Materials & power devices,OxideSemi,Oxide semiconductor (IGZO),2021,384.0,384,84263.3604,0.4557140828197969,384.0,False
all,Materials & power devices,OxideSemi,Oxide semiconductor (IGZO),2022,423.0,423,79238.312,0.53383267427504,423.0,False
all,Materials & power devices,OxideSemi,Oxide semiconductor (IGZO),2023,440.0,440,84011.304,0.5237390434982416,440.0,False
all,Materials & power devices,OxideSemi,Oxide semiconductor (IGZO),2024,575.0,575,90252.2958,0.637102906804948,575.0,False
all,Materials & power devices,OxideSemi,Oxide semiconductor (IGZO),2025,649.0,649,98690.00020002,0.6576147519349873,649.0,False
all,Materials & power devices,OxideSemi,Oxide semiconductor (IGZO),2026,454.0,454,65841.26795359072,0.689537146095074,454.0,True
all,Materials & power devices,SiC,SiC power,2014,970.0,970,54786.3744,1.7705132172425704,970.0,False
all,Materials & power devices,SiC,SiC power,2015,950.0,950,55077.7396,1.7248347642792516,950.0,False
all,Materials & power devices,SiC,SiC power,2016,1364.0,1364,57084.42108421685,2.389443519077974,1364.0,False
all,Materials & power devices,SiC,SiC power,2017,1049.0,1049,57757.9259,1.8162009519112596,1049.0,False
all,Materials & power devices,SiC,SiC power,2018,1395.0,1395,73253.68136813681,1.9043411524799951,1395.0,False
all,Materials & power devices,SiC,SiC power,2019,1740.0,1740,88107.50975097509,1.9748600373769425,1740.0,False
all,Materials & power devices,SiC,SiC power,2020,1476.0,1476,90339.0211,1.6338454656998713,1476.0,False
all,Materials & power devices,SiC,SiC power,2021,1379.61,1342,84263.3604,1.6372584905317469,1379.6,False
all,Materials & power devices,SiC,SiC power,2022,1389.0,1389,79238.312,1.752939916236479,1389.0,False
all,Materials & power devices,SiC,SiC power,2023,1635.0,1635,84011.304,1.9461666729991478,1635.0,False
all,Materials & power devices,SiC,SiC power,2024,1866.6,904,90252.2958,2.068203884713752,1866.6,False
all,Materials & power devices,SiC,SiC power,2025,2104.0,2104,98690.00020002,2.1319282558878476,2104.0,False
all,Materials & power devices,SiC,SiC power,2026,1435.0,1435,65841.26795359072,2.1794841512035927,1435.0,True
all,Materials & power devices,SiQubit,Silicon spin qubit,2014,1.0,1,54786.3744,0.0018252713579820314,1.0,False
all,Materials & power devices,SiQubit,Silicon spin qubit,2015,8.0,8,55077.7396,0.014524924330772645,8.0,False
all,Materials & power devices,SiQubit,Silicon spin qubit,2016,8.0,8,57084.42108421685,0.014014331490193396,8.0,False
all,Materials & power devices,SiQubit,Silicon spin qubit,2017,6.0,6,57757.9259,0.010388184662981467,6.0,False
all,Materials & power devices,SiQubit,Silicon spin qubit,2018,29.0,29,73253.68136813681,0.03958845406589237,29.0,False
all,Materials & power devices,SiQubit,Silicon spin qubit,2019,21.0,21,88107.50975097509,0.02383451769248034,21.0,False
all,Materials & power devices,SiQubit,Silicon spin qubit,2020,27.0,27,90339.0211,0.029887417055485452,27.0,False
all,Materials & power devices,SiQubit,Silicon spin qubit,2021,24.0,24,84263.3604,0.028482130176237307,24.0,False
all,Materials & power devices,SiQubit,Silicon spin qubit,2022,41.0,41,79238.312,0.05174264691554762,41.0,False
all,Materials & power devices,SiQubit,Silicon spin qubit,2023,31.0,31,84011.304,0.03689979624646702,31.0,False
all,Materials & power devices,SiQubit,Silicon spin qubit,2024,28.0,28,90252.2958,0.031024141548762683,28.0,False
all,Materials & power devices,SiQubit,Silicon spin qubit,2025,41.0,41,98690.00020002,0.041544229321008444,41.0,False
all,Materials & power devices,SiQubit,Silicon spin qubit,2026,44.0,44,65841.26795359072,0.06682738860833316,44.0,True
all,Memory,3DNAND,3D NAND,2014,246.0,246,54786.3744,0.4490167540635797,246.0,False
all,Memory,3DNAND,3D NAND,2015,230.0,230,55077.7396,0.4175915745097135,230.0,False
all,Memory,3DNAND,3D NAND,2016,229.0,229,57084.42108421685,0.401160238906786,229.0,False
all,Memory,3DNAND,3D NAND,2017,199.0,199,57757.9259,0.3445414579888853,199.0,False
all,Memory,3DNAND,3D NAND,2018,228.0,228,73253.68136813681,0.3112471561042573,228.0,False
all,Memory,3DNAND,3D NAND,2019,284.0,284,88107.50975097509,0.32233347736497225,284.0,False
all,Memory,3DNAND,3D NAND,2020,260.0,260,90339.0211,0.28780475683060064,260.0,False
all,Memory,3DNAND,3D NAND,2021,252.0,252,84263.3604,0.29906236685049176,252.0,False
all,Memory,3DNAND,3D NAND,2022,263.0,263,79238.312,0.3319101497265615,263.0,False
all,Memory,3DNAND,3D NAND,2023,288.0,288,84011.304,0.34281101028975813,288.0,False
all,Memory,3DNAND,3D NAND,2024,314.0,314,90252.2958,0.3479135873682672,314.0,False
all,Memory,3DNAND,3D NAND,2025,372.0,372,98690.00020002,0.37693788554671076,372.0,False
all,Memory,3DNAND,3D NAND,2026,266.0,266,65841.26795359072,0.40400194022310504,266.0,True
all,Memory,CIM,Compute-in-memory / PIM,2014,30.0,30,54786.3744,0.05475814073946094,30.0,False
all,Memory,CIM,Compute-in-memory / PIM,2015,60.0,60,55077.7396,0.10893693248079483,60.0,False
all,Memory,CIM,Compute-in-memory / PIM,2016,80.34,79,57084.42108421685,0.14074417936457603,80.3,False
all,Memory,CIM,Compute-in-memory / PIM,2017,131.08,125,57757.9259,0.22695297881763637,131.1,False
all,Memory,CIM,Compute-in-memory / PIM,2018,269.86,265,73253.68136813681,0.36838876667120624,269.9,False
all,Memory,CIM,Compute-in-memory / PIM,2019,430.03,388,88107.50975097509,0.4880779567471263,430.0,False
all,Memory,CIM,Compute-in-memory / PIM,2020,526.64,451,90339.0211,0.5829627934282718,526.6,False
all,Memory,CIM,Compute-in-memory / PIM,2021,752.91,653,84263.3604,0.8935188395358701,752.9,False
all,Memory,CIM,Compute-in-memory / PIM,2022,873.48,781,79238.312,1.1023455253031809,873.5,False
all,Memory,CIM,Compute-in-memory / PIM,2023,1066.93,882,84011.304,1.2699790970986362,1066.9,False
all,Memory,CIM,Compute-in-memory / PIM,2024,1345.63,1022,90252.2958,1.4909685359309586,1345.6,False
all,Memory,CIM,Compute-in-memory / PIM,2025,1546.1,973,98690.00020002,1.5666197151347103,1546.1,False
all,Memory,CIM,Compute-in-memory / PIM,2026,1070.55,961,65841.26795359072,1.625962004186506,1070.6,True
all,Memory,DRAM,DRAM (incl. 3D / vertical channel),2014,305.0,305,54786.3744,0.5567077641845196,305.0,False
all,Memory,DRAM,DRAM (incl. 3D / vertical channel),2015,297.0,297,55077.7396,0.5392378157799345,297.0,False
all,Memory,DRAM,DRAM (incl. 3D / vertical channel),2016,381.38,381,57084.42108421685,0.6681013072978351,381.4,False
all,Memory,DRAM,DRAM (incl. 3D / vertical channel),2017,348.0,348,57757.9259,0.602514710452925,348.0,False
all,Memory,DRAM,DRAM (incl. 3D / vertical channel),2018,524.0,524,73253.68136813681,0.7153224113975035,524.0,False
all,Memory,DRAM,DRAM (incl. 3D / vertical channel),2019,691.0,691,88107.50975097509,0.7842691297859008,691.0,False
all,Memory,DRAM,DRAM (incl. 3D / vertical channel),2020,637.0,637,90339.0211,0.7051216542349715,637.0,False
all,Memory,DRAM,DRAM (incl. 3D / vertical channel),2021,649.0,649,84263.3604,0.7702042701824172,649.0,False
all,Memory,DRAM,DRAM (incl. 3D / vertical channel),2022,685.0,685,79238.312,0.8644808082231736,685.0,False
all,Memory,DRAM,DRAM (incl. 3D / vertical channel),2023,688.0,688,84011.304,0.8189374134699777,688.0,False
all,Memory,DRAM,DRAM (incl. 3D / vertical channel),2024,819.0,819,90252.2958,0.9074561403013085,819.0,False
all,Memory,DRAM,DRAM (incl. 3D / vertical channel),2025,1062.0,1062,98690.00020002,1.0760968668027064,1062.0,False
all,Memory,DRAM,DRAM (incl. 3D / vertical channel),2026,805.0,805,65841.26795359072,1.2226374506751863,805.0,True
all,Memory,FeRAM,FeRAM / ferroelectric memory,2014,53.0,53,54786.3744,0.09673938197304766,53.0,False
all,Memory,FeRAM,FeRAM / ferroelectric memory,2015,59.0,59,55077.7396,0.10712131693944825,59.0,False
all,Memory,FeRAM,FeRAM / ferroelectric memory,2016,77.0,77,57084.42108421685,0.13488794059311143,77.0,False
all,Memory,FeRAM,FeRAM / ferroelectric memory,2017,60.0,60,57757.9259,0.10388184662981466,60.0,False
all,Memory,FeRAM,FeRAM / ferroelectric memory,2018,76.0,76,73253.68136813681,0.10374905203475243,76.0,False
all,Memory,FeRAM,FeRAM / ferroelectric memory,2019,115.0,115,88107.50975097509,0.13052235879215424,115.0,False
all,Memory,FeRAM,FeRAM / ferroelectric memory,2020,132.0,132,90339.0211,0.14611626116015108,132.0,False
all,Memory,FeRAM,FeRAM / ferroelectric memory,2021,150.0,150,84263.3604,0.17801331360148318,150.0,False
all,Memory,FeRAM,FeRAM / ferroelectric memory,2022,176.0,176,79238.312,0.22211477700332635,176.0,False
all,Memory,FeRAM,FeRAM / ferroelectric memory,2023,217.0,217,84011.304,0.25829857372526915,217.0,False
all,Memory,FeRAM,FeRAM / ferroelectric memory,2024,209.0,209,90252.2958,0.23157305656040716,209.0,False
all,Memory,FeRAM,FeRAM / ferroelectric memory,2025,242.0,242,98690.00020002,0.24521228038253762,242.0,False
all,Memory,FeRAM,FeRAM / ferroelectric memory,2026,156.0,156,65841.26795359072,0.2369334687022721,156.0,True
all,Memory,MRAM,MRAM / spintronic memory,2014,136.0,136,54786.3744,0.24823690468555626,136.0,False
all,Memory,MRAM,MRAM / spintronic memory,2015,157.0,157,55077.7396,0.28505163999141314,157.0,False
all,Memory,MRAM,MRAM / spintronic memory,2016,172.0,172,57084.42108421685,0.301308127039158,172.0,False
all,Memory,MRAM,MRAM / spintronic memory,2017,184.0,184,57757.9259,0.3185709963314316,184.0,False
all,Memory,MRAM,MRAM / spintronic memory,2018,236.0,236,73253.68136813681,0.3221681089500207,236.0,False
all,Memory,MRAM,MRAM / spintronic memory,2019,219.0,219,88107.50975097509,0.2485599702215807,219.0,False
all,Memory,MRAM,MRAM / spintronic memory,2020,279.0,279,90339.0211,0.308836642906683,279.0,False
all,Memory,MRAM,MRAM / spintronic memory,2021,298.92,253,84263.3604,0.3547497880338977,298.9,False
all,Memory,MRAM,MRAM / spintronic memory,2022,274.0,274,79238.312,0.34579232328926945,274.0,False
all,Memory,MRAM,MRAM / spintronic memory,2023,314.0,314,84011.304,0.3737592264964724,314.0,False
all,Memory,MRAM,MRAM / spintronic memory,2024,296.0,296,90252.2958,0.32796949637263406,296.0,False
all,Memory,MRAM,MRAM / spintronic memory,2025,352.0,352,98690.00020002,0.35667240782914567,352.0,False
all,Memory,MRAM,MRAM / spintronic memory,2026,245.0,245,65841.26795359072,0.37210705020549145,245.0,True
all,Memory,PCM,Phase-change memory,2014,209.0,209,54786.3744,0.3814817138182446,209.0,False
all,Memory,PCM,Phase-change memory,2015,201.0,201,55077.7396,0.3649387238106627,201.0,False
all,Memory,PCM,Phase-change memory,2016,184.0,184,57084.42108421685,0.3223296242744481,184.0,False
all,Memory,PCM,Phase-change memory,2017,158.0,158,57757.9259,0.2735555294585119,158.0,False
all,Memory,PCM,Phase-change memory,2018,206.0,206,73253.68136813681,0.2812145357784079,206.0,False
all,Memory,PCM,Phase-change memory,2019,306.0,306,88107.50975097509,0.3473029720904278,306.0,False
all,Memory,PCM,Phase-change memory,2020,304.0,304,90339.0211,0.3365101772173177,304.0,False
all,Memory,PCM,Phase-change memory,2021,277.0,277,84263.3604,0.3287312524507389,277.0,False
all,Memory,PCM,Phase-change memory,2022,232.0,232,79238.312,0.2927876605952938,232.0,False
all,Memory,PCM,Phase-change memory,2023,232.0,232,84011.304,0.2761533138445274,232.0,False
all,Memory,PCM,Phase-change memory,2024,208.0,208,90252.2958,0.23046505150509422,208.0,False
all,Memory,PCM,Phase-change memory,2025,192.0,192,98690.00020002,0.1945485860886249,192.0,False
all,Memory,PCM,Phase-change memory,2026,139.0,139,65841.26795359072,0.21111379583087067,139.0,True
all,Memory,RRAM,RRAM / memristor,2014,775.0,775,54786.3744,1.4145853024360744,775.0,False
all,Memory,RRAM,RRAM / memristor,2015,820.0,820,55077.7396,1.488804743904196,820.0,False
all,Memory,RRAM,RRAM / memristor,2016,943.0,943,57084.42108421685,1.6519393244065466,943.0,False
all,Memory,RRAM,RRAM / memristor,2017,1001.0,1001,57757.9259,1.7330954746074079,1001.0,False
all,Memory,RRAM,RRAM / memristor,2018,1458.0,1458,73253.68136813681,1.990343656140382,1458.0,False
all,Memory,RRAM,RRAM / memristor,2019,1853.0,1853,88107.50975097509,2.1031124421031464,1853.0,False
all,Memory,RRAM,RRAM / memristor,2020,1896.0,1896,90339.0211,2.098760842118534,1896.0,False
all,Memory,RRAM,RRAM / memristor,2021,1959.0,1959,84263.3604,2.3248538756353705,1959.0,False
all,Memory,RRAM,RRAM / memristor,2022,2108.57,2107,79238.312,2.6610457178004068,2108.6,False
all,Memory,RRAM,RRAM / memristor,2023,2339.0,2339,84011.304,2.7841491425963345,2339.0,False
all,Memory,RRAM,RRAM / memristor,2024,2623.1,2484,90252.2958,2.9064124926117136,2623.1,False
all,Memory,RRAM,RRAM / memristor,2025,2861.47,2445,98690.00020002,2.8994477598546595,2861.5,False
all,Memory,RRAM,RRAM / memristor,2026,1938.0,1938,65841.26795359072,2.943442707339765,1938.0,True
all,Transistor architecture,2D-channel,2D-material channel (MoS2 / TMD),2014,170.19,155,54786.3744,0.3106429324149627,170.2,False
all,Transistor architecture,2D-channel,2D-material channel (MoS2 / TMD),2015,230.08,160,55077.7396,0.41773682375302,230.1,False
all,Transistor architecture,2D-channel,2D-material channel (MoS2 / TMD),2016,252.65,140,57084.42108421685,0.44259594567945704,252.7,False
all,Transistor architecture,2D-channel,2D-material channel (MoS2 / TMD),2017,272.84,124,57757.9259,0.4723876923934579,272.8,False
all,Transistor architecture,2D-channel,2D-material channel (MoS2 / TMD),2018,484.17,193,73253.68136813681,0.6609533577342751,484.2,False
all,Transistor architecture,2D-channel,2D-material channel (MoS2 / TMD),2019,632.89,234,88107.50975097509,0.7183178843537706,632.9,False
all,Transistor architecture,2D-channel,2D-material channel (MoS2 / TMD),2020,700.41,237,90339.0211,0.775317234425954,700.4,False
all,Transistor architecture,2D-channel,2D-material channel (MoS2 / TMD),2021,613.55,219,84263.3604,0.7281344037626925,613.6,False
all,Transistor architecture,2D-channel,2D-material channel (MoS2 / TMD),2022,611.21,232,79238.312,0.7713622228620921,611.2,False
all,Transistor architecture,2D-channel,2D-material channel (MoS2 / TMD),2023,615.49,236,84011.304,0.7326252191014658,615.5,False
all,Transistor architecture,2D-channel,2D-material channel (MoS2 / TMD),2024,753.67,251,90252.2958,0.8350694313676721,753.7,False
all,Transistor architecture,2D-channel,2D-material channel (MoS2 / TMD),2025,844.33,284,98690.00020002,0.8555395666113552,844.3,False
all,Transistor architecture,2D-channel,2D-material channel (MoS2 / TMD),2026,611.0,300,65841.26795359072,0.9279949898898912,611.0,True
all,Transistor architecture,BSPDN,Backside power delivery,2014,0.0,0,54786.3744,0.0,0.0,False
all,Transistor architecture,BSPDN,Backside power delivery,2015,0.0,0,55077.7396,0.0,0.0,False
all,Transistor architecture,BSPDN,Backside power delivery,2016,1.0,1,57084.42108421685,0.0017517914362741745,1.0,False
all,Transistor architecture,BSPDN,Backside power delivery,2017,2.0,2,57757.9259,0.0034627282209938218,2.0,False
all,Transistor architecture,BSPDN,Backside power delivery,2018,3.0,3,73253.68136813681,0.00409535731716128,3.0,False
all,Transistor architecture,BSPDN,Backside power delivery,2019,11.0,11,88107.50975097509,0.012484747362727798,11.0,False
all,Transistor architecture,BSPDN,Backside power delivery,2020,18.0,18,90339.0211,0.019924944703656966,18.0,False
all,Transistor architecture,BSPDN,Backside power delivery,2021,11.0,11,84263.3604,0.013054309664108766,11.0,False
all,Transistor architecture,BSPDN,Backside power delivery,2022,23.0,23,79238.312,0.029026362903843785,23.0,False
all,Transistor architecture,BSPDN,Backside power delivery,2023,34.0,34,84011.304,0.040470744270318666,34.0,False
all,Transistor architecture,BSPDN,Backside power delivery,2024,52.0,52,90252.2958,0.057616262876273555,52.0,False
all,Transistor architecture,BSPDN,Backside power delivery,2025,75.0,75,98690.00020002,0.0759955414408691,75.0,False
all,Transistor architecture,BSPDN,Backside power delivery,2026,57.0,57,65841.26795359072,0.08657184433352251,57.0,True
all,Transistor architecture,CFET,CFET (complementary FET),2014,11.0,11,54786.3744,0.020077984937802346,11.0,False
all,Transistor architecture,CFET,CFET (complementary FET),2015,14.0,14,55077.7396,0.025418617578852127,14.0,False
all,Transistor architecture,CFET,CFET (complementary FET),2016,14.0,14,57084.42108421685,0.024525080107838444,14.0,False
all,Transistor architecture,CFET,CFET (complementary FET),2017,15.0,15,57757.9259,0.025970461657453665,15.0,False
all,Transistor architecture,CFET,CFET (complementary FET),2018,18.0,18,73253.68136813681,0.02457214390296768,18.0,False
all,Transistor architecture,CFET,CFET (complementary FET),2019,32.0,32,88107.50975097509,0.03631926505520814,32.0,False
all,Transistor architecture,CFET,CFET (complementary FET),2020,31.0,31,90339.0211,0.034315182545187,31.0,False
all,Transistor architecture,CFET,CFET (complementary FET),2021,40.0,40,84263.3604,0.047470216960395516,40.0,False
all,Transistor architecture,CFET,CFET (complementary FET),2022,65.0,65,79238.312,0.0820310255978194,65.0,False
all,Transistor architecture,CFET,CFET (complementary FET),2023,80.0,80,84011.304,0.09522528063604392,80.0,False
all,Transistor architecture,CFET,CFET (complementary FET),2024,119.0,119,90252.2958,0.1318526015822414,119.0,False
all,Transistor architecture,CFET,CFET (complementary FET),2025,150.0,150,98690.00020002,0.1519910828817382,150.0,False
all,Transistor architecture,CFET,CFET (complementary FET),2026,109.0,109,65841.26795359072,0.16554966723427988,109.0,True
all,Transistor architecture,FeFET,Ferroelectric / negative-capacitance FET,2014,39.0,39,54786.3744,0.07118558296129922,39.0,False
all,Transistor architecture,FeFET,Ferroelectric / negative-capacitance FET,2015,54.0,54,55077.7396,0.09804323923271535,54.0,False
all,Transistor architecture,FeFET,Ferroelectric / negative-capacitance FET,2016,94.0,94,57084.42108421685,0.1646683950097724,94.0,False
all,Transistor architecture,FeFET,Ferroelectric / negative-capacitance FET,2017,118.0,118,57757.9259,0.20430096503863548,118.0,False
all,Transistor architecture,FeFET,Ferroelectric / negative-capacitance FET,2018,274.0,274,73253.68136813681,0.3740426349673969,274.0,False
all,Transistor architecture,FeFET,Ferroelectric / negative-capacitance FET,2019,382.0,382,88107.50975097509,0.43356122659654717,382.0,False
all,Transistor architecture,FeFET,Ferroelectric / negative-capacitance FET,2020,457.0,457,90339.0211,0.5058722071984019,457.0,False
all,Transistor architecture,FeFET,Ferroelectric / negative-capacitance FET,2021,550.0,550,84263.3604,0.6527154832054384,550.0,False
all,Transistor architecture,FeFET,Ferroelectric / negative-capacitance FET,2022,564.0,564,79238.312,0.7117768990333867,564.0,False
all,Transistor architecture,FeFET,Ferroelectric / negative-capacitance FET,2023,572.0,572,84011.304,0.680860756547714,572.0,False
all,Transistor architecture,FeFET,Ferroelectric / negative-capacitance FET,2024,709.0,709,90252.2958,0.7855755842168837,709.0,False
all,Transistor architecture,FeFET,Ferroelectric / negative-capacitance FET,2025,752.0,752,98690.00020002,0.7619819621804476,752.0,False
all,Transistor architecture,FeFET,Ferroelectric / negative-capacitance FET,2026,486.0,486,65841.26795359072,0.7381388832647708,486.0,True
all,Transistor architecture,FinFET,FinFET,2014,551.0,551,54786.3744,1.0057245182480994,551.0,False
all,Transistor architecture,FinFET,FinFET,2015,611.0,611,55077.7396,1.1093410957627607,611.0,False
all,Transistor architecture,FinFET,FinFET,2016,686.0,686,57084.42108421685,1.2017289252840837,686.0,False
all,Transistor architecture,FinFET,FinFET,2017,651.0,651,57757.9259,1.1271180359334891,651.0,False
all,Transistor architecture,FinFET,FinFET,2018,801.0,801,73253.68136813681,1.0934604036820617,801.0,False
all,Transistor architecture,FinFET,FinFET,2019,772.0,772,88107.50975097509,0.8762022694568964,772.0,False
all,Transistor architecture,FinFET,FinFET,2020,788.0,788,90339.0211,0.872269801471205,788.0,False
all,Transistor architecture,FinFET,FinFET,2021,728.0,728,84263.3604,0.8639579486791984,728.0,False
all,Transistor architecture,FinFET,FinFET,2022,702.0,702,79238.312,0.8859350764564494,702.0,False
all,Transistor architecture,FinFET,FinFET,2023,663.0,663,84011.304,0.789179513271214,663.0,False
all,Transistor architecture,FinFET,FinFET,2024,761.0,761,90252.2958,0.8431918470931572,761.0,False
all,Transistor architecture,FinFET,FinFET,2025,789.0,789,98690.00020002,0.7994730959579429,789.0,False
all,Transistor architecture,FinFET,FinFET,2026,524.0,524,65841.26795359072,0.7958534461537858,524.0,True
all,Transistor architecture,GAA,GAA / nanosheet,2014,120.39,40,54786.3744,0.21973833454959663,120.4,False
all,Transistor architecture,GAA,GAA / nanosheet,2015,119.55,37,55077.7396,0.21705139112135954,119.5,False
all,Transistor architecture,GAA,GAA / nanosheet,2016,117.08,34,57084.42108421685,0.20509686746305958,117.1,False
all,Transistor architecture,GAA,GAA / nanosheet,2017,92.29,24,57757.9259,0.15978413102953887,92.3,False
all,Transistor architecture,GAA,GAA / nanosheet,2018,197.44,48,73253.68136813681,0.26952911623344117,197.4,False
all,Transistor architecture,GAA,GAA / nanosheet,2019,211.12,48,88107.50975097509,0.23961635120173594,211.1,False
all,Transistor architecture,GAA,GAA / nanosheet,2020,322.55,71,90339.0211,0.35704726049992624,322.6,False
all,Transistor architecture,GAA,GAA / nanosheet,2021,353.75,83,84263.3604,0.41980998422180177,353.7,False
all,Transistor architecture,GAA,GAA / nanosheet,2022,405.43,108,79238.312,0.5116615810796178,405.4,False
all,Transistor architecture,GAA,GAA / nanosheet,2023,405.33,113,84011.304,0.4824719778186031,405.3,False
all,Transistor architecture,GAA,GAA / nanosheet,2024,545.68,152,90252.2958,0.6046161985831707,545.7,False
all,Transistor architecture,GAA,GAA / nanosheet,2025,511.91,149,98690.00020002,0.5187094257734445,511.9,False
all,Transistor architecture,GAA,GAA / nanosheet,2026,390.86,174,65841.26795359072,0.5936428810506879,390.9,True
all,Transistor architecture,Node,"Advanced node (7/5/3/2 nm, A16/A14)",2014,19.34,5,54786.3744,0.035309179923685256,19.3,False
all,Transistor architecture,Node,"Advanced node (7/5/3/2 nm, A16/A14)",2015,27.34,7,55077.7396,0.04964679656776134,27.3,False
all,Transistor architecture,Node,"Advanced node (7/5/3/2 nm, A16/A14)",2016,46.06,12,57084.42108421685,0.0806805063890434,46.1,False
all,Transistor architecture,Node,"Advanced node (7/5/3/2 nm, A16/A14)",2017,83.31,21,57757.9259,0.14423474995316615,83.3,False
all,Transistor architecture,Node,"Advanced node (7/5/3/2 nm, A16/A14)",2018,102.76,25,73253.68136813681,0.1402773641053214,102.8,False
all,Transistor architecture,Node,"Advanced node (7/5/3/2 nm, A16/A14)",2019,271.87,64,88107.50975097509,0.308568475909048,271.9,False
all,Transistor architecture,Node,"Advanced node (7/5/3/2 nm, A16/A14)",2020,316.75,70,90339.0211,0.35062367971574127,316.7,False
all,Transistor architecture,Node,"Advanced node (7/5/3/2 nm, A16/A14)",2021,237.14,59,84263.3604,0.2814284238012323,237.1,False
all,Transistor architecture,Node,"Advanced node (7/5/3/2 nm, A16/A14)",2022,220.27,78,79238.312,0.27798673954589076,220.3,False
all,Transistor architecture,Node,"Advanced node (7/5/3/2 nm, A16/A14)",2023,279.67,100,84011.304,0.3328917102235045,279.7,False
all,Transistor architecture,Node,"Advanced node (7/5/3/2 nm, A16/A14)",2024,268.63,87,90252.2958,0.2976400739935531,268.6,False
all,Transistor architecture,Node,"Advanced node (7/5/3/2 nm, A16/A14)",2025,332.08,112,98690.00020002,0.3364879920224504,332.1,False
all,Transistor architecture,Node,"Advanced node (7/5/3/2 nm, A16/A14)",2026,247.78,130,65841.26795359072,0.37632932612210973,247.8,True
all,Transistor architecture,TFET,Tunnel FET,2014,189.0,189,54786.3744,0.3449762866586039,189.0,False
all,Transistor architecture,TFET,Tunnel FET,2015,191.0,191,55077.7396,0.3467825683971969,191.0,False
all,Transistor architecture,TFET,Tunnel FET,2016,275.0,275,57084.42108421685,0.481742644975398,275.0,False
all,Transistor architecture,TFET,Tunnel FET,2017,248.0,248,57757.9259,0.4293782994032339,248.0,False
all,Transistor architecture,TFET,Tunnel FET,2018,288.0,288,73253.68136813681,0.3931543024474829,288.0,False
all,Transistor architecture,TFET,Tunnel FET,2019,340.0,340,88107.50975097509,0.38589219121158647,340.0,False
all,Transistor architecture,TFET,Tunnel FET,2020,390.0,390,90339.0211,0.431707135245901,390.0,False
all,Transistor architecture,TFET,Tunnel FET,2021,298.0,298,84263.3604,0.35365311635494656,298.0,False
all,Transistor architecture,TFET,Tunnel FET,2022,257.0,257,79238.312,0.3243380550559936,257.0,False
all,Transistor architecture,TFET,Tunnel FET,2023,224.0,224,84011.304,0.266630785780923,224.0,False
all,Transistor architecture,TFET,Tunnel FET,2024,301.0,301,90252.2958,0.33350952164919884,301.0,False
all,Transistor architecture,TFET,Tunnel FET,2025,295.0,295,98690.00020002,0.2989157963340851,295.0,False
all,Transistor architecture,TFET,Tunnel FET,2026,135.0,135,65841.26795359072,0.20503857868465858,135.0,True
arxiv,Advanced packaging,3DIC,"2.5D / 3D integration (TSV, interposer)",2014,3.44,1,2464.9743,0.1395337471518895,3.4,False
arxiv,Advanced packaging,3DIC,"2.5D / 3D integration (TSV, interposer)",2015,9.36,9,2858.9509,0.3272878873155885,9.4,False
arxiv,Advanced packaging,3DIC,"2.5D / 3D integration (TSV, interposer)",2016,10.0,10,3115.9173834766952,0.32093277097232104,10.0,False
arxiv,Advanced packaging,3DIC,"2.5D / 3D integration (TSV, interposer)",2017,9.0,9,3660.6412,0.24585856707289422,9.0,False
arxiv,Advanced packaging,3DIC,"2.5D / 3D integration (TSV, interposer)",2018,13.0,13,4563.178217821782,0.2848891579388172,13.0,False
arxiv,Advanced packaging,3DIC,"2.5D / 3D integration (TSV, interposer)",2019,24.0,24,5484.85198519852,0.4375687815234879,24.0,False
arxiv,Advanced packaging,3DIC,"2.5D / 3D integration (TSV, interposer)",2020,34.0,34,7339.3466,0.4632564975198201,34.0,False
arxiv,Advanced packaging,3DIC,"2.5D / 3D integration (TSV, interposer)",2021,27.0,27,6135.7751,0.44004220428483437,27.0,False
arxiv,Advanced packaging,3DIC,"2.5D / 3D integration (TSV, interposer)",2022,24.0,24,6048.057,0.3968216569387491,24.0,False
arxiv,Advanced packaging,3DIC,"2.5D / 3D integration (TSV, interposer)",2023,59.0,59,6033.456,0.9778806707134352,59.0,False
arxiv,Advanced packaging,3DIC,"2.5D / 3D integration (TSV, interposer)",2024,24.32,8,6512.4456,0.3733625936088076,24.3,False
arxiv,Advanced packaging,3DIC,"2.5D / 3D integration (TSV, interposer)",2025,104.06,101,7554.393839383938,1.3775250387945481,104.1,False
arxiv,Advanced packaging,3DIC,"2.5D / 3D integration (TSV, interposer)",2026,87.0,87,5154.832366473294,1.687736745152811,87.0,True
arxiv,Advanced packaging,CPO,Silicon photonics / co-packaged optics,2014,37.11,22,2464.9743,1.5053571417221947,37.1,False
arxiv,Advanced packaging,CPO,Silicon photonics / co-packaged optics,2015,38.32,22,2858.9509,1.3404917167342751,38.3,False
arxiv,Advanced packaging,CPO,Silicon photonics / co-packaged optics,2016,33.12,19,3115.9173834766952,1.063036315050651,33.1,False
arxiv,Advanced packaging,CPO,Silicon photonics / co-packaged optics,2017,37.7,21,3660.6412,1.0297376317569726,37.7,False
arxiv,Advanced packaging,CPO,Silicon photonics / co-packaged optics,2018,55.38,31,4563.178217821782,1.2135474594671214,55.4,False
arxiv,Advanced packaging,CPO,Silicon photonics / co-packaged optics,2019,99.71,57,5484.85198519852,1.817952430969586,99.7,False
arxiv,Advanced packaging,CPO,Silicon photonics / co-packaged optics,2020,82.61,49,7339.3466,1.1256315378265427,82.6,False
arxiv,Advanced packaging,CPO,Silicon photonics / co-packaged optics,2021,105.51,68,6135.7751,1.7196414733866838,105.5,False
arxiv,Advanced packaging,CPO,Silicon photonics / co-packaged optics,2022,121.89,88,6048.057,2.0153794367188196,121.9,False
arxiv,Advanced packaging,CPO,Silicon photonics / co-packaged optics,2023,150.93,100,6033.456,2.501606597169734,150.9,False
arxiv,Advanced packaging,CPO,Silicon photonics / co-packaged optics,2024,173.79,111,6512.4456,2.668567396555296,173.8,False
arxiv,Advanced packaging,CPO,Silicon photonics / co-packaged optics,2025,232.51,126,7554.393839383938,3.077837943632574,232.5,False
arxiv,Advanced packaging,CPO,Silicon photonics / co-packaged optics,2026,155.81,119,5154.832366473294,3.0226136485067765,155.8,True
arxiv,Advanced packaging,Chiplet,Chiplet / disaggregation,2014,0.0,0,2464.9743,0.0,0.0,False
arxiv,Advanced packaging,Chiplet,Chiplet / disaggregation,2015,0.0,0,2858.9509,0.0,0.0,False
arxiv,Advanced packaging,Chiplet,Chiplet / disaggregation,2016,0.0,0,3115.9173834766952,0.0,0.0,False
arxiv,Advanced packaging,Chiplet,Chiplet / disaggregation,2017,2.12,2,3660.6412,0.0578040808806938,2.1,False
arxiv,Advanced packaging,Chiplet,Chiplet / disaggregation,2018,2.06,2,4563.178217821782,0.04508553545636871,2.1,False
arxiv,Advanced packaging,Chiplet,Chiplet / disaggregation,2019,2.07,2,5484.85198519852,0.03774030740640082,2.1,False
arxiv,Advanced packaging,Chiplet,Chiplet / disaggregation,2020,10.0,10,7339.3466,0.1362519110352412,10.0,False
arxiv,Advanced packaging,Chiplet,Chiplet / disaggregation,2021,10.0,10,6135.7751,0.16297859417956828,10.0,False
arxiv,Advanced packaging,Chiplet,Chiplet / disaggregation,2022,17.0,17,6048.057,0.2810820069982806,17.0,False
arxiv,Advanced packaging,Chiplet,Chiplet / disaggregation,2023,34.0,34,6033.456,0.5635244543094372,34.0,False
arxiv,Advanced packaging,Chiplet,Chiplet / disaggregation,2024,34.0,34,6512.4456,0.5220772976591159,34.0,False
arxiv,Advanced packaging,Chiplet,Chiplet / disaggregation,2025,74.04,70,7554.393839383938,0.9800477475861175,74.0,False
arxiv,Advanced packaging,Chiplet,Chiplet / disaggregation,2026,73.0,73,5154.832366473294,1.4161469240937379,73.0,True
arxiv,Advanced packaging,CoWoS,CoWoS,2014,0.0,0,2464.9743,0.0,0.0,False
arxiv,Advanced packaging,CoWoS,CoWoS,2015,0.0,0,2858.9509,0.0,0.0,False
arxiv,Advanced packaging,CoWoS,CoWoS,2016,0.0,0,3115.9173834766952,0.0,0.0,False
arxiv,Advanced packaging,CoWoS,CoWoS,2017,0.0,0,3660.6412,0.0,0.0,False
arxiv,Advanced packaging,CoWoS,CoWoS,2018,0.0,0,4563.178217821782,0.0,0.0,False
arxiv,Advanced packaging,CoWoS,CoWoS,2019,0.0,0,5484.85198519852,0.0,0.0,False
arxiv,Advanced packaging,CoWoS,CoWoS,2020,0.0,0,7339.3466,0.0,0.0,False
arxiv,Advanced packaging,CoWoS,CoWoS,2021,0.0,0,6135.7751,0.0,0.0,False
arxiv,Advanced packaging,CoWoS,CoWoS,2022,0.0,0,6048.057,0.0,0.0,False
arxiv,Advanced packaging,CoWoS,CoWoS,2023,0.0,0,6033.456,0.0,0.0,False
arxiv,Advanced packaging,CoWoS,CoWoS,2024,0.0,0,6512.4456,0.0,0.0,False
arxiv,Advanced packaging,CoWoS,CoWoS,2025,1.0,1,7554.393839383938,0.01323732944378169,1.0,False
arxiv,Advanced packaging,CoWoS,CoWoS,2026,1.0,1,5154.832366473294,0.01939927293279093,1.0,True
arxiv,Advanced packaging,FanOut,Fan-out packaging (FOWLP / InFO / FOPLP),2014,0.0,0,2464.9743,0.0,0.0,False
arxiv,Advanced packaging,FanOut,Fan-out packaging (FOWLP / InFO / FOPLP),2015,0.0,0,2858.9509,0.0,0.0,False
arxiv,Advanced packaging,FanOut,Fan-out packaging (FOWLP / InFO / FOPLP),2016,1.93,1,3115.9173834766952,0.0619828158337876,1.9,False
arxiv,Advanced packaging,FanOut,Fan-out packaging (FOWLP / InFO / FOPLP),2017,2.21,1,3660.6412,0.060353725279968254,2.2,False
arxiv,Advanced packaging,FanOut,Fan-out packaging (FOWLP / InFO / FOPLP),2018,0.0,0,4563.178217821782,0.0,0.0,False
arxiv,Advanced packaging,FanOut,Fan-out packaging (FOWLP / InFO / FOPLP),2019,3.53,2,5484.85198519852,0.06444415776770925,3.5,False
arxiv,Advanced packaging,FanOut,Fan-out packaging (FOWLP / InFO / FOPLP),2020,0.0,0,7339.3466,0.0,0.0,False
arxiv,Advanced packaging,FanOut,Fan-out packaging (FOWLP / InFO / FOPLP),2021,3.2,2,6135.7751,0.052131419658237914,3.2,False
arxiv,Advanced packaging,FanOut,Fan-out packaging (FOWLP / InFO / FOPLP),2022,0.0,0,6048.057,0.0,0.0,False
arxiv,Advanced packaging,FanOut,Fan-out packaging (FOWLP / InFO / FOPLP),2023,1.0,1,6033.456,0.01658142365557817,1.0,False
arxiv,Advanced packaging,FanOut,Fan-out packaging (FOWLP / InFO / FOPLP),2024,0.0,0,6512.4456,0.0,0.0,False
arxiv,Advanced packaging,FanOut,Fan-out packaging (FOWLP / InFO / FOPLP),2025,4.0,4,7554.393839383938,0.05294931777512676,4.0,False
arxiv,Advanced packaging,FanOut,Fan-out packaging (FOWLP / InFO / FOPLP),2026,1.0,1,5154.832366473294,0.01939927293279093,1.0,True
arxiv,Advanced packaging,GlassSubstrate,Glass core / glass substrate,2014,0.0,0,2464.9743,0.0,0.0,False
arxiv,Advanced packaging,GlassSubstrate,Glass core / glass substrate,2015,0.0,0,2858.9509,0.0,0.0,False
arxiv,Advanced packaging,GlassSubstrate,Glass core / glass substrate,2016,0.0,0,3115.9173834766952,0.0,0.0,False
arxiv,Advanced packaging,GlassSubstrate,Glass core / glass substrate,2017,0.0,0,3660.6412,0.0,0.0,False
arxiv,Advanced packaging,GlassSubstrate,Glass core / glass substrate,2018,1.0,1,4563.178217821782,0.021914550610678245,1.0,False
arxiv,Advanced packaging,GlassSubstrate,Glass core / glass substrate,2019,2.0,2,5484.85198519852,0.036464065126957323,2.0,False
arxiv,Advanced packaging,GlassSubstrate,Glass core / glass substrate,2020,0.0,0,7339.3466,0.0,0.0,False
arxiv,Advanced packaging,GlassSubstrate,Glass core / glass substrate,2021,1.0,1,6135.7751,0.01629785941795683,1.0,False
arxiv,Advanced packaging,GlassSubstrate,Glass core / glass substrate,2022,0.0,0,6048.057,0.0,0.0,False
arxiv,Advanced packaging,GlassSubstrate,Glass core / glass substrate,2023,0.0,0,6033.456,0.0,0.0,False
arxiv,Advanced packaging,GlassSubstrate,Glass core / glass substrate,2024,0.0,0,6512.4456,0.0,0.0,False
arxiv,Advanced packaging,GlassSubstrate,Glass core / glass substrate,2025,1.0,1,7554.393839383938,0.01323732944378169,1.0,False
arxiv,Advanced packaging,GlassSubstrate,Glass core / glass substrate,2026,0.0,0,5154.832366473294,0.0,0.0,True
arxiv,Advanced packaging,HBM,High-bandwidth memory (HBM),2014,1.0,1,2464.9743,0.04056837428284749,1.0,False
arxiv,Advanced packaging,HBM,High-bandwidth memory (HBM),2015,0.0,0,2858.9509,0.0,0.0,False
arxiv,Advanced packaging,HBM,High-bandwidth memory (HBM),2016,1.0,1,3115.9173834766952,0.0320932770972321,1.0,False
arxiv,Advanced packaging,HBM,High-bandwidth memory (HBM),2017,2.0,2,3660.6412,0.054635237127309826,2.0,False
arxiv,Advanced packaging,HBM,High-bandwidth memory (HBM),2018,4.01,4,4563.178217821782,0.08780778981889509,4.0,False
arxiv,Advanced packaging,HBM,High-bandwidth memory (HBM),2019,5.0,5,5484.85198519852,0.09116016281739331,5.0,False
arxiv,Advanced packaging,HBM,High-bandwidth memory (HBM),2020,13.0,13,7339.3466,0.17712748434581357,13.0,False
arxiv,Advanced packaging,HBM,High-bandwidth memory (HBM),2021,9.01,9,6135.7751,0.14687683200059756,9.0,False
arxiv,Advanced packaging,HBM,High-bandwidth memory (HBM),2022,14.0,14,6048.057,0.231479299880937,14.0,False
arxiv,Advanced packaging,HBM,High-bandwidth memory (HBM),2023,15.0,15,6033.456,0.24861372984239877,15.0,False
arxiv,Advanced packaging,HBM,High-bandwidth memory (HBM),2024,20.0,20,6512.4456,0.3071042927406564,20.0,False
arxiv,Advanced packaging,HBM,High-bandwidth memory (HBM),2025,72.0,72,7554.393839383938,0.9530877199522816,72.0,False
arxiv,Advanced packaging,HBM,High-bandwidth memory (HBM),2026,67.0,67,5154.832366473294,1.2997512864969925,67.0,True
arxiv,Advanced packaging,HybridBonding,Hybrid bonding / SoIC,2014,0.0,0,2464.9743,0.0,0.0,False
arxiv,Advanced packaging,HybridBonding,Hybrid bonding / SoIC,2015,0.0,0,2858.9509,0.0,0.0,False
arxiv,Advanced packaging,HybridBonding,Hybrid bonding / SoIC,2016,0.0,0,3115.9173834766952,0.0,0.0,False
arxiv,Advanced packaging,HybridBonding,Hybrid bonding / SoIC,2017,1.1,1,3660.6412,0.029921898200056682,1.1,False
arxiv,Advanced packaging,HybridBonding,Hybrid bonding / SoIC,2018,0.0,0,4563.178217821782,0.0,0.0,False
arxiv,Advanced packaging,HybridBonding,Hybrid bonding / SoIC,2019,1.03,1,5484.85198519852,0.01881545760550998,1.0,False
arxiv,Advanced packaging,HybridBonding,Hybrid bonding / SoIC,2020,0.0,0,7339.3466,0.0,0.0,False
arxiv,Advanced packaging,HybridBonding,Hybrid bonding / SoIC,2021,1.0,1,6135.7751,0.01629785941795683,1.0,False
arxiv,Advanced packaging,HybridBonding,Hybrid bonding / SoIC,2022,1.0,1,6048.057,0.016534235705781213,1.0,False
arxiv,Advanced packaging,HybridBonding,Hybrid bonding / SoIC,2023,1.0,1,6033.456,0.016574248656159918,1.0,False
arxiv,Advanced packaging,HybridBonding,Hybrid bonding / SoIC,2024,0.0,0,6512.4456,0.0,0.0,False
arxiv,Advanced packaging,HybridBonding,Hybrid bonding / SoIC,2025,9.09,8,7554.393839383938,0.12026555043990457,9.1,False
arxiv,Advanced packaging,HybridBonding,Hybrid bonding / SoIC,2026,12.0,12,5154.832366473294,0.2327912751934912,12.0,True
arxiv,Advanced packaging,UCIe,UCIe / die-to-die standards,2014,0.0,0,2464.9743,0.0,0.0,False
arxiv,Advanced packaging,UCIe,UCIe / die-to-die standards,2015,0.0,0,2858.9509,0.0,0.0,False
arxiv,Advanced packaging,UCIe,UCIe / die-to-die standards,2016,0.0,0,3115.9173834766952,0.0,0.0,False
arxiv,Advanced packaging,UCIe,UCIe / die-to-die standards,2017,0.0,0,3660.6412,0.0,0.0,False
arxiv,Advanced packaging,UCIe,UCIe / die-to-die standards,2018,0.0,0,4563.178217821782,0.0,0.0,False
arxiv,Advanced packaging,UCIe,UCIe / die-to-die standards,2019,0.0,0,5484.85198519852,0.0,0.0,False
arxiv,Advanced packaging,UCIe,UCIe / die-to-die standards,2020,0.0,0,7339.3466,0.0,0.0,False
arxiv,Advanced packaging,UCIe,UCIe / die-to-die standards,2021,0.0,0,6135.7751,0.0,0.0,False
arxiv,Advanced packaging,UCIe,UCIe / die-to-die standards,2022,0.0,0,6048.057,0.0,0.0,False
arxiv,Advanced packaging,UCIe,UCIe / die-to-die standards,2023,1.0,1,6033.456,0.016574248656159918,1.0,False
arxiv,Advanced packaging,UCIe,UCIe / die-to-die standards,2024,1.0,1,6512.4456,0.015355214637032823,1.0,False
arxiv,Advanced packaging,UCIe,UCIe / die-to-die standards,2025,2.0,2,7554.393839383938,0.02647465888756338,2.0,False
arxiv,Advanced packaging,UCIe,UCIe / die-to-die standards,2026,3.0,3,5154.832366473294,0.0581978187983728,3.0,True
arxiv,Design & compute,AIAccel,AI accelerator / NPU,2014,3.0,3,2464.9743,0.12170512284854249,3.0,False
arxiv,Design & compute,AIAccel,AI accelerator / NPU,2015,1.0,1,2858.9509,0.034977865482054976,1.0,False
arxiv,Design & compute,AIAccel,AI accelerator / NPU,2016,2.0,2,3115.9173834766952,0.0641865541944642,2.0,False
arxiv,Design & compute,AIAccel,AI accelerator / NPU,2017,5.0,5,3660.6412,0.13658809281827458,5.0,False
arxiv,Design & compute,AIAccel,AI accelerator / NPU,2018,14.0,14,4563.178217821782,0.30680370854949546,14.0,False
arxiv,Design & compute,AIAccel,AI accelerator / NPU,2019,23.0,23,5484.85198519852,0.4193367489600092,23.0,False
arxiv,Design & compute,AIAccel,AI accelerator / NPU,2020,32.02,32,7339.3466,0.4363407324388749,32.0,False
arxiv,Design & compute,AIAccel,AI accelerator / NPU,2021,34.0,34,6135.7751,0.5541272202105322,34.0,False
arxiv,Design & compute,AIAccel,AI accelerator / NPU,2022,37.0,37,6048.057,0.6117667211139048,37.0,False
arxiv,Design & compute,AIAccel,AI accelerator / NPU,2023,45.0,45,6033.456,0.7458411895271964,45.0,False
arxiv,Design & compute,AIAccel,AI accelerator / NPU,2024,66.0,66,6512.4456,1.0134441660441662,66.0,False
arxiv,Design & compute,AIAccel,AI accelerator / NPU,2025,97.0,97,7554.393839383938,1.2840209560468239,97.0,False
arxiv,Design & compute,AIAccel,AI accelerator / NPU,2026,43.74,43,5154.832366473294,0.848479323171112,43.7,True
arxiv,Design & compute,DTCO,DTCO / STCO,2014,0.0,0,2464.9743,0.0,0.0,False
arxiv,Design & compute,DTCO,DTCO / STCO,2015,1.0,1,2858.9509,0.034977865482054976,1.0,False
arxiv,Design & compute,DTCO,DTCO / STCO,2016,0.0,0,3115.9173834766952,0.0,0.0,False
arxiv,Design & compute,DTCO,DTCO / STCO,2017,0.0,0,3660.6412,0.0,0.0,False
arxiv,Design & compute,DTCO,DTCO / STCO,2018,0.0,0,4563.178217821782,0.0,0.0,False
arxiv,Design & compute,DTCO,DTCO / STCO,2019,1.0,1,5484.85198519852,0.018232032563478662,1.0,False
arxiv,Design & compute,DTCO,DTCO / STCO,2020,0.0,0,7339.3466,0.0,0.0,False
arxiv,Design & compute,DTCO,DTCO / STCO,2021,3.0,3,6135.7751,0.04889357825387049,3.0,False
arxiv,Design & compute,DTCO,DTCO / STCO,2022,2.0,2,6048.057,0.033068471411562425,2.0,False
arxiv,Design & compute,DTCO,DTCO / STCO,2023,3.0,3,6033.456,0.049722745968479753,3.0,False
arxiv,Design & compute,DTCO,DTCO / STCO,2024,4.0,4,6512.4456,0.06142085854813129,4.0,False
arxiv,Design & compute,DTCO,DTCO / STCO,2025,8.0,8,7554.393839383938,0.10589863555025351,8.0,False
arxiv,Design & compute,DTCO,DTCO / STCO,2026,7.0,7,5154.832366473294,0.13579491052953652,7.0,True
arxiv,Design & compute,MLforEDA,ML for EDA / chip design,2014,0.0,0,2464.9743,0.0,0.0,False
arxiv,Design & compute,MLforEDA,ML for EDA / chip design,2015,0.0,0,2858.9509,0.0,0.0,False
arxiv,Design & compute,MLforEDA,ML for EDA / chip design,2016,0.0,0,3115.9173834766952,0.0,0.0,False
arxiv,Design & compute,MLforEDA,ML for EDA / chip design,2017,0.0,0,3660.6412,0.0,0.0,False
arxiv,Design & compute,MLforEDA,ML for EDA / chip design,2018,0.0,0,4563.178217821782,0.0,0.0,False
arxiv,Design & compute,MLforEDA,ML for EDA / chip design,2019,0.0,0,5484.85198519852,0.0,0.0,False
arxiv,Design & compute,MLforEDA,ML for EDA / chip design,2020,2.0,2,7339.3466,0.02725038220704824,2.0,False
arxiv,Design & compute,MLforEDA,ML for EDA / chip design,2021,1.0,1,6135.7751,0.01629785941795683,1.0,False
arxiv,Design & compute,MLforEDA,ML for EDA / chip design,2022,1.0,1,6048.057,0.016534235705781213,1.0,False
arxiv,Design & compute,MLforEDA,ML for EDA / chip design,2023,3.0,3,6033.456,0.049722745968479753,3.0,False
arxiv,Design & compute,MLforEDA,ML for EDA / chip design,2024,5.0,5,6512.4456,0.0767760731851641,5.0,False
arxiv,Design & compute,MLforEDA,ML for EDA / chip design,2025,6.0,6,7554.393839383938,0.07942397666269013,6.0,False
arxiv,Design & compute,MLforEDA,ML for EDA / chip design,2026,7.0,7,5154.832366473294,0.13579491052953652,7.0,True
arxiv,Design & compute,Neuromorphic,Neuromorphic hardware,2014,21.0,21,2464.9743,0.8519358599397974,21.0,False
arxiv,Design & compute,Neuromorphic,Neuromorphic hardware,2015,41.0,41,2858.9509,1.434092484764254,41.0,False
arxiv,Design & compute,Neuromorphic,Neuromorphic hardware,2016,52.0,52,3115.9173834766952,1.6688504090560692,52.0,False
arxiv,Design & compute,Neuromorphic,Neuromorphic hardware,2017,83.0,83,3660.6412,2.267362340783358,83.0,False
arxiv,Design & compute,Neuromorphic,Neuromorphic hardware,2018,139.0,139,4563.178217821782,3.0461225348842764,139.0,False
arxiv,Design & compute,Neuromorphic,Neuromorphic hardware,2019,189.0,189,5484.85198519852,3.445854154497467,189.0,False
arxiv,Design & compute,Neuromorphic,Neuromorphic hardware,2020,277.0,277,7339.3466,3.7741779356761813,277.0,False
arxiv,Design & compute,Neuromorphic,Neuromorphic hardware,2021,283.0,283,6135.7751,4.612294215281783,283.0,False
arxiv,Design & compute,Neuromorphic,Neuromorphic hardware,2022,312.26,312,6048.057,5.162948439740673,312.3,False
arxiv,Design & compute,Neuromorphic,Neuromorphic hardware,2023,447.0,447,6033.456,7.408689149303483,447.0,False
arxiv,Design & compute,Neuromorphic,Neuromorphic hardware,2024,578.78,508,6512.4456,8.887311601241406,578.8,False
arxiv,Design & compute,Neuromorphic,Neuromorphic hardware,2025,626.32,409,7554.393839383938,8.29074240302532,626.3,False
arxiv,Design & compute,Neuromorphic,Neuromorphic hardware,2026,475.96,414,5154.832366473294,9.233316743637106,476.0,True
arxiv,Design & compute,Photonic-computing,Photonic / optical computing,2014,3.0,3,2464.9743,0.12170512284854249,3.0,False
arxiv,Design & compute,Photonic-computing,Photonic / optical computing,2015,3.0,3,2858.9509,0.10493359644616493,3.0,False
arxiv,Design & compute,Photonic-computing,Photonic / optical computing,2016,6.0,6,3115.9173834766952,0.1925596625833926,6.0,False
arxiv,Design & compute,Photonic-computing,Photonic / optical computing,2017,5.0,5,3660.6412,0.13658809281827458,5.0,False
arxiv,Design & compute,Photonic-computing,Photonic / optical computing,2018,9.0,9,4563.178217821782,0.19723095549610423,9.0,False
arxiv,Design & compute,Photonic-computing,Photonic / optical computing,2019,6.0,6,5484.85198519852,0.10939219538087197,6.0,False
arxiv,Design & compute,Photonic-computing,Photonic / optical computing,2020,15.0,15,7339.3466,0.2043778665528618,15.0,False
arxiv,Design & compute,Photonic-computing,Photonic / optical computing,2021,29.0,29,6135.7751,0.47263792312074804,29.0,False
arxiv,Design & compute,Photonic-computing,Photonic / optical computing,2022,29.0,29,6048.057,0.47949283546765514,29.0,False
arxiv,Design & compute,Photonic-computing,Photonic / optical computing,2023,52.0,52,6033.456,0.8618609301203157,52.0,False
arxiv,Design & compute,Photonic-computing,Photonic / optical computing,2024,50.0,50,6512.4456,0.7677607318516411,50.0,False
arxiv,Design & compute,Photonic-computing,Photonic / optical computing,2025,65.0,65,7554.393839383938,0.8604264138458098,65.0,False
arxiv,Design & compute,Photonic-computing,Photonic / optical computing,2026,50.0,50,5154.832366473294,0.9699636466395466,50.0,True
arxiv,Design & compute,RISCV,RISC-V,2014,0.0,0,2464.9743,0.0,0.0,False
arxiv,Design & compute,RISCV,RISC-V,2015,0.0,0,2858.9509,0.0,0.0,False
arxiv,Design & compute,RISCV,RISC-V,2016,1.0,1,3115.9173834766952,0.0320932770972321,1.0,False
arxiv,Design & compute,RISCV,RISC-V,2017,1.0,1,3660.6412,0.027317618563654913,1.0,False
arxiv,Design & compute,RISCV,RISC-V,2018,1.0,1,4563.178217821782,0.021914550610678245,1.0,False
arxiv,Design & compute,RISCV,RISC-V,2019,5.0,5,5484.85198519852,0.09116016281739331,5.0,False
arxiv,Design & compute,RISCV,RISC-V,2020,9.0,9,7339.3466,0.12262671993171709,9.0,False
arxiv,Design & compute,RISCV,RISC-V,2021,9.0,9,6135.7751,0.14668073476161145,9.0,False
arxiv,Design & compute,RISCV,RISC-V,2022,19.0,19,6048.057,0.31415047840984306,19.0,False
arxiv,Design & compute,RISCV,RISC-V,2023,23.0,23,6033.456,0.3812077190916781,23.0,False
arxiv,Design & compute,RISCV,RISC-V,2024,34.0,34,6512.4456,0.5220772976591159,34.0,False
arxiv,Design & compute,RISCV,RISC-V,2025,55.0,55,7554.393839383938,0.7280531194079929,55.0,False
arxiv,Design & compute,RISCV,RISC-V,2026,32.04,32,5154.832366473294,0.6215695521556307,32.0,True
arxiv,Interconnect & BEOL,Airgap,Air-gap / low-k dielectric,2014,0.0,0,2464.9743,0.0,0.0,False
arxiv,Interconnect & BEOL,Airgap,Air-gap / low-k dielectric,2015,2.0,2,2858.9509,0.06995573096410995,2.0,False
arxiv,Interconnect & BEOL,Airgap,Air-gap / low-k dielectric,2016,0.0,0,3115.9173834766952,0.0,0.0,False
arxiv,Interconnect & BEOL,Airgap,Air-gap / low-k dielectric,2017,0.0,0,3660.6412,0.0,0.0,False
arxiv,Interconnect & BEOL,Airgap,Air-gap / low-k dielectric,2018,0.0,0,4563.178217821782,0.0,0.0,False
arxiv,Interconnect & BEOL,Airgap,Air-gap / low-k dielectric,2019,0.0,0,5484.85198519852,0.0,0.0,False
arxiv,Interconnect & BEOL,Airgap,Air-gap / low-k dielectric,2020,0.0,0,7339.3466,0.0,0.0,False
arxiv,Interconnect & BEOL,Airgap,Air-gap / low-k dielectric,2021,0.0,0,6135.7751,0.0,0.0,False
arxiv,Interconnect & BEOL,Airgap,Air-gap / low-k dielectric,2022,0.0,0,6048.057,0.0,0.0,False
arxiv,Interconnect & BEOL,Airgap,Air-gap / low-k dielectric,2023,0.0,0,6033.456,0.0,0.0,False
arxiv,Interconnect & BEOL,Airgap,Air-gap / low-k dielectric,2024,1.0,1,6512.4456,0.015355214637032823,1.0,False
arxiv,Interconnect & BEOL,Airgap,Air-gap / low-k dielectric,2025,0.0,0,7554.393839383938,0.0,0.0,False
arxiv,Interconnect & BEOL,Airgap,Air-gap / low-k dielectric,2026,1.0,1,5154.832366473294,0.01939927293279093,1.0,True
arxiv,Interconnect & BEOL,HKMG,High-k / metal gate,2014,5.0,5,2464.9743,0.20284187141423748,5.0,False
arxiv,Interconnect & BEOL,HKMG,High-k / metal gate,2015,6.0,6,2858.9509,0.20986719289232986,6.0,False
arxiv,Interconnect & BEOL,HKMG,High-k / metal gate,2016,0.0,0,3115.9173834766952,0.0,0.0,False
arxiv,Interconnect & BEOL,HKMG,High-k / metal gate,2017,2.0,2,3660.6412,0.054635237127309826,2.0,False
arxiv,Interconnect & BEOL,HKMG,High-k / metal gate,2018,8.0,8,4563.178217821782,0.17531640488542596,8.0,False
arxiv,Interconnect & BEOL,HKMG,High-k / metal gate,2019,3.0,3,5484.85198519852,0.054696097690435985,3.0,False
arxiv,Interconnect & BEOL,HKMG,High-k / metal gate,2020,7.0,7,7339.3466,0.09537633772466884,7.0,False
arxiv,Interconnect & BEOL,HKMG,High-k / metal gate,2021,5.0,5,6135.7751,0.08148929708978414,5.0,False
arxiv,Interconnect & BEOL,HKMG,High-k / metal gate,2022,8.0,8,6048.057,0.1322738856462497,8.0,False
arxiv,Interconnect & BEOL,HKMG,High-k / metal gate,2023,5.15,5,6033.456,0.08538249307718745,5.2,False
arxiv,Interconnect & BEOL,HKMG,High-k / metal gate,2024,6.0,6,6512.4456,0.09213128782219693,6.0,False
arxiv,Interconnect & BEOL,HKMG,High-k / metal gate,2025,8.0,8,7554.393839383938,0.10589863555025351,8.0,False
arxiv,Interconnect & BEOL,HKMG,High-k / metal gate,2026,4.0,4,5154.832366473294,0.07759709173116372,4.0,True
arxiv,Interconnect & BEOL,RuMo,Ru / Mo interconnect (post-Cu),2014,0.0,0,2464.9743,0.0,0.0,False
arxiv,Interconnect & BEOL,RuMo,Ru / Mo interconnect (post-Cu),2015,0.0,0,2858.9509,0.0,0.0,False
arxiv,Interconnect & BEOL,RuMo,Ru / Mo interconnect (post-Cu),2016,1.01,1,3115.9173834766952,0.03236757861088366,1.0,False
arxiv,Interconnect & BEOL,RuMo,Ru / Mo interconnect (post-Cu),2017,1.0,1,3660.6412,0.027317618563654913,1.0,False
arxiv,Interconnect & BEOL,RuMo,Ru / Mo interconnect (post-Cu),2018,1.0,1,4563.178217821782,0.021914550610678245,1.0,False
arxiv,Interconnect & BEOL,RuMo,Ru / Mo interconnect (post-Cu),2019,0.0,0,5484.85198519852,0.0,0.0,False
arxiv,Interconnect & BEOL,RuMo,Ru / Mo interconnect (post-Cu),2020,1.0,1,7339.3466,0.01362519110352412,1.0,False
arxiv,Interconnect & BEOL,RuMo,Ru / Mo interconnect (post-Cu),2021,0.0,0,6135.7751,0.0,0.0,False
arxiv,Interconnect & BEOL,RuMo,Ru / Mo interconnect (post-Cu),2022,1.0,1,6048.057,0.016534235705781213,1.0,False
arxiv,Interconnect & BEOL,RuMo,Ru / Mo interconnect (post-Cu),2023,0.0,0,6033.456,0.0,0.0,False
arxiv,Interconnect & BEOL,RuMo,Ru / Mo interconnect (post-Cu),2024,0.0,0,6512.4456,0.0,0.0,False
arxiv,Interconnect & BEOL,RuMo,Ru / Mo interconnect (post-Cu),2025,2.0,2,7554.393839383938,0.02647465888756338,2.0,False
arxiv,Interconnect & BEOL,RuMo,Ru / Mo interconnect (post-Cu),2026,4.0,4,5154.832366473294,0.07759709173116372,4.0,True
arxiv,Lithography & patterning,CompLitho,Computational lithography (OPC/ILT/SMO),2014,0.0,0,2464.9743,0.0,0.0,False
arxiv,Lithography & patterning,CompLitho,Computational lithography (OPC/ILT/SMO),2015,1.73,1,2858.9509,0.06046507012997903,1.7,False
arxiv,Lithography & patterning,CompLitho,Computational lithography (OPC/ILT/SMO),2016,0.0,0,3115.9173834766952,0.0,0.0,False
arxiv,Lithography & patterning,CompLitho,Computational lithography (OPC/ILT/SMO),2017,0.0,0,3660.6412,0.0,0.0,False
arxiv,Lithography & patterning,CompLitho,Computational lithography (OPC/ILT/SMO),2018,0.0,0,4563.178217821782,0.0,0.0,False
arxiv,Lithography & patterning,CompLitho,Computational lithography (OPC/ILT/SMO),2019,0.0,0,5484.85198519852,0.0,0.0,False
arxiv,Lithography & patterning,CompLitho,Computational lithography (OPC/ILT/SMO),2020,8.19,5,7339.3466,0.11161302378970175,8.2,False
arxiv,Lithography & patterning,CompLitho,Computational lithography (OPC/ILT/SMO),2021,1.49,1,6135.7751,0.024218619095083847,1.5,False
arxiv,Lithography & patterning,CompLitho,Computational lithography (OPC/ILT/SMO),2022,2.64,2,6048.057,0.04372006973886129,2.6,False
arxiv,Lithography & patterning,CompLitho,Computational lithography (OPC/ILT/SMO),2023,1.39,1,6033.456,0.023082403628478715,1.4,False
arxiv,Lithography & patterning,CompLitho,Computational lithography (OPC/ILT/SMO),2024,10.13,7,6512.4456,0.15553296905850547,10.1,False
arxiv,Lithography & patterning,CompLitho,Computational lithography (OPC/ILT/SMO),2025,5.45,1,7554.393839383938,0.07214880471129999,5.5,False
arxiv,Lithography & patterning,CompLitho,Computational lithography (OPC/ILT/SMO),2026,12.97,10,5154.832366473294,0.2515439056951891,13.0,True
arxiv,Lithography & patterning,DSA,Directed self-assembly,2014,1.0,1,2464.9743,0.04056837428284749,1.0,False
arxiv,Lithography & patterning,DSA,Directed self-assembly,2015,1.0,1,2858.9509,0.034977865482054976,1.0,False
arxiv,Lithography & patterning,DSA,Directed self-assembly,2016,0.0,0,3115.9173834766952,0.0,0.0,False
arxiv,Lithography & patterning,DSA,Directed self-assembly,2017,4.0,4,3660.6412,0.10927047425461965,4.0,False
arxiv,Lithography & patterning,DSA,Directed self-assembly,2018,5.0,5,4563.178217821782,0.10957275305339123,5.0,False
arxiv,Lithography & patterning,DSA,Directed self-assembly,2019,2.0,2,5484.85198519852,0.036464065126957323,2.0,False
arxiv,Lithography & patterning,DSA,Directed self-assembly,2020,2.0,2,7339.3466,0.02725038220704824,2.0,False
arxiv,Lithography & patterning,DSA,Directed self-assembly,2021,0.0,0,6135.7751,0.0,0.0,False
arxiv,Lithography & patterning,DSA,Directed self-assembly,2022,1.0,1,6048.057,0.016534235705781213,1.0,False
arxiv,Lithography & patterning,DSA,Directed self-assembly,2023,1.0,1,6033.456,0.016574248656159918,1.0,False
arxiv,Lithography & patterning,DSA,Directed self-assembly,2024,1.0,1,6512.4456,0.015355214637032823,1.0,False
arxiv,Lithography & patterning,DSA,Directed self-assembly,2025,2.0,2,7554.393839383938,0.02647465888756338,2.0,False
arxiv,Lithography & patterning,DSA,Directed self-assembly,2026,0.0,0,5154.832366473294,0.0,0.0,True
arxiv,Lithography & patterning,EUV,EUV lithography,2014,7.0,7,2464.9743,0.2841803093407137,7.0,False
arxiv,Lithography & patterning,EUV,EUV lithography,2015,2.0,2,2858.9509,0.06995573096410995,2.0,False
arxiv,Lithography & patterning,EUV,EUV lithography,2016,1.0,1,3115.9173834766952,0.0320932770972321,1.0,False
arxiv,Lithography & patterning,EUV,EUV lithography,2017,7.0,7,3660.6412,0.19122332994558439,7.0,False
arxiv,Lithography & patterning,EUV,EUV lithography,2018,9.0,9,4563.178217821782,0.19723095549610423,9.0,False
arxiv,Lithography & patterning,EUV,EUV lithography,2019,7.0,7,5484.85198519852,0.12762422794435063,7.0,False
arxiv,Lithography & patterning,EUV,EUV lithography,2020,9.0,9,7339.3466,0.12262671993171709,9.0,False
arxiv,Lithography & patterning,EUV,EUV lithography,2021,13.0,13,6135.7751,0.21187217243343878,13.0,False
arxiv,Lithography & patterning,EUV,EUV lithography,2022,10.0,10,6048.057,0.16534235705781214,10.0,False
arxiv,Lithography & patterning,EUV,EUV lithography,2023,15.0,15,6033.456,0.24861372984239877,15.0,False
arxiv,Lithography & patterning,EUV,EUV lithography,2024,19.0,19,6512.4456,0.2917490781036236,19.0,False
arxiv,Lithography & patterning,EUV,EUV lithography,2025,23.0,23,7554.393839383938,0.30445857720697883,23.0,False
arxiv,Lithography & patterning,EUV,EUV lithography,2026,27.0,27,5154.832366473294,0.5237803691853551,27.0,True
arxiv,Lithography & patterning,HighNA,High-NA EUV,2014,1.0,1,2464.9743,0.04056837428284749,1.0,False
arxiv,Lithography & patterning,HighNA,High-NA EUV,2015,1.0,1,2858.9509,0.034977865482054976,1.0,False
arxiv,Lithography & patterning,HighNA,High-NA EUV,2016,0.0,0,3115.9173834766952,0.0,0.0,False
arxiv,Lithography & patterning,HighNA,High-NA EUV,2017,1.0,1,3660.6412,0.027317618563654913,1.0,False
arxiv,Lithography & patterning,HighNA,High-NA EUV,2018,1.0,1,4563.178217821782,0.021914550610678245,1.0,False
arxiv,Lithography & patterning,HighNA,High-NA EUV,2019,2.0,2,5484.85198519852,0.036464065126957323,2.0,False
arxiv,Lithography & patterning,HighNA,High-NA EUV,2020,2.0,2,7339.3466,0.02725038220704824,2.0,False
arxiv,Lithography & patterning,HighNA,High-NA EUV,2021,0.0,0,6135.7751,0.0,0.0,False
arxiv,Lithography & patterning,HighNA,High-NA EUV,2022,4.0,4,6048.057,0.06613694282312485,4.0,False
arxiv,Lithography & patterning,HighNA,High-NA EUV,2023,4.0,4,6033.456,0.06629699462463967,4.0,False
arxiv,Lithography & patterning,HighNA,High-NA EUV,2024,2.0,2,6512.4456,0.030710429274065646,2.0,False
arxiv,Lithography & patterning,HighNA,High-NA EUV,2025,4.0,4,7554.393839383938,0.05294931777512676,4.0,False
arxiv,Lithography & patterning,HighNA,High-NA EUV,2026,4.0,4,5154.832366473294,0.07759709173116372,4.0,True
arxiv,Lithography & patterning,MultiPatterning,Multi-patterning (SADP/SAQP/LELE),2014,1.0,1,2464.9743,0.04056837428284749,1.0,False
arxiv,Lithography & patterning,MultiPatterning,Multi-patterning (SADP/SAQP/LELE),2015,1.0,1,2858.9509,0.034977865482054976,1.0,False
arxiv,Lithography & patterning,MultiPatterning,Multi-patterning (SADP/SAQP/LELE),2016,0.0,0,3115.9173834766952,0.0,0.0,False
arxiv,Lithography & patterning,MultiPatterning,Multi-patterning (SADP/SAQP/LELE),2017,1.0,1,3660.6412,0.027317618563654913,1.0,False
arxiv,Lithography & patterning,MultiPatterning,Multi-patterning (SADP/SAQP/LELE),2018,2.0,2,4563.178217821782,0.04382910122135649,2.0,False
arxiv,Lithography & patterning,MultiPatterning,Multi-patterning (SADP/SAQP/LELE),2019,2.0,2,5484.85198519852,0.036464065126957323,2.0,False
arxiv,Lithography & patterning,MultiPatterning,Multi-patterning (SADP/SAQP/LELE),2020,0.0,0,7339.3466,0.0,0.0,False
arxiv,Lithography & patterning,MultiPatterning,Multi-patterning (SADP/SAQP/LELE),2021,0.0,0,6135.7751,0.0,0.0,False
arxiv,Lithography & patterning,MultiPatterning,Multi-patterning (SADP/SAQP/LELE),2022,1.0,1,6048.057,0.016534235705781213,1.0,False
arxiv,Lithography & patterning,MultiPatterning,Multi-patterning (SADP/SAQP/LELE),2023,3.0,3,6033.456,0.049722745968479753,3.0,False
arxiv,Lithography & patterning,MultiPatterning,Multi-patterning (SADP/SAQP/LELE),2024,0.0,0,6512.4456,0.0,0.0,False
arxiv,Lithography & patterning,MultiPatterning,Multi-patterning (SADP/SAQP/LELE),2025,3.0,3,7554.393839383938,0.039711988331345066,3.0,False
arxiv,Lithography & patterning,MultiPatterning,Multi-patterning (SADP/SAQP/LELE),2026,0.0,0,5154.832366473294,0.0,0.0,True
arxiv,Lithography & patterning,NIL,Nanoimprint lithography,2014,5.0,5,2464.9743,0.20284187141423748,5.0,False
arxiv,Lithography & patterning,NIL,Nanoimprint lithography,2015,4.0,4,2858.9509,0.1399114619282199,4.0,False
arxiv,Lithography & patterning,NIL,Nanoimprint lithography,2016,3.0,3,3115.9173834766952,0.0962798312916963,3.0,False
arxiv,Lithography & patterning,NIL,Nanoimprint lithography,2017,3.0,3,3660.6412,0.08195285569096473,3.0,False
arxiv,Lithography & patterning,NIL,Nanoimprint lithography,2018,4.0,4,4563.178217821782,0.08765820244271298,4.0,False
arxiv,Lithography & patterning,NIL,Nanoimprint lithography,2019,4.0,4,5484.85198519852,0.07292813025391465,4.0,False
arxiv,Lithography & patterning,NIL,Nanoimprint lithography,2020,8.0,8,7339.3466,0.10900152882819296,8.0,False
arxiv,Lithography & patterning,NIL,Nanoimprint lithography,2021,3.0,3,6135.7751,0.04889357825387049,3.0,False
arxiv,Lithography & patterning,NIL,Nanoimprint lithography,2022,5.25,5,6048.057,0.08682069714232606,5.3,False
arxiv,Lithography & patterning,NIL,Nanoimprint lithography,2023,8.0,8,6033.456,0.13259398924927934,8.0,False
arxiv,Lithography & patterning,NIL,Nanoimprint lithography,2024,3.0,3,6512.4456,0.046065643911098464,3.0,False
arxiv,Lithography & patterning,NIL,Nanoimprint lithography,2025,4.0,4,7554.393839383938,0.05294931777512676,4.0,False
arxiv,Lithography & patterning,NIL,Nanoimprint lithography,2026,2.0,2,5154.832366473294,0.03879854586558186,2.0,True
arxiv,Lithography & patterning,Resist,Photoresist (CAR / metal-oxide / stochastics),2014,10.16,7,2464.9743,0.4121992696072353,10.2,False
arxiv,Lithography & patterning,Resist,Photoresist (CAR / metal-oxide / stochastics),2015,4.0,4,2858.9509,0.1399114619282199,4.0,False
arxiv,Lithography & patterning,Resist,Photoresist (CAR / metal-oxide / stochastics),2016,8.0,8,3115.9173834766952,0.2568385383229046,8.0,False
arxiv,Lithography & patterning,Resist,Photoresist (CAR / metal-oxide / stochastics),2017,9.03,9,3660.6412,0.24659614277411288,9.0,False
arxiv,Lithography & patterning,Resist,Photoresist (CAR / metal-oxide / stochastics),2018,8.0,8,4563.178217821782,0.17531640488542596,8.0,False
arxiv,Lithography & patterning,Resist,Photoresist (CAR / metal-oxide / stochastics),2019,9.0,9,5484.85198519852,0.16408829307130796,9.0,False
arxiv,Lithography & patterning,Resist,Photoresist (CAR / metal-oxide / stochastics),2020,4.0,4,7339.3466,0.05450076441409648,4.0,False
arxiv,Lithography & patterning,Resist,Photoresist (CAR / metal-oxide / stochastics),2021,8.6,8,6135.7751,0.14023194146673645,8.6,False
arxiv,Lithography & patterning,Resist,Photoresist (CAR / metal-oxide / stochastics),2022,14.0,14,6048.057,0.231479299880937,14.0,False
arxiv,Lithography & patterning,Resist,Photoresist (CAR / metal-oxide / stochastics),2023,11.0,11,6033.456,0.1823167352177591,11.0,False
arxiv,Lithography & patterning,Resist,Photoresist (CAR / metal-oxide / stochastics),2024,17.0,17,6512.4456,0.26103864882955796,17.0,False
arxiv,Lithography & patterning,Resist,Photoresist (CAR / metal-oxide / stochastics),2025,16.0,16,7554.393839383938,0.21179727110050703,16.0,False
arxiv,Lithography & patterning,Resist,Photoresist (CAR / metal-oxide / stochastics),2026,13.0,13,5154.832366473294,0.2521905481262821,13.0,True
arxiv,Materials & power devices,CNT,Carbon nanotube transistor,2014,7.0,7,2464.9743,0.28397861997993246,7.0,False
arxiv,Materials & power devices,CNT,Carbon nanotube transistor,2015,5.0,5,2858.9509,0.17488932741027488,5.0,False
arxiv,Materials & power devices,CNT,Carbon nanotube transistor,2016,3.0,3,3115.9173834766952,0.0962798312916963,3.0,False
arxiv,Materials & power devices,CNT,Carbon nanotube transistor,2017,3.0,3,3660.6412,0.08195285569096473,3.0,False
arxiv,Materials & power devices,CNT,Carbon nanotube transistor,2018,4.0,4,4563.178217821782,0.08765820244271298,4.0,False
arxiv,Materials & power devices,CNT,Carbon nanotube transistor,2019,4.0,4,5484.85198519852,0.07292813025391465,4.0,False
arxiv,Materials & power devices,CNT,Carbon nanotube transistor,2020,3.0,3,7339.3466,0.040875573310572365,3.0,False
arxiv,Materials & power devices,CNT,Carbon nanotube transistor,2021,7.0,7,6135.7751,0.11408501592569781,7.0,False
arxiv,Materials & power devices,CNT,Carbon nanotube transistor,2022,2.0,2,6048.057,0.033068471411562425,2.0,False
arxiv,Materials & power devices,CNT,Carbon nanotube transistor,2023,0.0,0,6033.456,0.0,0.0,False
arxiv,Materials & power devices,CNT,Carbon nanotube transistor,2024,6.0,6,6512.4456,0.09213128782219693,6.0,False
arxiv,Materials & power devices,CNT,Carbon nanotube transistor,2025,6.0,6,7554.393839383938,0.07942397666269013,6.0,False
arxiv,Materials & power devices,CNT,Carbon nanotube transistor,2026,1.0,1,5154.832366473294,0.01939927293279093,1.0,True
arxiv,Materials & power devices,Cryo,Cryogenic CMOS / quantum control,2014,0.0,0,2464.9743,0.0,0.0,False
arxiv,Materials & power devices,Cryo,Cryogenic CMOS / quantum control,2015,0.0,0,2858.9509,0.0,0.0,False
arxiv,Materials & power devices,Cryo,Cryogenic CMOS / quantum control,2016,2.0,2,3115.9173834766952,0.0641865541944642,2.0,False
arxiv,Materials & power devices,Cryo,Cryogenic CMOS / quantum control,2017,2.0,2,3660.6412,0.054635237127309826,2.0,False
arxiv,Materials & power devices,Cryo,Cryogenic CMOS / quantum control,2018,4.0,4,4563.178217821782,0.08765820244271298,4.0,False
arxiv,Materials & power devices,Cryo,Cryogenic CMOS / quantum control,2019,9.0,9,5484.85198519852,0.16408829307130796,9.0,False
arxiv,Materials & power devices,Cryo,Cryogenic CMOS / quantum control,2020,5.0,5,7339.3466,0.0681259555176206,5.0,False
arxiv,Materials & power devices,Cryo,Cryogenic CMOS / quantum control,2021,7.0,7,6135.7751,0.11408501592569781,7.0,False
arxiv,Materials & power devices,Cryo,Cryogenic CMOS / quantum control,2022,11.0,11,6048.057,0.18187659276359333,11.0,False
arxiv,Materials & power devices,Cryo,Cryogenic CMOS / quantum control,2023,6.0,6,6033.456,0.09944549193695951,6.0,False
arxiv,Materials & power devices,Cryo,Cryogenic CMOS / quantum control,2024,10.0,10,6512.4456,0.1535521463703282,10.0,False
arxiv,Materials & power devices,Cryo,Cryogenic CMOS / quantum control,2025,17.0,17,7554.393839383938,0.2250346005442887,17.0,False
arxiv,Materials & power devices,Cryo,Cryogenic CMOS / quantum control,2026,13.0,13,5154.832366473294,0.2521905481262821,13.0,True
arxiv,Materials & power devices,Ga2O3,Ga2O3 / ultra-wide bandgap,2014,5.0,5,2464.9743,0.20284187141423748,5.0,False
arxiv,Materials & power devices,Ga2O3,Ga2O3 / ultra-wide bandgap,2015,6.0,6,2858.9509,0.20986719289232986,6.0,False
arxiv,Materials & power devices,Ga2O3,Ga2O3 / ultra-wide bandgap,2016,8.0,8,3115.9173834766952,0.2567462167778568,8.0,False
arxiv,Materials & power devices,Ga2O3,Ga2O3 / ultra-wide bandgap,2017,17.0,17,3660.6412,0.46439951558213355,17.0,False
arxiv,Materials & power devices,Ga2O3,Ga2O3 / ultra-wide bandgap,2018,21.0,21,4563.178217821782,0.4602055628242432,21.0,False
arxiv,Materials & power devices,Ga2O3,Ga2O3 / ultra-wide bandgap,2019,32.0,32,5484.85198519852,0.5834250420313172,32.0,False
arxiv,Materials & power devices,Ga2O3,Ga2O3 / ultra-wide bandgap,2020,53.0,53,7339.3466,0.7221351284867784,53.0,False
arxiv,Materials & power devices,Ga2O3,Ga2O3 / ultra-wide bandgap,2021,40.0,40,6135.7751,0.6519143767182731,40.0,False
arxiv,Materials & power devices,Ga2O3,Ga2O3 / ultra-wide bandgap,2022,37.0,37,6048.057,0.6117667211139048,37.0,False
arxiv,Materials & power devices,Ga2O3,Ga2O3 / ultra-wide bandgap,2023,37.0,37,6033.456,0.613247200277917,37.0,False
arxiv,Materials & power devices,Ga2O3,Ga2O3 / ultra-wide bandgap,2024,62.0,62,6512.4456,0.9520233074960349,62.0,False
arxiv,Materials & power devices,Ga2O3,Ga2O3 / ultra-wide bandgap,2025,79.0,79,7554.393839383938,1.0457490260587534,79.0,False
arxiv,Materials & power devices,Ga2O3,Ga2O3 / ultra-wide bandgap,2026,56.0,56,5154.832366473294,1.0863592842362921,56.0,True
arxiv,Materials & power devices,GaN,GaN power / RF,2014,8.43,4,2464.9743,0.34212662311868053,8.4,False
arxiv,Materials & power devices,GaN,GaN power / RF,2015,20.94,10,2858.9509,0.7324365031942311,20.9,False
arxiv,Materials & power devices,GaN,GaN power / RF,2016,30.93,14,3115.9173834766952,0.9925166875089999,30.9,False
arxiv,Materials & power devices,GaN,GaN power / RF,2017,46.79,20,3660.6412,1.2781003138648683,46.8,False
arxiv,Materials & power devices,GaN,GaN power / RF,2018,50.23,20,4563.178217821782,1.1006948286723328,50.2,False
arxiv,Materials & power devices,GaN,GaN power / RF,2019,81.12,27,5484.85198519852,1.4789277854516991,81.1,False
arxiv,Materials & power devices,GaN,GaN power / RF,2020,102.5,32,7339.3466,1.396527587346809,102.5,False
arxiv,Materials & power devices,GaN,GaN power / RF,2021,91.38,27,6135.7751,1.4892495000346404,91.4,False
arxiv,Materials & power devices,GaN,GaN power / RF,2022,85.32,25,6048.057,1.4106458762982337,85.3,False
arxiv,Materials & power devices,GaN,GaN power / RF,2023,106.78,29,6033.456,1.7697651230074443,106.8,False
arxiv,Materials & power devices,GaN,GaN power / RF,2024,68.64,16,6512.4456,1.053981932685933,68.6,False
arxiv,Materials & power devices,GaN,GaN power / RF,2025,106.21,21,7554.393839383938,1.4059499975534968,106.2,False
arxiv,Materials & power devices,GaN,GaN power / RF,2026,65.66,22,5154.832366473294,1.2736657308266992,65.7,True
arxiv,Materials & power devices,OxideSemi,Oxide semiconductor (IGZO),2014,4.0,4,2464.9743,0.16227349713138997,4.0,False
arxiv,Materials & power devices,OxideSemi,Oxide semiconductor (IGZO),2015,1.0,1,2858.9509,0.034977865482054976,1.0,False
arxiv,Materials & power devices,OxideSemi,Oxide semiconductor (IGZO),2016,2.0,2,3115.9173834766952,0.0641865541944642,2.0,False
arxiv,Materials & power devices,OxideSemi,Oxide semiconductor (IGZO),2017,7.0,7,3660.6412,0.19122332994558439,7.0,False
arxiv,Materials & power devices,OxideSemi,Oxide semiconductor (IGZO),2018,4.0,4,4563.178217821782,0.08765820244271298,4.0,False
arxiv,Materials & power devices,OxideSemi,Oxide semiconductor (IGZO),2019,8.0,8,5484.85198519852,0.1458562605078293,8.0,False
arxiv,Materials & power devices,OxideSemi,Oxide semiconductor (IGZO),2020,3.0,3,7339.3466,0.040875573310572365,3.0,False
arxiv,Materials & power devices,OxideSemi,Oxide semiconductor (IGZO),2021,4.0,4,6135.7751,0.06519143767182732,4.0,False
arxiv,Materials & power devices,OxideSemi,Oxide semiconductor (IGZO),2022,2.0,2,6048.057,0.033068471411562425,2.0,False
arxiv,Materials & power devices,OxideSemi,Oxide semiconductor (IGZO),2023,4.0,4,6033.456,0.06629699462463967,4.0,False
arxiv,Materials & power devices,OxideSemi,Oxide semiconductor (IGZO),2024,3.0,3,6512.4456,0.046065643911098464,3.0,False
arxiv,Materials & power devices,OxideSemi,Oxide semiconductor (IGZO),2025,21.0,21,7554.393839383938,0.27798391831941544,21.0,False
arxiv,Materials & power devices,OxideSemi,Oxide semiconductor (IGZO),2026,15.0,15,5154.832366473294,0.29098909399186396,15.0,True
arxiv,Materials & power devices,SiC,SiC power,2014,12.0,12,2464.9743,0.48682049139416994,12.0,False
arxiv,Materials & power devices,SiC,SiC power,2015,9.0,9,2858.9509,0.31480078933849476,9.0,False
arxiv,Materials & power devices,SiC,SiC power,2016,11.0,11,3115.9173834766952,0.3530260480695531,11.0,False
arxiv,Materials & power devices,SiC,SiC power,2017,17.0,17,3660.6412,0.46439951558213355,17.0,False
arxiv,Materials & power devices,SiC,SiC power,2018,15.0,15,4563.178217821782,0.3287182591601737,15.0,False
arxiv,Materials & power devices,SiC,SiC power,2019,26.0,26,5484.85198519852,0.4740328466504452,26.0,False
arxiv,Materials & power devices,SiC,SiC power,2020,21.0,21,7339.3466,0.2861290131740065,21.0,False
arxiv,Materials & power devices,SiC,SiC power,2021,24.67,24,6135.7751,0.4021104125431098,24.7,False
arxiv,Materials & power devices,SiC,SiC power,2022,36.0,36,6048.057,0.5952324854081237,36.0,False
arxiv,Materials & power devices,SiC,SiC power,2023,42.0,42,6033.456,0.6961184435587165,42.0,False
arxiv,Materials & power devices,SiC,SiC power,2024,55.75,27,6512.4456,0.8560572955083723,55.8,False
arxiv,Materials & power devices,SiC,SiC power,2025,52.0,52,7554.393839383938,0.6883411310766478,52.0,False
arxiv,Materials & power devices,SiC,SiC power,2026,41.0,41,5154.832366473294,0.7953701902444281,41.0,True
arxiv,Materials & power devices,SiQubit,Silicon spin qubit,2014,1.0,1,2464.9743,0.04056837428284749,1.0,False
arxiv,Materials & power devices,SiQubit,Silicon spin qubit,2015,1.0,1,2858.9509,0.034977865482054976,1.0,False
arxiv,Materials & power devices,SiQubit,Silicon spin qubit,2016,7.0,7,3115.9173834766952,0.22465293968062472,7.0,False
arxiv,Materials & power devices,SiQubit,Silicon spin qubit,2017,3.0,3,3660.6412,0.08195285569096473,3.0,False
arxiv,Materials & power devices,SiQubit,Silicon spin qubit,2018,17.0,17,4563.178217821782,0.3725473603815302,17.0,False
arxiv,Materials & power devices,SiQubit,Silicon spin qubit,2019,14.0,14,5484.85198519852,0.25524845588870126,14.0,False
arxiv,Materials & power devices,SiQubit,Silicon spin qubit,2020,14.0,14,7339.3466,0.1907526754493377,14.0,False
arxiv,Materials & power devices,SiQubit,Silicon spin qubit,2021,14.0,14,6135.7751,0.22817003185139562,14.0,False
arxiv,Materials & power devices,SiQubit,Silicon spin qubit,2022,15.0,15,6048.057,0.24801353558671818,15.0,False
arxiv,Materials & power devices,SiQubit,Silicon spin qubit,2023,20.0,20,6033.456,0.33148497312319836,20.0,False
arxiv,Materials & power devices,SiQubit,Silicon spin qubit,2024,17.0,17,6512.4456,0.26103864882955796,17.0,False
arxiv,Materials & power devices,SiQubit,Silicon spin qubit,2025,20.0,20,7554.393839383938,0.2647465888756338,20.0,False
arxiv,Materials & power devices,SiQubit,Silicon spin qubit,2026,27.0,27,5154.832366473294,0.5237803691853551,27.0,True
arxiv,Memory,3DNAND,3D NAND,2014,1.0,1,2464.9743,0.04056837428284749,1.0,False
arxiv,Memory,3DNAND,3D NAND,2015,4.0,4,2858.9509,0.1399114619282199,4.0,False
arxiv,Memory,3DNAND,3D NAND,2016,3.0,3,3115.9173834766952,0.0962798312916963,3.0,False
arxiv,Memory,3DNAND,3D NAND,2017,5.0,5,3660.6412,0.13658809281827458,5.0,False
arxiv,Memory,3DNAND,3D NAND,2018,8.0,8,4563.178217821782,0.17531640488542596,8.0,False
arxiv,Memory,3DNAND,3D NAND,2019,8.0,8,5484.85198519852,0.1458562605078293,8.0,False
arxiv,Memory,3DNAND,3D NAND,2020,6.0,6,7339.3466,0.08175114662114473,6.0,False
arxiv,Memory,3DNAND,3D NAND,2021,8.0,8,6135.7751,0.13038287534365464,8.0,False
arxiv,Memory,3DNAND,3D NAND,2022,7.0,7,6048.057,0.1157396499404685,7.0,False
arxiv,Memory,3DNAND,3D NAND,2023,10.0,10,6033.456,0.16574248656159918,10.0,False
arxiv,Memory,3DNAND,3D NAND,2024,12.0,12,6512.4456,0.18426257564439386,12.0,False
arxiv,Memory,3DNAND,3D NAND,2025,22.0,22,7554.393839383938,0.29122124776319713,22.0,False
arxiv,Memory,3DNAND,3D NAND,2026,12.0,12,5154.832366473294,0.2327912751934912,12.0,True
arxiv,Memory,CIM,Compute-in-memory / PIM,2014,2.0,2,2464.9743,0.08113674856569499,2.0,False
arxiv,Memory,CIM,Compute-in-memory / PIM,2015,4.0,4,2858.9509,0.1399114619282199,4.0,False
arxiv,Memory,CIM,Compute-in-memory / PIM,2016,11.19,11,3115.9173834766952,0.3590274908867354,11.2,False
arxiv,Memory,CIM,Compute-in-memory / PIM,2017,18.88,18,3660.6412,0.5156473680075498,18.9,False
arxiv,Memory,CIM,Compute-in-memory / PIM,2018,20.37,20,4563.178217821782,0.4463263474374803,20.4,False
arxiv,Memory,CIM,Compute-in-memory / PIM,2019,46.55,42,5484.85198519852,0.8487011158299324,46.6,False
arxiv,Memory,CIM,Compute-in-memory / PIM,2020,60.72,52,7339.3466,0.8273430479213586,60.7,False
arxiv,Memory,CIM,Compute-in-memory / PIM,2021,76.1,66,6135.7751,1.240234505987679,76.1,False
arxiv,Memory,CIM,Compute-in-memory / PIM,2022,124.14,111,6048.057,2.0526222307154027,124.1,False
arxiv,Memory,CIM,Compute-in-memory / PIM,2023,125.81,104,6033.456,2.085128876937747,125.8,False
arxiv,Memory,CIM,Compute-in-memory / PIM,2024,215.93,164,6512.4456,3.3157026806232817,215.9,False
arxiv,Memory,CIM,Compute-in-memory / PIM,2025,185.91,117,7554.393839383938,2.4609916288817835,185.9,False
arxiv,Memory,CIM,Compute-in-memory / PIM,2026,151.5,136,5154.832366473294,2.9390674464095623,151.5,True
arxiv,Memory,DRAM,DRAM (incl. 3D / vertical channel),2014,5.0,5,2464.9743,0.20284187141423748,5.0,False
arxiv,Memory,DRAM,DRAM (incl. 3D / vertical channel),2015,17.0,17,2858.9509,0.5946237131949346,17.0,False
arxiv,Memory,DRAM,DRAM (incl. 3D / vertical channel),2016,28.03,28,3115.9173834766952,0.8995121713063888,28.0,False
arxiv,Memory,DRAM,DRAM (incl. 3D / vertical channel),2017,27.0,27,3660.6412,0.7375757012186827,27.0,False
arxiv,Memory,DRAM,DRAM (incl. 3D / vertical channel),2018,60.0,60,4563.178217821782,1.3148730366406949,60.0,False
arxiv,Memory,DRAM,DRAM (incl. 3D / vertical channel),2019,76.0,76,5484.85198519852,1.3856344748243783,76.0,False
arxiv,Memory,DRAM,DRAM (incl. 3D / vertical channel),2020,62.0,62,7339.3466,0.8447618484184954,62.0,False
arxiv,Memory,DRAM,DRAM (incl. 3D / vertical channel),2021,79.0,79,6135.7751,1.2875308940185894,79.0,False
arxiv,Memory,DRAM,DRAM (incl. 3D / vertical channel),2022,74.0,74,6048.057,1.2235334422278097,74.0,False
arxiv,Memory,DRAM,DRAM (incl. 3D / vertical channel),2023,75.0,75,6033.456,1.243068649211994,75.0,False
arxiv,Memory,DRAM,DRAM (incl. 3D / vertical channel),2024,108.0,108,6512.4456,1.6583631807995447,108.0,False
arxiv,Memory,DRAM,DRAM (incl. 3D / vertical channel),2025,173.0,173,7554.393839383938,2.2900579937742322,173.0,False
arxiv,Memory,DRAM,DRAM (incl. 3D / vertical channel),2026,155.0,155,5154.832366473294,3.006887304582594,155.0,True
arxiv,Memory,FeRAM,FeRAM / ferroelectric memory,2014,1.0,1,2464.9743,0.04056837428284749,1.0,False
arxiv,Memory,FeRAM,FeRAM / ferroelectric memory,2015,3.0,3,2858.9509,0.10493359644616493,3.0,False
arxiv,Memory,FeRAM,FeRAM / ferroelectric memory,2016,6.0,6,3115.9173834766952,0.1925596625833926,6.0,False
arxiv,Memory,FeRAM,FeRAM / ferroelectric memory,2017,5.0,5,3660.6412,0.13658809281827458,5.0,False
arxiv,Memory,FeRAM,FeRAM / ferroelectric memory,2018,7.0,7,4563.178217821782,0.15340185427474773,7.0,False
arxiv,Memory,FeRAM,FeRAM / ferroelectric memory,2019,3.0,3,5484.85198519852,0.054696097690435985,3.0,False
arxiv,Memory,FeRAM,FeRAM / ferroelectric memory,2020,10.0,10,7339.3466,0.1362519110352412,10.0,False
arxiv,Memory,FeRAM,FeRAM / ferroelectric memory,2021,11.0,11,6135.7751,0.17927645359752512,11.0,False
arxiv,Memory,FeRAM,FeRAM / ferroelectric memory,2022,13.0,13,6048.057,0.21494506417515577,13.0,False
arxiv,Memory,FeRAM,FeRAM / ferroelectric memory,2023,8.0,8,6033.456,0.13259398924927934,8.0,False
arxiv,Memory,FeRAM,FeRAM / ferroelectric memory,2024,10.0,10,6512.4456,0.1535521463703282,10.0,False
arxiv,Memory,FeRAM,FeRAM / ferroelectric memory,2025,14.0,14,7554.393839383938,0.18532261221294363,14.0,False
arxiv,Memory,FeRAM,FeRAM / ferroelectric memory,2026,8.0,8,5154.832366473294,0.15519418346232744,8.0,True
arxiv,Memory,MRAM,MRAM / spintronic memory,2014,4.0,4,2464.9743,0.16227349713138997,4.0,False
arxiv,Memory,MRAM,MRAM / spintronic memory,2015,9.0,9,2858.9509,0.31480078933849476,9.0,False
arxiv,Memory,MRAM,MRAM / spintronic memory,2016,16.0,16,3115.9173834766952,0.5134924335557136,16.0,False
arxiv,Memory,MRAM,MRAM / spintronic memory,2017,11.0,11,3660.6412,0.30049380420020405,11.0,False
arxiv,Memory,MRAM,MRAM / spintronic memory,2018,20.0,20,4563.178217821782,0.4382910122135649,20.0,False
arxiv,Memory,MRAM,MRAM / spintronic memory,2019,28.0,28,5484.85198519852,0.5104969117774025,28.0,False
arxiv,Memory,MRAM,MRAM / spintronic memory,2020,28.0,28,7339.3466,0.3815053508986754,28.0,False
arxiv,Memory,MRAM,MRAM / spintronic memory,2021,36.63,31,6135.7751,0.5969427188794886,36.6,False
arxiv,Memory,MRAM,MRAM / spintronic memory,2022,26.0,26,6048.057,0.42989012835031154,26.0,False
arxiv,Memory,MRAM,MRAM / spintronic memory,2023,29.0,29,6033.456,0.4806532110286376,29.0,False
arxiv,Memory,MRAM,MRAM / spintronic memory,2024,23.0,23,6512.4456,0.3531699366517549,23.0,False
arxiv,Memory,MRAM,MRAM / spintronic memory,2025,34.0,34,7554.393839383938,0.4500692010885774,34.0,False
arxiv,Memory,MRAM,MRAM / spintronic memory,2026,19.0,19,5154.832366473294,0.3685861857230277,19.0,True
arxiv,Memory,PCM,Phase-change memory,2014,5.0,5,2464.9743,0.20284187141423748,5.0,False
arxiv,Memory,PCM,Phase-change memory,2015,5.0,5,2858.9509,0.17488932741027488,5.0,False
arxiv,Memory,PCM,Phase-change memory,2016,11.0,11,3115.9173834766952,0.3530260480695531,11.0,False
arxiv,Memory,PCM,Phase-change memory,2017,13.0,13,3660.6412,0.3551290413275139,13.0,False
arxiv,Memory,PCM,Phase-change memory,2018,13.0,13,4563.178217821782,0.2848891579388172,13.0,False
arxiv,Memory,PCM,Phase-change memory,2019,32.0,32,5484.85198519852,0.5834250420313172,32.0,False
arxiv,Memory,PCM,Phase-change memory,2020,30.0,30,7339.3466,0.4087557331057236,30.0,False
arxiv,Memory,PCM,Phase-change memory,2021,30.0,30,6135.7751,0.48893578253870484,30.0,False
arxiv,Memory,PCM,Phase-change memory,2022,19.0,19,6048.057,0.31415047840984306,19.0,False
arxiv,Memory,PCM,Phase-change memory,2023,13.0,13,6033.456,0.21546523253007893,13.0,False
arxiv,Memory,PCM,Phase-change memory,2024,18.0,18,6512.4456,0.2763938634665908,18.0,False
arxiv,Memory,PCM,Phase-change memory,2025,27.0,27,7554.393839383938,0.35740789498210557,27.0,False
arxiv,Memory,PCM,Phase-change memory,2026,14.0,14,5154.832366473294,0.27158982105907303,14.0,True
arxiv,Memory,RRAM,RRAM / memristor,2014,32.0,32,2464.9743,1.2981879770511198,32.0,False
arxiv,Memory,RRAM,RRAM / memristor,2015,45.0,45,2858.9509,1.574003946692474,45.0,False
arxiv,Memory,RRAM,RRAM / memristor,2016,62.0,62,3115.9173834766952,1.9897831800283903,62.0,False
arxiv,Memory,RRAM,RRAM / memristor,2017,62.0,62,3660.6412,1.6936923509466046,62.0,False
arxiv,Memory,RRAM,RRAM / memristor,2018,92.0,92,4563.178217821782,2.016138656182399,92.0,False
arxiv,Memory,RRAM,RRAM / memristor,2019,101.0,101,5484.85198519852,1.8414352889113448,101.0,False
arxiv,Memory,RRAM,RRAM / memristor,2020,125.0,125,7339.3466,1.703148887940515,125.0,False
arxiv,Memory,RRAM,RRAM / memristor,2021,123.0,123,6135.7751,2.00463670840869,123.0,False
arxiv,Memory,RRAM,RRAM / memristor,2022,143.11,143,6048.057,2.3661549289221973,143.1,False
arxiv,Memory,RRAM,RRAM / memristor,2023,148.0,148,6033.456,2.452988801111668,148.0,False
arxiv,Memory,RRAM,RRAM / memristor,2024,195.36,185,6512.4456,2.99979473149074,195.4,False
arxiv,Memory,RRAM,RRAM / memristor,2025,179.06,153,7554.393839383938,2.3702894475329903,179.1,False
arxiv,Memory,RRAM,RRAM / memristor,2026,121.0,121,5154.832366473294,2.3473120248677026,121.0,True
arxiv,Transistor architecture,2D-channel,2D-material channel (MoS2 / TMD),2014,64.78,59,2464.9743,2.6281004227914253,64.8,False
arxiv,Transistor architecture,2D-channel,2D-material channel (MoS2 / TMD),2015,64.71,45,2858.9509,2.2634176753437787,64.7,False
arxiv,Transistor architecture,2D-channel,2D-material channel (MoS2 / TMD),2016,52.34,29,3115.9173834766952,1.679612354642675,52.3,False
arxiv,Transistor architecture,2D-channel,2D-material channel (MoS2 / TMD),2017,72.61,33,3660.6412,1.983559601525547,72.6,False
arxiv,Transistor architecture,2D-channel,2D-material channel (MoS2 / TMD),2018,82.79,33,4563.178217821782,1.814217986855611,82.8,False
arxiv,Transistor architecture,2D-channel,2D-material channel (MoS2 / TMD),2019,56.8,21,5484.85198519852,1.0355429855404614,56.8,False
arxiv,Transistor architecture,2D-channel,2D-material channel (MoS2 / TMD),2020,94.57,32,7339.3466,1.2885434061210115,94.6,False
arxiv,Transistor architecture,2D-channel,2D-material channel (MoS2 / TMD),2021,75.64,27,6135.7751,1.232822474291824,75.6,False
arxiv,Transistor architecture,2D-channel,2D-material channel (MoS2 / TMD),2022,76.4,29,6048.057,1.2632453794698038,76.4,False
arxiv,Transistor architecture,2D-channel,2D-material channel (MoS2 / TMD),2023,59.98,23,6033.456,0.994189731391096,60.0,False
arxiv,Transistor architecture,2D-channel,2D-material channel (MoS2 / TMD),2024,63.06,21,6512.4456,0.9682384141527421,63.1,False
arxiv,Transistor architecture,2D-channel,2D-material channel (MoS2 / TMD),2025,50.54,17,7554.393839383938,0.6690278674181701,50.5,False
arxiv,Transistor architecture,2D-channel,2D-material channel (MoS2 / TMD),2026,52.95,26,5154.832366473294,1.0272623327478025,53.0,True
arxiv,Transistor architecture,BSPDN,Backside power delivery,2014,0.0,0,2464.9743,0.0,0.0,False
arxiv,Transistor architecture,BSPDN,Backside power delivery,2015,0.0,0,2858.9509,0.0,0.0,False
arxiv,Transistor architecture,BSPDN,Backside power delivery,2016,0.0,0,3115.9173834766952,0.0,0.0,False
arxiv,Transistor architecture,BSPDN,Backside power delivery,2017,0.0,0,3660.6412,0.0,0.0,False
arxiv,Transistor architecture,BSPDN,Backside power delivery,2018,0.0,0,4563.178217821782,0.0,0.0,False
arxiv,Transistor architecture,BSPDN,Backside power delivery,2019,0.0,0,5484.85198519852,0.0,0.0,False
arxiv,Transistor architecture,BSPDN,Backside power delivery,2020,0.0,0,7339.3466,0.0,0.0,False
arxiv,Transistor architecture,BSPDN,Backside power delivery,2021,0.0,0,6135.7751,0.0,0.0,False
arxiv,Transistor architecture,BSPDN,Backside power delivery,2022,0.0,0,6048.057,0.0,0.0,False
arxiv,Transistor architecture,BSPDN,Backside power delivery,2023,0.0,0,6033.456,0.0,0.0,False
arxiv,Transistor architecture,BSPDN,Backside power delivery,2024,2.0,2,6512.4456,0.030710429274065646,2.0,False
arxiv,Transistor architecture,BSPDN,Backside power delivery,2025,1.0,1,7554.393839383938,0.01323732944378169,1.0,False
arxiv,Transistor architecture,BSPDN,Backside power delivery,2026,3.0,3,5154.832366473294,0.0581978187983728,3.0,True
arxiv,Transistor architecture,CFET,CFET (complementary FET),2014,0.0,0,2464.9743,0.0,0.0,False
arxiv,Transistor architecture,CFET,CFET (complementary FET),2015,0.0,0,2858.9509,0.0,0.0,False
arxiv,Transistor architecture,CFET,CFET (complementary FET),2016,0.0,0,3115.9173834766952,0.0,0.0,False
arxiv,Transistor architecture,CFET,CFET (complementary FET),2017,0.0,0,3660.6412,0.0,0.0,False
arxiv,Transistor architecture,CFET,CFET (complementary FET),2018,0.0,0,4563.178217821782,0.0,0.0,False
arxiv,Transistor architecture,CFET,CFET (complementary FET),2019,0.0,0,5484.85198519852,0.0,0.0,False
arxiv,Transistor architecture,CFET,CFET (complementary FET),2020,0.0,0,7339.3466,0.0,0.0,False
arxiv,Transistor architecture,CFET,CFET (complementary FET),2021,0.0,0,6135.7751,0.0,0.0,False
arxiv,Transistor architecture,CFET,CFET (complementary FET),2022,1.0,1,6048.057,0.016534235705781213,1.0,False
arxiv,Transistor architecture,CFET,CFET (complementary FET),2023,0.0,0,6033.456,0.0,0.0,False
arxiv,Transistor architecture,CFET,CFET (complementary FET),2024,1.0,1,6512.4456,0.015355214637032823,1.0,False
arxiv,Transistor architecture,CFET,CFET (complementary FET),2025,6.0,6,7554.393839383938,0.07942397666269013,6.0,False
arxiv,Transistor architecture,CFET,CFET (complementary FET),2026,4.0,4,5154.832366473294,0.07759709173116372,4.0,True
arxiv,Transistor architecture,FeFET,Ferroelectric / negative-capacitance FET,2014,3.0,3,2464.9743,0.12170512284854249,3.0,False
arxiv,Transistor architecture,FeFET,Ferroelectric / negative-capacitance FET,2015,3.0,3,2858.9509,0.10493359644616493,3.0,False
arxiv,Transistor architecture,FeFET,Ferroelectric / negative-capacitance FET,2016,3.0,3,3115.9173834766952,0.0962798312916963,3.0,False
arxiv,Transistor architecture,FeFET,Ferroelectric / negative-capacitance FET,2017,11.0,11,3660.6412,0.30049380420020405,11.0,False
arxiv,Transistor architecture,FeFET,Ferroelectric / negative-capacitance FET,2018,14.0,14,4563.178217821782,0.30680370854949546,14.0,False
arxiv,Transistor architecture,FeFET,Ferroelectric / negative-capacitance FET,2019,19.0,19,5484.85198519852,0.3464086187060946,19.0,False
arxiv,Transistor architecture,FeFET,Ferroelectric / negative-capacitance FET,2020,30.0,30,7339.3466,0.4087557331057236,30.0,False
arxiv,Transistor architecture,FeFET,Ferroelectric / negative-capacitance FET,2021,33.0,33,6135.7751,0.5378293607925754,33.0,False
arxiv,Transistor architecture,FeFET,Ferroelectric / negative-capacitance FET,2022,43.0,43,6048.057,0.7109721353485922,43.0,False
arxiv,Transistor architecture,FeFET,Ferroelectric / negative-capacitance FET,2023,37.0,37,6033.456,0.613247200277917,37.0,False
arxiv,Transistor architecture,FeFET,Ferroelectric / negative-capacitance FET,2024,42.0,42,6512.4456,0.6449190147553785,42.0,False
arxiv,Transistor architecture,FeFET,Ferroelectric / negative-capacitance FET,2025,40.0,40,7554.393839383938,0.5294931777512676,40.0,False
arxiv,Transistor architecture,FeFET,Ferroelectric / negative-capacitance FET,2026,31.0,31,5154.832366473294,0.6013774609165189,31.0,True
arxiv,Transistor architecture,FinFET,FinFET,2014,1.0,1,2464.9743,0.04056837428284749,1.0,False
arxiv,Transistor architecture,FinFET,FinFET,2015,2.0,2,2858.9509,0.06995573096410995,2.0,False
arxiv,Transistor architecture,FinFET,FinFET,2016,6.0,6,3115.9173834766952,0.1925596625833926,6.0,False
arxiv,Transistor architecture,FinFET,FinFET,2017,4.0,4,3660.6412,0.10927047425461965,4.0,False
arxiv,Transistor architecture,FinFET,FinFET,2018,6.0,6,4563.178217821782,0.13148730366406947,6.0,False
arxiv,Transistor architecture,FinFET,FinFET,2019,9.0,9,5484.85198519852,0.16408829307130796,9.0,False
arxiv,Transistor architecture,FinFET,FinFET,2020,14.0,14,7339.3466,0.1907526754493377,14.0,False
arxiv,Transistor architecture,FinFET,FinFET,2021,15.0,15,6135.7751,0.24446789126935242,15.0,False
arxiv,Transistor architecture,FinFET,FinFET,2022,19.0,19,6048.057,0.31415047840984306,19.0,False
arxiv,Transistor architecture,FinFET,FinFET,2023,12.0,12,6033.456,0.19889098387391901,12.0,False
arxiv,Transistor architecture,FinFET,FinFET,2024,21.0,21,6512.4456,0.32245950737768925,21.0,False
arxiv,Transistor architecture,FinFET,FinFET,2025,26.0,26,7554.393839383938,0.3441705655383239,26.0,False
arxiv,Transistor architecture,FinFET,FinFET,2026,21.0,21,5154.832366473294,0.40738473158860955,21.0,True
arxiv,Transistor architecture,GAA,GAA / nanosheet,2014,3.01,1,2464.9743,0.12209728379994333,3.0,False
arxiv,Transistor architecture,GAA,GAA / nanosheet,2015,0.0,0,2858.9509,0.0,0.0,False
arxiv,Transistor architecture,GAA,GAA / nanosheet,2016,0.0,0,3115.9173834766952,0.0,0.0,False
arxiv,Transistor architecture,GAA,GAA / nanosheet,2017,0.0,0,3660.6412,0.0,0.0,False
arxiv,Transistor architecture,GAA,GAA / nanosheet,2018,4.11,1,4563.178217821782,0.09014185151192318,4.1,False
arxiv,Transistor architecture,GAA,GAA / nanosheet,2019,0.0,0,5484.85198519852,0.0,0.0,False
arxiv,Transistor architecture,GAA,GAA / nanosheet,2020,0.0,0,7339.3466,0.0,0.0,False
arxiv,Transistor architecture,GAA,GAA / nanosheet,2021,4.26,1,6135.7751,0.06946147683933199,4.3,False
arxiv,Transistor architecture,GAA,GAA / nanosheet,2022,7.51,2,6048.057,0.12413904167900534,7.5,False
arxiv,Transistor architecture,GAA,GAA / nanosheet,2023,0.0,0,6033.456,0.0,0.0,False
arxiv,Transistor architecture,GAA,GAA / nanosheet,2024,7.18,2,6512.4456,0.11025044109389566,7.2,False
arxiv,Transistor architecture,GAA,GAA / nanosheet,2025,10.31,3,7554.393839383938,0.13643715457705788,10.3,False
arxiv,Transistor architecture,GAA,GAA / nanosheet,2026,8.99,4,5154.832366473294,0.17430893372543743,9.0,True
arxiv,Transistor architecture,Node,"Advanced node (7/5/3/2 nm, A16/A14)",2014,0.0,0,2464.9743,0.0,0.0,False
arxiv,Transistor architecture,Node,"Advanced node (7/5/3/2 nm, A16/A14)",2015,7.81,2,2858.9509,0.2732704037228015,7.8,False
arxiv,Transistor architecture,Node,"Advanced node (7/5/3/2 nm, A16/A14)",2016,3.84,1,3115.9173834766952,0.1231739974991768,3.8,False
arxiv,Transistor architecture,Node,"Advanced node (7/5/3/2 nm, A16/A14)",2017,3.97,1,3660.6412,0.10836899284201904,4.0,False
arxiv,Transistor architecture,Node,"Advanced node (7/5/3/2 nm, A16/A14)",2018,0.0,0,4563.178217821782,0.0,0.0,False
arxiv,Transistor architecture,Node,"Advanced node (7/5/3/2 nm, A16/A14)",2019,0.0,0,5484.85198519852,0.0,0.0,False
arxiv,Transistor architecture,Node,"Advanced node (7/5/3/2 nm, A16/A14)",2020,4.53,1,7339.3466,0.06165398974344665,4.5,False
arxiv,Transistor architecture,Node,"Advanced node (7/5/3/2 nm, A16/A14)",2021,4.02,1,6135.7751,0.06550663468624596,4.0,False
arxiv,Transistor architecture,Node,"Advanced node (7/5/3/2 nm, A16/A14)",2022,2.82,1,6048.057,0.04669268163312614,2.8,False
arxiv,Transistor architecture,Node,"Advanced node (7/5/3/2 nm, A16/A14)",2023,16.78,6,6033.456,0.27811589245036344,16.8,False
arxiv,Transistor architecture,Node,"Advanced node (7/5/3/2 nm, A16/A14)",2024,12.35,4,6512.4456,0.18964713757711338,12.4,False
arxiv,Transistor architecture,Node,"Advanced node (7/5/3/2 nm, A16/A14)",2025,23.72,8,7554.393839383938,0.31398945440650167,23.7,False
arxiv,Transistor architecture,Node,"Advanced node (7/5/3/2 nm, A16/A14)",2026,13.34,7,5154.832366473294,0.2588250994692966,13.3,True
arxiv,Transistor architecture,TFET,Tunnel FET,2014,12.0,12,2464.9743,0.48682049139416994,12.0,False
arxiv,Transistor architecture,TFET,Tunnel FET,2015,16.0,16,2858.9509,0.5596458477128796,16.0,False
arxiv,Transistor architecture,TFET,Tunnel FET,2016,12.0,12,3115.9173834766952,0.3851193251667852,12.0,False
arxiv,Transistor architecture,TFET,Tunnel FET,2017,12.0,12,3660.6412,0.32781142276385894,12.0,False
arxiv,Transistor architecture,TFET,Tunnel FET,2018,9.0,9,4563.178217821782,0.19723095549610423,9.0,False
arxiv,Transistor architecture,TFET,Tunnel FET,2019,5.0,5,5484.85198519852,0.09116016281739331,5.0,False
arxiv,Transistor architecture,TFET,Tunnel FET,2020,11.0,11,7339.3466,0.14987710213876532,11.0,False
arxiv,Transistor architecture,TFET,Tunnel FET,2021,5.0,5,6135.7751,0.08148929708978414,5.0,False
arxiv,Transistor architecture,TFET,Tunnel FET,2022,4.0,4,6048.057,0.06613694282312485,4.0,False
arxiv,Transistor architecture,TFET,Tunnel FET,2023,3.0,3,6033.456,0.049722745968479753,3.0,False
arxiv,Transistor architecture,TFET,Tunnel FET,2024,7.0,7,6512.4456,0.10748650245922975,7.0,False
arxiv,Transistor architecture,TFET,Tunnel FET,2025,2.0,2,7554.393839383938,0.02647465888756338,2.0,False
arxiv,Transistor architecture,TFET,Tunnel FET,2026,2.0,2,5154.832366473294,0.03879854586558186,2.0,True
ieee,Advanced packaging,3DIC,"2.5D / 3D integration (TSV, interposer)",2014,257.96,75,7137.0804,3.6143676556323965,258.0,False
ieee,Advanced packaging,3DIC,"2.5D / 3D integration (TSV, interposer)",2015,275.51,265,7718.1572,3.569656065915161,275.5,False
ieee,Advanced packaging,3DIC,"2.5D / 3D integration (TSV, interposer)",2016,306.0,306,7973.082716543308,3.837913274937963,306.0,False
ieee,Advanced packaging,3DIC,"2.5D / 3D integration (TSV, interposer)",2017,207.0,207,8041.0714,2.574283819939716,207.0,False
ieee,Advanced packaging,3DIC,"2.5D / 3D integration (TSV, interposer)",2018,341.0,341,14043.661566156616,2.4281416808118284,341.0,False
ieee,Advanced packaging,3DIC,"2.5D / 3D integration (TSV, interposer)",2019,461.0,461,17535.061506150614,2.6290184373650427,461.0,False
ieee,Advanced packaging,3DIC,"2.5D / 3D integration (TSV, interposer)",2020,406.0,406,16396.6289,2.4761187343820414,406.0,False
ieee,Advanced packaging,3DIC,"2.5D / 3D integration (TSV, interposer)",2021,451.0,451,18214.6793,2.476024927872323,451.0,False
ieee,Advanced packaging,3DIC,"2.5D / 3D integration (TSV, interposer)",2022,455.0,455,18038.9874,2.522314528586011,455.0,False
ieee,Advanced packaging,3DIC,"2.5D / 3D integration (TSV, interposer)",2023,598.0,598,21153.6624,2.826933647196714,598.0,False
ieee,Advanced packaging,3DIC,"2.5D / 3D integration (TSV, interposer)",2024,772.0,254,22989.7176,3.358033361118135,772.0,False
ieee,Advanced packaging,3DIC,"2.5D / 3D integration (TSV, interposer)",2025,905.66,879,25066.852285228524,3.6129905330543033,905.7,False
ieee,Advanced packaging,3DIC,"2.5D / 3D integration (TSV, interposer)",2026,538.0,538,13916.627325465093,3.8658791919759916,538.0,True
ieee,Advanced packaging,CPO,Silicon photonics / co-packaged optics,2014,92.77,55,7137.0804,1.2997845262702477,92.8,False
ieee,Advanced packaging,CPO,Silicon photonics / co-packaged optics,2015,120.2,69,7718.1572,1.5573406563939913,120.2,False
ieee,Advanced packaging,CPO,Silicon photonics / co-packaged optics,2016,115.06,66,7973.082716543308,1.4431055601776557,115.1,False
ieee,Advanced packaging,CPO,Silicon photonics / co-packaged optics,2017,127.45,71,8041.0714,1.584925610783659,127.4,False
ieee,Advanced packaging,CPO,Silicon photonics / co-packaged optics,2018,253.66,142,14043.661566156616,1.8062193548199699,253.7,False
ieee,Advanced packaging,CPO,Silicon photonics / co-packaged optics,2019,321.88,184,17535.061506150614,1.8356213533692551,321.9,False
ieee,Advanced packaging,CPO,Silicon photonics / co-packaged optics,2020,249.53,148,16396.6289,1.521825013677054,249.5,False
ieee,Advanced packaging,CPO,Silicon photonics / co-packaged optics,2021,251.37,162,18214.6793,1.3800407674484867,251.4,False
ieee,Advanced packaging,CPO,Silicon photonics / co-packaged optics,2022,281.18,203,18038.9874,1.5587408213027039,281.2,False
ieee,Advanced packaging,CPO,Silicon photonics / co-packaged optics,2023,380.35,252,21153.6624,1.7980432551481094,380.4,False
ieee,Advanced packaging,CPO,Silicon photonics / co-packaged optics,2024,382.02,244,22989.7176,1.6617110019075128,382.0,False
ieee,Advanced packaging,CPO,Silicon photonics / co-packaged optics,2025,477.94,259,25066.852285228524,1.9066667322046433,477.9,False
ieee,Advanced packaging,CPO,Silicon photonics / co-packaged optics,2026,255.32,195,13916.627325465093,1.8346399169057854,255.3,True
ieee,Advanced packaging,Chiplet,Chiplet / disaggregation,2014,10.21,9,7137.0804,0.14300528454246753,10.2,False
ieee,Advanced packaging,Chiplet,Chiplet / disaggregation,2015,5.59,5,7718.1572,0.07244820909668265,5.6,False
ieee,Advanced packaging,Chiplet,Chiplet / disaggregation,2016,5.15,1,7973.082716543308,0.06456361573627789,5.1,False
ieee,Advanced packaging,Chiplet,Chiplet / disaggregation,2017,10.58,10,8041.0714,0.13157450635247436,10.6,False
ieee,Advanced packaging,Chiplet,Chiplet / disaggregation,2018,51.43,50,14043.661566156616,0.36623876964737534,51.4,False
ieee,Advanced packaging,Chiplet,Chiplet / disaggregation,2019,97.29,94,17535.061506150614,0.55483124462309,97.3,False
ieee,Advanced packaging,Chiplet,Chiplet / disaggregation,2020,129.0,129,16396.6289,0.786747085554885,129.0,False
ieee,Advanced packaging,Chiplet,Chiplet / disaggregation,2021,145.0,145,18214.6793,0.7960612295820109,145.0,False
ieee,Advanced packaging,Chiplet,Chiplet / disaggregation,2022,163.0,163,18038.9874,0.9035983915593843,163.0,False
ieee,Advanced packaging,Chiplet,Chiplet / disaggregation,2023,260.0,260,21153.6624,1.229101585737702,260.0,False
ieee,Advanced packaging,Chiplet,Chiplet / disaggregation,2024,363.0,363,22989.7176,1.5789667638196652,363.0,False
ieee,Advanced packaging,Chiplet,Chiplet / disaggregation,2025,469.6,444,25066.852285228524,1.873406340199831,469.6,False
ieee,Advanced packaging,Chiplet,Chiplet / disaggregation,2026,305.0,305,13916.627325465093,2.1916229619938243,305.0,True
ieee,Advanced packaging,CoWoS,CoWoS,2014,1.0,1,7137.0804,0.014011331580347617,1.0,False
ieee,Advanced packaging,CoWoS,CoWoS,2015,1.0,1,7718.1572,0.012956460643221935,1.0,False
ieee,Advanced packaging,CoWoS,CoWoS,2016,0.0,0,7973.082716543308,0.0,0.0,False
ieee,Advanced packaging,CoWoS,CoWoS,2017,1.0,1,8041.0714,0.012436153719515536,1.0,False
ieee,Advanced packaging,CoWoS,CoWoS,2018,0.0,0,14043.661566156616,0.0,0.0,False
ieee,Advanced packaging,CoWoS,CoWoS,2019,4.0,4,17535.061506150614,0.022811439803601237,4.0,False
ieee,Advanced packaging,CoWoS,CoWoS,2020,5.0,5,16396.6289,0.030494073083522675,5.0,False
ieee,Advanced packaging,CoWoS,CoWoS,2021,9.0,9,18214.6793,0.049410697008538604,9.0,False
ieee,Advanced packaging,CoWoS,CoWoS,2022,6.0,6,18038.9874,0.0332612904868485,6.0,False
ieee,Advanced packaging,CoWoS,CoWoS,2023,10.0,10,21153.6624,0.04727313791298853,10.0,False
ieee,Advanced packaging,CoWoS,CoWoS,2024,16.0,16,22989.7176,0.06959633118764365,16.0,False
ieee,Advanced packaging,CoWoS,CoWoS,2025,20.0,20,25066.852285228524,0.07978664322279373,20.0,False
ieee,Advanced packaging,CoWoS,CoWoS,2026,14.0,14,13916.627325465093,0.1005990867800444,14.0,True
ieee,Advanced packaging,FanOut,Fan-out packaging (FOWLP / InFO / FOPLP),2014,38.06,24,7137.0804,0.5332152346217092,38.1,False
ieee,Advanced packaging,FanOut,Fan-out packaging (FOWLP / InFO / FOPLP),2015,28.67,17,7718.1572,0.37150491484331705,28.7,False
ieee,Advanced packaging,FanOut,Fan-out packaging (FOWLP / InFO / FOPLP),2016,36.7,19,7973.082716543308,0.4602402187198483,36.7,False
ieee,Advanced packaging,FanOut,Fan-out packaging (FOWLP / InFO / FOPLP),2017,50.81,23,8041.0714,0.6319390058726089,50.8,False
ieee,Advanced packaging,FanOut,Fan-out packaging (FOWLP / InFO / FOPLP),2018,126.76,71,14043.661566156616,0.9026041112535653,126.8,False
ieee,Advanced packaging,FanOut,Fan-out packaging (FOWLP / InFO / FOPLP),2019,123.71,70,17535.061506150614,0.7055198140590483,123.7,False
ieee,Advanced packaging,FanOut,Fan-out packaging (FOWLP / InFO / FOPLP),2020,163.99,85,16396.6289,1.0001649383754334,164.0,False
ieee,Advanced packaging,FanOut,Fan-out packaging (FOWLP / InFO / FOPLP),2021,158.33,99,18214.6793,0.8692659222388837,158.3,False
ieee,Advanced packaging,FanOut,Fan-out packaging (FOWLP / InFO / FOPLP),2022,190.0,190,18038.9874,1.0532741987502026,190.0,False
ieee,Advanced packaging,FanOut,Fan-out packaging (FOWLP / InFO / FOPLP),2023,172.07,172,21153.6624,0.8134499625675182,172.1,False
ieee,Advanced packaging,FanOut,Fan-out packaging (FOWLP / InFO / FOPLP),2024,211.0,211,22989.7176,0.9178016175370506,211.0,False
ieee,Advanced packaging,FanOut,Fan-out packaging (FOWLP / InFO / FOPLP),2025,227.0,227,25066.852285228524,0.9055784005787089,227.0,False
ieee,Advanced packaging,FanOut,Fan-out packaging (FOWLP / InFO / FOPLP),2026,133.0,133,13916.627325465093,0.9556913244104217,133.0,True
ieee,Advanced packaging,GlassSubstrate,Glass core / glass substrate,2014,29.0,29,7137.0804,0.4063286158300809,29.0,False
ieee,Advanced packaging,GlassSubstrate,Glass core / glass substrate,2015,24.0,24,7718.1572,0.31095505543732643,24.0,False
ieee,Advanced packaging,GlassSubstrate,Glass core / glass substrate,2016,24.0,24,7973.082716543308,0.3010128058774873,24.0,False
ieee,Advanced packaging,GlassSubstrate,Glass core / glass substrate,2017,18.0,18,8041.0714,0.22385076695127964,18.0,False
ieee,Advanced packaging,GlassSubstrate,Glass core / glass substrate,2018,11.0,11,14043.661566156616,0.07832715099392995,11.0,False
ieee,Advanced packaging,GlassSubstrate,Glass core / glass substrate,2019,10.0,10,17535.061506150614,0.057028599509003096,10.0,False
ieee,Advanced packaging,GlassSubstrate,Glass core / glass substrate,2020,20.0,20,16396.6289,0.1219762923340907,20.0,False
ieee,Advanced packaging,GlassSubstrate,Glass core / glass substrate,2021,22.0,22,18214.6793,0.12078170379864991,22.0,False
ieee,Advanced packaging,GlassSubstrate,Glass core / glass substrate,2022,21.0,21,18038.9874,0.11641451670396975,21.0,False
ieee,Advanced packaging,GlassSubstrate,Glass core / glass substrate,2023,37.0,37,21153.6624,0.17491061027805757,37.0,False
ieee,Advanced packaging,GlassSubstrate,Glass core / glass substrate,2024,41.0,41,22989.7176,0.17834059866833685,41.0,False
ieee,Advanced packaging,GlassSubstrate,Glass core / glass substrate,2025,63.0,63,25066.852285228524,0.2513279261518003,63.0,False
ieee,Advanced packaging,GlassSubstrate,Glass core / glass substrate,2026,41.0,41,13916.627325465093,0.2946116112844157,41.0,True
ieee,Advanced packaging,HBM,High-bandwidth memory (HBM),2014,4.0,4,7137.0804,0.05604532632139047,4.0,False
ieee,Advanced packaging,HBM,High-bandwidth memory (HBM),2015,12.0,12,7718.1572,0.15547752771866322,12.0,False
ieee,Advanced packaging,HBM,High-bandwidth memory (HBM),2016,14.0,14,7973.082716543308,0.17559080342853425,14.0,False
ieee,Advanced packaging,HBM,High-bandwidth memory (HBM),2017,12.0,12,8041.0714,0.14923384463418643,12.0,False
ieee,Advanced packaging,HBM,High-bandwidth memory (HBM),2018,32.05,32,14043.661566156616,0.22824964385199806,32.1,False
ieee,Advanced packaging,HBM,High-bandwidth memory (HBM),2019,48.0,48,17535.061506150614,0.27373727764321487,48.0,False
ieee,Advanced packaging,HBM,High-bandwidth memory (HBM),2020,61.0,61,16396.6289,0.37202769161897664,61.0,False
ieee,Advanced packaging,HBM,High-bandwidth memory (HBM),2021,78.1,78,18214.6793,0.4287985354475401,78.1,False
ieee,Advanced packaging,HBM,High-bandwidth memory (HBM),2022,101.0,101,18038.9874,0.5598983898619497,101.0,False
ieee,Advanced packaging,HBM,High-bandwidth memory (HBM),2023,102.0,102,21153.6624,0.482186006712483,102.0,False
ieee,Advanced packaging,HBM,High-bandwidth memory (HBM),2024,134.0,134,22989.7176,0.5828692736965155,134.0,False
ieee,Advanced packaging,HBM,High-bandwidth memory (HBM),2025,201.0,201,25066.852285228524,0.801855764389077,201.0,False
ieee,Advanced packaging,HBM,High-bandwidth memory (HBM),2026,137.0,137,13916.627325465093,0.9844339206332915,137.0,True
ieee,Advanced packaging,HybridBonding,Hybrid bonding / SoIC,2014,9.4,8,7137.0804,0.13166915330438667,9.4,False
ieee,Advanced packaging,HybridBonding,Hybrid bonding / SoIC,2015,14.33,13,7718.1572,0.1856703998375848,14.3,False
ieee,Advanced packaging,HybridBonding,Hybrid bonding / SoIC,2016,18.17,17,7973.082716543308,0.22792940505048223,18.2,False
ieee,Advanced packaging,HybridBonding,Hybrid bonding / SoIC,2017,13.14,12,8041.0714,0.16346080448931216,13.1,False
ieee,Advanced packaging,HybridBonding,Hybrid bonding / SoIC,2018,31.72,31,14043.661566156616,0.2258924738067689,31.7,False
ieee,Advanced packaging,HybridBonding,Hybrid bonding / SoIC,2019,50.57,49,17535.061506150614,0.2883822219971265,50.6,False
ieee,Advanced packaging,HybridBonding,Hybrid bonding / SoIC,2020,50.57,45,16396.6289,0.30839787816713643,50.6,False
ieee,Advanced packaging,HybridBonding,Hybrid bonding / SoIC,2021,76.0,76,18214.6793,0.41724588584988154,76.0,False
ieee,Advanced packaging,HybridBonding,Hybrid bonding / SoIC,2022,88.0,88,18038.9874,0.487832260473778,88.0,False
ieee,Advanced packaging,HybridBonding,Hybrid bonding / SoIC,2023,138.0,138,21153.6624,0.6523693031992417,138.0,False
ieee,Advanced packaging,HybridBonding,Hybrid bonding / SoIC,2024,219.52,209,22989.7176,0.9548602139709008,219.5,False
ieee,Advanced packaging,HybridBonding,Hybrid bonding / SoIC,2025,187.39,165,25066.852285228524,0.7475410070151625,187.4,False
ieee,Advanced packaging,HybridBonding,Hybrid bonding / SoIC,2026,137.0,137,13916.627325465093,0.9844339206332915,137.0,True
ieee,Advanced packaging,UCIe,UCIe / die-to-die standards,2014,0.0,0,7137.0804,0.0,0.0,False
ieee,Advanced packaging,UCIe,UCIe / die-to-die standards,2015,0.0,0,7718.1572,0.0,0.0,False
ieee,Advanced packaging,UCIe,UCIe / die-to-die standards,2016,0.0,0,7973.082716543308,0.0,0.0,False
ieee,Advanced packaging,UCIe,UCIe / die-to-die standards,2017,0.0,0,8041.0714,0.0,0.0,False
ieee,Advanced packaging,UCIe,UCIe / die-to-die standards,2018,0.0,0,14043.661566156616,0.0,0.0,False
ieee,Advanced packaging,UCIe,UCIe / die-to-die standards,2019,1.0,1,17535.061506150614,0.005702859950900309,1.0,False
ieee,Advanced packaging,UCIe,UCIe / die-to-die standards,2020,5.0,5,16396.6289,0.030494073083522675,5.0,False
ieee,Advanced packaging,UCIe,UCIe / die-to-die standards,2021,6.0,6,18214.6793,0.03294046467235907,6.0,False
ieee,Advanced packaging,UCIe,UCIe / die-to-die standards,2022,5.0,5,18038.9874,0.02771774207237375,5.0,False
ieee,Advanced packaging,UCIe,UCIe / die-to-die standards,2023,17.0,17,21153.6624,0.08036433445208051,17.0,False
ieee,Advanced packaging,UCIe,UCIe / die-to-die standards,2024,31.0,31,22989.7176,0.13484289167605956,31.0,False
ieee,Advanced packaging,UCIe,UCIe / die-to-die standards,2025,60.0,60,25066.852285228524,0.23935992966838118,60.0,False
ieee,Advanced packaging,UCIe,UCIe / die-to-die standards,2026,37.0,37,13916.627325465093,0.26586901506154587,37.0,True
ieee,Design & compute,AIAccel,AI accelerator / NPU,2014,1.0,1,7137.0804,0.014011331580347617,1.0,False
ieee,Design & compute,AIAccel,AI accelerator / NPU,2015,1.0,1,7718.1572,0.012956460643221935,1.0,False
ieee,Design & compute,AIAccel,AI accelerator / NPU,2016,3.0,3,7973.082716543308,0.03762660073468591,3.0,False
ieee,Design & compute,AIAccel,AI accelerator / NPU,2017,4.0,4,8041.0714,0.04974461487806214,4.0,False
ieee,Design & compute,AIAccel,AI accelerator / NPU,2018,36.0,36,14043.661566156616,0.25634340325286165,36.0,False
ieee,Design & compute,AIAccel,AI accelerator / NPU,2019,88.0,88,17535.061506150614,0.5018516756792273,88.0,False
ieee,Design & compute,AIAccel,AI accelerator / NPU,2020,117.09,117,16396.6289,0.7141089397094237,117.1,False
ieee,Design & compute,AIAccel,AI accelerator / NPU,2021,136.0,136,18214.6793,0.7466505325734722,136.0,False
ieee,Design & compute,AIAccel,AI accelerator / NPU,2022,130.0,130,18038.9874,0.7206612938817175,130.0,False
ieee,Design & compute,AIAccel,AI accelerator / NPU,2023,166.0,166,21153.6624,0.7847340893556096,166.0,False
ieee,Design & compute,AIAccel,AI accelerator / NPU,2024,216.0,216,22989.7176,0.9395504710331892,216.0,False
ieee,Design & compute,AIAccel,AI accelerator / NPU,2025,254.0,254,25066.852285228524,1.0132903689294803,254.0,False
ieee,Design & compute,AIAccel,AI accelerator / NPU,2026,145.45,143,13916.627325465093,1.0451759180467275,145.5,True
ieee,Design & compute,DTCO,DTCO / STCO,2014,1.0,1,7137.0804,0.014011331580347617,1.0,False
ieee,Design & compute,DTCO,DTCO / STCO,2015,5.0,5,7718.1572,0.06478230321610967,5.0,False
ieee,Design & compute,DTCO,DTCO / STCO,2016,3.0,3,7973.082716543308,0.03762660073468591,3.0,False
ieee,Design & compute,DTCO,DTCO / STCO,2017,4.0,4,8041.0714,0.04974461487806214,4.0,False
ieee,Design & compute,DTCO,DTCO / STCO,2018,17.0,17,14043.661566156616,0.12105105153607355,17.0,False
ieee,Design & compute,DTCO,DTCO / STCO,2019,15.0,15,17535.061506150614,0.08554289926350464,15.0,False
ieee,Design & compute,DTCO,DTCO / STCO,2020,23.0,23,16396.6289,0.1402727361842043,23.0,False
ieee,Design & compute,DTCO,DTCO / STCO,2021,30.0,30,18214.6793,0.16470232336179536,30.0,False
ieee,Design & compute,DTCO,DTCO / STCO,2022,29.0,29,18038.9874,0.16076290401976776,29.0,False
ieee,Design & compute,DTCO,DTCO / STCO,2023,30.0,30,21153.6624,0.1418194137389656,30.0,False
ieee,Design & compute,DTCO,DTCO / STCO,2024,64.0,64,22989.7176,0.2783853247505746,64.0,False
ieee,Design & compute,DTCO,DTCO / STCO,2025,77.0,77,25066.852285228524,0.30717857640775587,77.0,False
ieee,Design & compute,DTCO,DTCO / STCO,2026,41.0,41,13916.627325465093,0.2946116112844157,41.0,True
ieee,Design & compute,MLforEDA,ML for EDA / chip design,2014,0.0,0,7137.0804,0.0,0.0,False
ieee,Design & compute,MLforEDA,ML for EDA / chip design,2015,0.0,0,7718.1572,0.0,0.0,False
ieee,Design & compute,MLforEDA,ML for EDA / chip design,2016,0.0,0,7973.082716543308,0.0,0.0,False
ieee,Design & compute,MLforEDA,ML for EDA / chip design,2017,0.0,0,8041.0714,0.0,0.0,False
ieee,Design & compute,MLforEDA,ML for EDA / chip design,2018,0.0,0,14043.661566156616,0.0,0.0,False
ieee,Design & compute,MLforEDA,ML for EDA / chip design,2019,1.0,1,17535.061506150614,0.005702859950900309,1.0,False
ieee,Design & compute,MLforEDA,ML for EDA / chip design,2020,3.0,3,16396.6289,0.018296443850113604,3.0,False
ieee,Design & compute,MLforEDA,ML for EDA / chip design,2021,6.0,6,18214.6793,0.03294046467235907,6.0,False
ieee,Design & compute,MLforEDA,ML for EDA / chip design,2022,7.0,7,18038.9874,0.038804838901323246,7.0,False
ieee,Design & compute,MLforEDA,ML for EDA / chip design,2023,7.0,7,21153.6624,0.03309119653909197,7.0,False
ieee,Design & compute,MLforEDA,ML for EDA / chip design,2024,9.0,9,22989.7176,0.03914793629304955,9.0,False
ieee,Design & compute,MLforEDA,ML for EDA / chip design,2025,16.0,16,25066.852285228524,0.06382931457823499,16.0,False
ieee,Design & compute,MLforEDA,ML for EDA / chip design,2026,9.0,9,13916.627325465093,0.0646708415014571,9.0,True
ieee,Design & compute,Neuromorphic,Neuromorphic hardware,2014,84.0,84,7137.0804,1.1769518527491998,84.0,False
ieee,Design & compute,Neuromorphic,Neuromorphic hardware,2015,103.0,103,7718.1572,1.3345154462518591,103.0,False
ieee,Design & compute,Neuromorphic,Neuromorphic hardware,2016,129.0,129,7973.082716543308,1.6179438315914942,129.0,False
ieee,Design & compute,Neuromorphic,Neuromorphic hardware,2017,178.0,178,8041.0714,2.2136353620737657,178.0,False
ieee,Design & compute,Neuromorphic,Neuromorphic hardware,2018,325.0,325,14043.661566156616,2.3142112793661123,325.0,False
ieee,Design & compute,Neuromorphic,Neuromorphic hardware,2019,437.0,437,17535.061506150614,2.4921497985434353,437.0,False
ieee,Design & compute,Neuromorphic,Neuromorphic hardware,2020,470.0,470,16396.6289,2.8664428698511313,470.0,False
ieee,Design & compute,Neuromorphic,Neuromorphic hardware,2021,515.0,515,18214.6793,2.8273898843774865,515.0,False
ieee,Design & compute,Neuromorphic,Neuromorphic hardware,2022,587.49,587,18038.9874,3.256754451901544,587.5,False
ieee,Design & compute,Neuromorphic,Neuromorphic hardware,2023,716.0,716,21153.6624,3.384756674569979,716.0,False
ieee,Design & compute,Neuromorphic,Neuromorphic hardware,2024,798.67,701,22989.7176,3.4740429637407204,798.7,False
ieee,Design & compute,Neuromorphic,Neuromorphic hardware,2025,1010.68,660,25066.852285228524,4.031938228620689,1010.7,False
ieee,Design & compute,Neuromorphic,Neuromorphic hardware,2026,586.33,510,13916.627325465093,4.213161610838857,586.3,True
ieee,Design & compute,Photonic-computing,Photonic / optical computing,2014,1.0,1,7137.0804,0.014011331580347617,1.0,False
ieee,Design & compute,Photonic-computing,Photonic / optical computing,2015,1.0,1,7718.1572,0.012956460643221935,1.0,False
ieee,Design & compute,Photonic-computing,Photonic / optical computing,2016,0.0,0,7973.082716543308,0.0,0.0,False
ieee,Design & compute,Photonic-computing,Photonic / optical computing,2017,3.0,3,8041.0714,0.03730846115854661,3.0,False
ieee,Design & compute,Photonic-computing,Photonic / optical computing,2018,8.0,8,14043.661566156616,0.05696520072285815,8.0,False
ieee,Design & compute,Photonic-computing,Photonic / optical computing,2019,14.0,14,17535.061506150614,0.07984003931260433,14.0,False
ieee,Design & compute,Photonic-computing,Photonic / optical computing,2020,15.0,15,16396.6289,0.09148221925056803,15.0,False
ieee,Design & compute,Photonic-computing,Photonic / optical computing,2021,20.0,20,18214.6793,0.10980154890786356,20.0,False
ieee,Design & compute,Photonic-computing,Photonic / optical computing,2022,30.0,30,18038.9874,0.1663064524342425,30.0,False
ieee,Design & compute,Photonic-computing,Photonic / optical computing,2023,57.0,57,21153.6624,0.2694568861040346,57.0,False
ieee,Design & compute,Photonic-computing,Photonic / optical computing,2024,44.0,44,22989.7176,0.19138991076602002,44.0,False
ieee,Design & compute,Photonic-computing,Photonic / optical computing,2025,56.0,56,25066.852285228524,0.22340260102382245,56.0,False
ieee,Design & compute,Photonic-computing,Photonic / optical computing,2026,28.0,28,13916.627325465093,0.2011981735600888,28.0,True
ieee,Design & compute,RISCV,RISC-V,2014,0.0,0,7137.0804,0.0,0.0,False
ieee,Design & compute,RISCV,RISC-V,2015,0.0,0,7718.1572,0.0,0.0,False
ieee,Design & compute,RISCV,RISC-V,2016,1.0,1,7973.082716543308,0.012542200244895304,1.0,False
ieee,Design & compute,RISCV,RISC-V,2017,5.0,5,8041.0714,0.06218076859757768,5.0,False
ieee,Design & compute,RISCV,RISC-V,2018,13.0,13,14043.661566156616,0.09256845117464449,13.0,False
ieee,Design & compute,RISCV,RISC-V,2019,32.0,32,17535.061506150614,0.1824915184288099,32.0,False
ieee,Design & compute,RISCV,RISC-V,2020,52.0,52,16396.6289,0.3171383600686358,52.0,False
ieee,Design & compute,RISCV,RISC-V,2021,73.0,73,18214.6793,0.400775653513702,73.0,False
ieee,Design & compute,RISCV,RISC-V,2022,74.0,74,18038.9874,0.4102225826711315,74.0,False
ieee,Design & compute,RISCV,RISC-V,2023,120.0,120,21153.6624,0.5672776549558624,120.0,False
ieee,Design & compute,RISCV,RISC-V,2024,162.0,162,22989.7176,0.7046628532748919,162.0,False
ieee,Design & compute,RISCV,RISC-V,2025,191.0,191,25066.852285228524,0.7619624427776801,191.0,False
ieee,Design & compute,RISCV,RISC-V,2026,125.16,125,13916.627325465093,0.8993532662328338,125.2,True
ieee,Interconnect & BEOL,Airgap,Air-gap / low-k dielectric,2014,1.0,1,7137.0804,0.014011331580347617,1.0,False
ieee,Interconnect & BEOL,Airgap,Air-gap / low-k dielectric,2015,4.0,4,7718.1572,0.05182584257288774,4.0,False
ieee,Interconnect & BEOL,Airgap,Air-gap / low-k dielectric,2016,2.0,2,7973.082716543308,0.025084400489790607,2.0,False
ieee,Interconnect & BEOL,Airgap,Air-gap / low-k dielectric,2017,3.0,3,8041.0714,0.03730846115854661,3.0,False
ieee,Interconnect & BEOL,Airgap,Air-gap / low-k dielectric,2018,7.0,7,14043.661566156616,0.04984455063250088,7.0,False
ieee,Interconnect & BEOL,Airgap,Air-gap / low-k dielectric,2019,14.0,14,17535.061506150614,0.07984003931260433,14.0,False
ieee,Interconnect & BEOL,Airgap,Air-gap / low-k dielectric,2020,12.0,12,16396.6289,0.07318577540045441,12.0,False
ieee,Interconnect & BEOL,Airgap,Air-gap / low-k dielectric,2021,14.0,14,18214.6793,0.07686108423550449,14.0,False
ieee,Interconnect & BEOL,Airgap,Air-gap / low-k dielectric,2022,14.0,14,18038.9874,0.07760967780264649,14.0,False
ieee,Interconnect & BEOL,Airgap,Air-gap / low-k dielectric,2023,8.0,8,21153.6624,0.037818510330390825,8.0,False
ieee,Interconnect & BEOL,Airgap,Air-gap / low-k dielectric,2024,10.0,10,22989.7176,0.04349770699227728,10.0,False
ieee,Interconnect & BEOL,Airgap,Air-gap / low-k dielectric,2025,13.0,13,25066.852285228524,0.05186131809481592,13.0,False
ieee,Interconnect & BEOL,Airgap,Air-gap / low-k dielectric,2026,6.0,6,13916.627325465093,0.043113894334304736,6.0,True
ieee,Interconnect & BEOL,HKMG,High-k / metal gate,2014,35.0,35,7137.0804,0.4903966053121666,35.0,False
ieee,Interconnect & BEOL,HKMG,High-k / metal gate,2015,42.0,42,7718.1572,0.5441713470153212,42.0,False
ieee,Interconnect & BEOL,HKMG,High-k / metal gate,2016,28.0,28,7973.082716543308,0.3511816068570685,28.0,False
ieee,Interconnect & BEOL,HKMG,High-k / metal gate,2017,25.0,25,8041.0714,0.3109038429878884,25.0,False
ieee,Interconnect & BEOL,HKMG,High-k / metal gate,2018,73.0,73,14043.661566156616,0.5198074565960806,73.0,False
ieee,Interconnect & BEOL,HKMG,High-k / metal gate,2019,90.0,90,17535.061506150614,0.5132573955810279,90.0,False
ieee,Interconnect & BEOL,HKMG,High-k / metal gate,2020,85.0,85,16396.6289,0.5183992424198854,85.0,False
ieee,Interconnect & BEOL,HKMG,High-k / metal gate,2021,72.0,72,18214.6793,0.39528557606830883,72.0,False
ieee,Interconnect & BEOL,HKMG,High-k / metal gate,2022,72.0,72,18038.9874,0.399135485842182,72.0,False
ieee,Interconnect & BEOL,HKMG,High-k / metal gate,2023,79.33,77,21153.6624,0.3750335607763759,79.3,False
ieee,Interconnect & BEOL,HKMG,High-k / metal gate,2024,92.0,92,22989.7176,0.400178904328951,92.0,False
ieee,Interconnect & BEOL,HKMG,High-k / metal gate,2025,76.0,76,25066.852285228524,0.3031892442466162,76.0,False
ieee,Interconnect & BEOL,HKMG,High-k / metal gate,2026,62.0,62,13916.627325465093,0.4455102414544823,62.0,True
ieee,Interconnect & BEOL,RuMo,Ru / Mo interconnect (post-Cu),2014,0.0,0,7137.0804,0.0,0.0,False
ieee,Interconnect & BEOL,RuMo,Ru / Mo interconnect (post-Cu),2015,0.0,0,7718.1572,0.0,0.0,False
ieee,Interconnect & BEOL,RuMo,Ru / Mo interconnect (post-Cu),2016,0.0,0,7973.082716543308,0.0,0.0,False
ieee,Interconnect & BEOL,RuMo,Ru / Mo interconnect (post-Cu),2017,1.0,1,8041.0714,0.012436153719515536,1.0,False
ieee,Interconnect & BEOL,RuMo,Ru / Mo interconnect (post-Cu),2018,5.0,5,14043.661566156616,0.03560325045178634,5.0,False
ieee,Interconnect & BEOL,RuMo,Ru / Mo interconnect (post-Cu),2019,0.0,0,17535.061506150614,0.0,0.0,False
ieee,Interconnect & BEOL,RuMo,Ru / Mo interconnect (post-Cu),2020,3.0,3,16396.6289,0.018296443850113604,3.0,False
ieee,Interconnect & BEOL,RuMo,Ru / Mo interconnect (post-Cu),2021,7.0,7,18214.6793,0.038430542117752244,7.0,False
ieee,Interconnect & BEOL,RuMo,Ru / Mo interconnect (post-Cu),2022,4.0,4,18038.9874,0.022174193657899,4.0,False
ieee,Interconnect & BEOL,RuMo,Ru / Mo interconnect (post-Cu),2023,8.0,8,21153.6624,0.037818510330390825,8.0,False
ieee,Interconnect & BEOL,RuMo,Ru / Mo interconnect (post-Cu),2024,9.0,9,22989.7176,0.03914793629304955,9.0,False
ieee,Interconnect & BEOL,RuMo,Ru / Mo interconnect (post-Cu),2025,9.0,9,25066.852285228524,0.035903989450257176,9.0,False
ieee,Interconnect & BEOL,RuMo,Ru / Mo interconnect (post-Cu),2026,3.0,3,13916.627325465093,0.021556947167152368,3.0,True
ieee,Lithography & patterning,CompLitho,Computational lithography (OPC/ILT/SMO),2014,0.0,0,7137.0804,0.0,0.0,False
ieee,Lithography & patterning,CompLitho,Computational lithography (OPC/ILT/SMO),2015,3.46,2,7718.1572,0.04479480326383263,3.5,False
ieee,Lithography & patterning,CompLitho,Computational lithography (OPC/ILT/SMO),2016,4.23,2,7973.082716543308,0.05300333823492756,4.2,False
ieee,Lithography & patterning,CompLitho,Computational lithography (OPC/ILT/SMO),2017,1.96,1,8041.0714,0.02435827975195776,2.0,False
ieee,Lithography & patterning,CompLitho,Computational lithography (OPC/ILT/SMO),2018,9.29,5,14043.661566156616,0.06613897158926842,9.3,False
ieee,Lithography & patterning,CompLitho,Computational lithography (OPC/ILT/SMO),2019,14.5,8,17535.061506150614,0.08269907310132235,14.5,False
ieee,Lithography & patterning,CompLitho,Computational lithography (OPC/ILT/SMO),2020,27.85,17,16396.6289,0.16986215176624908,27.9,False
ieee,Lithography & patterning,CompLitho,Computational lithography (OPC/ILT/SMO),2021,31.21,21,18214.6793,0.17132335676093957,31.2,False
ieee,Lithography & patterning,CompLitho,Computational lithography (OPC/ILT/SMO),2022,18.51,14,18038.9874,0.10260832693814381,18.5,False
ieee,Lithography & patterning,CompLitho,Computational lithography (OPC/ILT/SMO),2023,30.64,22,21153.6624,0.1448385914803418,30.6,False
ieee,Lithography & patterning,CompLitho,Computational lithography (OPC/ILT/SMO),2024,36.17,25,22989.7176,0.15735295504456304,36.2,False
ieee,Lithography & patterning,CompLitho,Computational lithography (OPC/ILT/SMO),2025,43.6,8,25066.852285228524,0.17394780313957253,43.6,False
ieee,Lithography & patterning,CompLitho,Computational lithography (OPC/ILT/SMO),2026,16.86,13,13916.627325465093,0.12112609091587725,16.9,True
ieee,Lithography & patterning,DSA,Directed self-assembly,2014,1.0,1,7137.0804,0.014011331580347617,1.0,False
ieee,Lithography & patterning,DSA,Directed self-assembly,2015,3.0,3,7718.1572,0.038869381929665804,3.0,False
ieee,Lithography & patterning,DSA,Directed self-assembly,2016,5.02,5,7973.082716543308,0.06291728741271493,5.0,False
ieee,Lithography & patterning,DSA,Directed self-assembly,2017,2.0,2,8041.0714,0.02487230743903107,2.0,False
ieee,Lithography & patterning,DSA,Directed self-assembly,2018,7.0,7,14043.661566156616,0.04984455063250088,7.0,False
ieee,Lithography & patterning,DSA,Directed self-assembly,2019,4.0,4,17535.061506150614,0.022811439803601237,4.0,False
ieee,Lithography & patterning,DSA,Directed self-assembly,2020,5.0,5,16396.6289,0.030494073083522675,5.0,False
ieee,Lithography & patterning,DSA,Directed self-assembly,2021,3.0,3,18214.6793,0.016470232336179533,3.0,False
ieee,Lithography & patterning,DSA,Directed self-assembly,2022,4.0,4,18038.9874,0.022174193657899,4.0,False
ieee,Lithography & patterning,DSA,Directed self-assembly,2023,4.0,4,21153.6624,0.018909255165195413,4.0,False
ieee,Lithography & patterning,DSA,Directed self-assembly,2024,0.0,0,22989.7176,0.0,0.0,False
ieee,Lithography & patterning,DSA,Directed self-assembly,2025,1.0,1,25066.852285228524,0.003989332161139687,1.0,False
ieee,Lithography & patterning,DSA,Directed self-assembly,2026,2.0,2,13916.627325465093,0.014371298111434913,2.0,True
ieee,Lithography & patterning,EUV,EUV lithography,2014,8.01,8,7137.0804,0.11217026248130564,8.0,False
ieee,Lithography & patterning,EUV,EUV lithography,2015,6.0,6,7718.1572,0.07773876385933161,6.0,False
ieee,Lithography & patterning,EUV,EUV lithography,2016,4.0,4,7973.082716543308,0.050168800979581214,4.0,False
ieee,Lithography & patterning,EUV,EUV lithography,2017,10.0,10,8041.0714,0.12436153719515536,10.0,False
ieee,Lithography & patterning,EUV,EUV lithography,2018,11.0,11,14043.661566156616,0.07832715099392995,11.0,False
ieee,Lithography & patterning,EUV,EUV lithography,2019,15.0,15,17535.061506150614,0.08554289926350464,15.0,False
ieee,Lithography & patterning,EUV,EUV lithography,2020,26.0,26,16396.6289,0.1585691800343179,26.0,False
ieee,Lithography & patterning,EUV,EUV lithography,2021,22.0,22,18214.6793,0.12078170379864991,22.0,False
ieee,Lithography & patterning,EUV,EUV lithography,2022,33.0,33,18038.9874,0.18293709767766675,33.0,False
ieee,Lithography & patterning,EUV,EUV lithography,2023,27.0,27,21153.6624,0.12763747236506903,27.0,False
ieee,Lithography & patterning,EUV,EUV lithography,2024,24.0,24,22989.7176,0.10439449678146547,24.0,False
ieee,Lithography & patterning,EUV,EUV lithography,2025,32.0,32,25066.852285228524,0.12765862915646997,32.0,False
ieee,Lithography & patterning,EUV,EUV lithography,2026,28.0,28,13916.627325465093,0.2011981735600888,28.0,True
ieee,Lithography & patterning,HighNA,High-NA EUV,2014,0.0,0,7137.0804,0.0,0.0,False
ieee,Lithography & patterning,HighNA,High-NA EUV,2015,0.0,0,7718.1572,0.0,0.0,False
ieee,Lithography & patterning,HighNA,High-NA EUV,2016,0.0,0,7973.082716543308,0.0,0.0,False
ieee,Lithography & patterning,HighNA,High-NA EUV,2017,0.0,0,8041.0714,0.0,0.0,False
ieee,Lithography & patterning,HighNA,High-NA EUV,2018,0.0,0,14043.661566156616,0.0,0.0,False
ieee,Lithography & patterning,HighNA,High-NA EUV,2019,7.0,7,17535.061506150614,0.039920019656302166,7.0,False
ieee,Lithography & patterning,HighNA,High-NA EUV,2020,0.0,0,16396.6289,0.0,0.0,False
ieee,Lithography & patterning,HighNA,High-NA EUV,2021,3.0,3,18214.6793,0.016470232336179533,3.0,False
ieee,Lithography & patterning,HighNA,High-NA EUV,2022,6.0,6,18038.9874,0.0332612904868485,6.0,False
ieee,Lithography & patterning,HighNA,High-NA EUV,2023,3.0,3,21153.6624,0.01418194137389656,3.0,False
ieee,Lithography & patterning,HighNA,High-NA EUV,2024,4.0,4,22989.7176,0.017399082796910912,4.0,False
ieee,Lithography & patterning,HighNA,High-NA EUV,2025,2.0,2,25066.852285228524,0.007978664322279373,2.0,False
ieee,Lithography & patterning,HighNA,High-NA EUV,2026,8.0,8,13916.627325465093,0.05748519244573965,8.0,True
ieee,Lithography & patterning,MultiPatterning,Multi-patterning (SADP/SAQP/LELE),2014,2.0,2,7137.0804,0.028022663160695235,2.0,False
ieee,Lithography & patterning,MultiPatterning,Multi-patterning (SADP/SAQP/LELE),2015,12.0,12,7718.1572,0.15547752771866322,12.0,False
ieee,Lithography & patterning,MultiPatterning,Multi-patterning (SADP/SAQP/LELE),2016,10.0,10,7973.082716543308,0.12542200244895305,10.0,False
ieee,Lithography & patterning,MultiPatterning,Multi-patterning (SADP/SAQP/LELE),2017,5.0,5,8041.0714,0.06218076859757768,5.0,False
ieee,Lithography & patterning,MultiPatterning,Multi-patterning (SADP/SAQP/LELE),2018,15.0,15,14043.661566156616,0.10680975135535903,15.0,False
ieee,Lithography & patterning,MultiPatterning,Multi-patterning (SADP/SAQP/LELE),2019,13.0,13,17535.061506150614,0.07413717936170403,13.0,False
ieee,Lithography & patterning,MultiPatterning,Multi-patterning (SADP/SAQP/LELE),2020,15.0,15,16396.6289,0.09148221925056803,15.0,False
ieee,Lithography & patterning,MultiPatterning,Multi-patterning (SADP/SAQP/LELE),2021,14.0,14,18214.6793,0.07686108423550449,14.0,False
ieee,Lithography & patterning,MultiPatterning,Multi-patterning (SADP/SAQP/LELE),2022,17.0,17,18038.9874,0.09424032304607075,17.0,False
ieee,Lithography & patterning,MultiPatterning,Multi-patterning (SADP/SAQP/LELE),2023,16.0,16,21153.6624,0.07563702066078165,16.0,False
ieee,Lithography & patterning,MultiPatterning,Multi-patterning (SADP/SAQP/LELE),2024,6.0,6,22989.7176,0.026098624195366366,6.0,False
ieee,Lithography & patterning,MultiPatterning,Multi-patterning (SADP/SAQP/LELE),2025,8.0,8,25066.852285228524,0.03191465728911749,8.0,False
ieee,Lithography & patterning,MultiPatterning,Multi-patterning (SADP/SAQP/LELE),2026,8.0,8,13916.627325465093,0.05748519244573965,8.0,True
ieee,Lithography & patterning,NIL,Nanoimprint lithography,2014,7.0,7,7137.0804,0.09807932106243332,7.0,False
ieee,Lithography & patterning,NIL,Nanoimprint lithography,2015,11.0,11,7718.1572,0.14252106707544127,11.0,False
ieee,Lithography & patterning,NIL,Nanoimprint lithography,2016,15.0,15,7973.082716543308,0.18813300367342956,15.0,False
ieee,Lithography & patterning,NIL,Nanoimprint lithography,2017,7.0,7,8041.0714,0.08705307603660875,7.0,False
ieee,Lithography & patterning,NIL,Nanoimprint lithography,2018,15.0,15,14043.661566156616,0.10680975135535903,15.0,False
ieee,Lithography & patterning,NIL,Nanoimprint lithography,2019,8.0,8,17535.061506150614,0.045622879607202474,8.0,False
ieee,Lithography & patterning,NIL,Nanoimprint lithography,2020,10.0,10,16396.6289,0.06098814616704535,10.0,False
ieee,Lithography & patterning,NIL,Nanoimprint lithography,2021,12.0,12,18214.6793,0.06588092934471813,12.0,False
ieee,Lithography & patterning,NIL,Nanoimprint lithography,2022,10.5,10,18038.9874,0.058217960182900846,10.5,False
ieee,Lithography & patterning,NIL,Nanoimprint lithography,2023,7.0,7,21153.6624,0.03309119653909197,7.0,False
ieee,Lithography & patterning,NIL,Nanoimprint lithography,2024,15.0,15,22989.7176,0.06524656048841591,15.0,False
ieee,Lithography & patterning,NIL,Nanoimprint lithography,2025,10.0,10,25066.852285228524,0.039893321611396866,10.0,False
ieee,Lithography & patterning,NIL,Nanoimprint lithography,2026,4.0,4,13916.627325465093,0.028742596222869825,4.0,True
ieee,Lithography & patterning,Resist,Photoresist (CAR / metal-oxide / stochastics),2014,20.32,14,7137.0804,0.28472724114488224,20.3,False
ieee,Lithography & patterning,Resist,Photoresist (CAR / metal-oxide / stochastics),2015,23.0,23,7718.1572,0.2979985947941045,23.0,False
ieee,Lithography & patterning,Resist,Photoresist (CAR / metal-oxide / stochastics),2016,24.01,24,7973.082716543308,0.3011210449303021,24.0,False
ieee,Lithography & patterning,Resist,Photoresist (CAR / metal-oxide / stochastics),2017,25.07,25,8041.0714,0.3118365545168521,25.1,False
ieee,Lithography & patterning,Resist,Photoresist (CAR / metal-oxide / stochastics),2018,64.0,64,14043.661566156616,0.4557216057828652,64.0,False
ieee,Lithography & patterning,Resist,Photoresist (CAR / metal-oxide / stochastics),2019,72.0,72,17535.061506150614,0.4106059164648223,72.0,False
ieee,Lithography & patterning,Resist,Photoresist (CAR / metal-oxide / stochastics),2020,72.0,72,16396.6289,0.4391146524027265,72.0,False
ieee,Lithography & patterning,Resist,Photoresist (CAR / metal-oxide / stochastics),2021,80.67,75,18214.6793,0.4428596644350424,80.7,False
ieee,Lithography & patterning,Resist,Photoresist (CAR / metal-oxide / stochastics),2022,75.0,75,18038.9874,0.4157661310856062,75.0,False
ieee,Lithography & patterning,Resist,Photoresist (CAR / metal-oxide / stochastics),2023,72.0,72,21153.6624,0.3403665929735174,72.0,False
ieee,Lithography & patterning,Resist,Photoresist (CAR / metal-oxide / stochastics),2024,77.0,77,22989.7176,0.33493234384053505,77.0,False
ieee,Lithography & patterning,Resist,Photoresist (CAR / metal-oxide / stochastics),2025,87.0,87,25066.852285228524,0.3470718980191527,87.0,False
ieee,Lithography & patterning,Resist,Photoresist (CAR / metal-oxide / stochastics),2026,55.0,55,13916.627325465093,0.39521069806446013,55.0,True
ieee,Materials & power devices,CNT,Carbon nanotube transistor,2014,25.0,25,7137.0804,0.3502832895086904,25.0,False
ieee,Materials & power devices,CNT,Carbon nanotube transistor,2015,22.0,22,7718.1572,0.28504213415088253,22.0,False
ieee,Materials & power devices,CNT,Carbon nanotube transistor,2016,21.0,21,7973.082716543308,0.26338620514280137,21.0,False
ieee,Materials & power devices,CNT,Carbon nanotube transistor,2017,21.0,21,8041.0714,0.2611592281098263,21.0,False
ieee,Materials & power devices,CNT,Carbon nanotube transistor,2018,36.0,36,14043.661566156616,0.25634340325286165,36.0,False
ieee,Materials & power devices,CNT,Carbon nanotube transistor,2019,54.0,54,17535.061506150614,0.3079544373486167,54.0,False
ieee,Materials & power devices,CNT,Carbon nanotube transistor,2020,43.0,43,16396.6289,0.262249028518295,43.0,False
ieee,Materials & power devices,CNT,Carbon nanotube transistor,2021,65.0,65,18214.6793,0.35685503395055657,65.0,False
ieee,Materials & power devices,CNT,Carbon nanotube transistor,2022,65.0,65,18038.9874,0.36033064694085876,65.0,False
ieee,Materials & power devices,CNT,Carbon nanotube transistor,2023,79.0,79,21153.6624,0.3734577895126094,79.0,False
ieee,Materials & power devices,CNT,Carbon nanotube transistor,2024,76.0,76,22989.7176,0.3305825731413073,76.0,False
ieee,Materials & power devices,CNT,Carbon nanotube transistor,2025,114.0,114,25066.852285228524,0.4547838663699243,114.0,False
ieee,Materials & power devices,CNT,Carbon nanotube transistor,2026,54.0,54,13916.627325465093,0.38802504900874263,54.0,True
ieee,Materials & power devices,Cryo,Cryogenic CMOS / quantum control,2014,1.0,1,7137.0804,0.014011331580347617,1.0,False
ieee,Materials & power devices,Cryo,Cryogenic CMOS / quantum control,2015,0.0,0,7718.1572,0.0,0.0,False
ieee,Materials & power devices,Cryo,Cryogenic CMOS / quantum control,2016,2.0,2,7973.082716543308,0.025084400489790607,2.0,False
ieee,Materials & power devices,Cryo,Cryogenic CMOS / quantum control,2017,5.0,5,8041.0714,0.06218076859757768,5.0,False
ieee,Materials & power devices,Cryo,Cryogenic CMOS / quantum control,2018,7.0,7,14043.661566156616,0.04984455063250088,7.0,False
ieee,Materials & power devices,Cryo,Cryogenic CMOS / quantum control,2019,21.0,21,17535.061506150614,0.1197600589689065,21.0,False
ieee,Materials & power devices,Cryo,Cryogenic CMOS / quantum control,2020,28.0,28,16396.6289,0.17076680926772697,28.0,False
ieee,Materials & power devices,Cryo,Cryogenic CMOS / quantum control,2021,31.0,31,18214.6793,0.17019240080718853,31.0,False
ieee,Materials & power devices,Cryo,Cryogenic CMOS / quantum control,2022,55.0,55,18038.9874,0.30489516279611123,55.0,False
ieee,Materials & power devices,Cryo,Cryogenic CMOS / quantum control,2023,49.0,49,21153.6624,0.2316383757736438,49.0,False
ieee,Materials & power devices,Cryo,Cryogenic CMOS / quantum control,2024,65.0,65,22989.7176,0.2827350954498023,65.0,False
ieee,Materials & power devices,Cryo,Cryogenic CMOS / quantum control,2025,89.0,89,25066.852285228524,0.3550505623414321,89.0,False
ieee,Materials & power devices,Cryo,Cryogenic CMOS / quantum control,2026,55.0,55,13916.627325465093,0.39521069806446013,55.0,True
ieee,Materials & power devices,Ga2O3,Ga2O3 / ultra-wide bandgap,2014,2.0,2,7137.0804,0.028022663160695235,2.0,False
ieee,Materials & power devices,Ga2O3,Ga2O3 / ultra-wide bandgap,2015,8.0,8,7718.1572,0.10365168514577548,8.0,False
ieee,Materials & power devices,Ga2O3,Ga2O3 / ultra-wide bandgap,2016,25.0,25,7973.082716543308,0.31355500612238263,25.0,False
ieee,Materials & power devices,Ga2O3,Ga2O3 / ultra-wide bandgap,2017,30.0,30,8041.0714,0.3730846115854661,30.0,False
ieee,Materials & power devices,Ga2O3,Ga2O3 / ultra-wide bandgap,2018,55.0,55,14043.661566156616,0.39163575496964975,55.0,False
ieee,Materials & power devices,Ga2O3,Ga2O3 / ultra-wide bandgap,2019,100.0,100,17535.061506150614,0.570285995090031,100.0,False
ieee,Materials & power devices,Ga2O3,Ga2O3 / ultra-wide bandgap,2020,77.0,77,16396.6289,0.4696087254862492,77.0,False
ieee,Materials & power devices,Ga2O3,Ga2O3 / ultra-wide bandgap,2021,81.0,81,18214.6793,0.44469627307684745,81.0,False
ieee,Materials & power devices,Ga2O3,Ga2O3 / ultra-wide bandgap,2022,129.0,129,18038.9874,0.7151177454672427,129.0,False
ieee,Materials & power devices,Ga2O3,Ga2O3 / ultra-wide bandgap,2023,152.0,152,21153.6624,0.7185516962774257,152.0,False
ieee,Materials & power devices,Ga2O3,Ga2O3 / ultra-wide bandgap,2024,177.0,177,22989.7176,0.7699094137633078,177.0,False
ieee,Materials & power devices,Ga2O3,Ga2O3 / ultra-wide bandgap,2025,230.0,230,25066.852285228524,0.9175463970621279,230.0,False
ieee,Materials & power devices,Ga2O3,Ga2O3 / ultra-wide bandgap,2026,149.0,149,13916.627325465093,1.070661709301901,149.0,True
ieee,Materials & power devices,GaN,GaN power / RF,2014,516.54,245,7137.0804,7.2374365667320735,516.5,False
ieee,Materials & power devices,GaN,GaN power / RF,2015,538.16,257,7718.1572,6.972622946835022,538.2,False
ieee,Materials & power devices,GaN,GaN power / RF,2016,658.28,298,7973.082716543308,8.256304661610134,658.3,False
ieee,Materials & power devices,GaN,GaN power / RF,2017,629.28,269,8041.0714,7.825831103385908,629.3,False
ieee,Materials & power devices,GaN,GaN power / RF,2018,889.01,354,14043.661566156616,6.330343378128721,889.0,False
ieee,Materials & power devices,GaN,GaN power / RF,2019,1123.62,374,17535.061506150614,6.407851299937198,1123.6,False
ieee,Materials & power devices,GaN,GaN power / RF,2020,1127.46,352,16396.6289,6.876145132491188,1127.5,False
ieee,Materials & power devices,GaN,GaN power / RF,2021,1228.51,363,18214.6793,6.74463151267232,1228.5,False
ieee,Materials & power devices,GaN,GaN power / RF,2022,1245.62,365,18038.9874,6.905173254532685,1245.6,False
ieee,Materials & power devices,GaN,GaN power / RF,2023,1564.85,425,21153.6624,7.397536986314035,1564.9,False
ieee,Materials & power devices,GaN,GaN power / RF,2024,1840.41,429,22989.7176,8.005361492565658,1840.4,False
ieee,Materials & power devices,GaN,GaN power / RF,2025,1820.76,360,25066.852285228524,7.263616425716661,1820.8,False
ieee,Materials & power devices,GaN,GaN power / RF,2026,1065.41,357,13916.627325465093,7.65564080350475,1065.4,True
ieee,Materials & power devices,OxideSemi,Oxide semiconductor (IGZO),2014,57.0,57,7137.0804,0.7986459000798142,57.0,False
ieee,Materials & power devices,OxideSemi,Oxide semiconductor (IGZO),2015,62.0,62,7718.1572,0.8033005598797599,62.0,False
ieee,Materials & power devices,OxideSemi,Oxide semiconductor (IGZO),2016,73.0,73,7973.082716543308,0.9155806178773572,73.0,False
ieee,Materials & power devices,OxideSemi,Oxide semiconductor (IGZO),2017,48.0,48,8041.0714,0.5969353785367457,48.0,False
ieee,Materials & power devices,OxideSemi,Oxide semiconductor (IGZO),2018,102.0,102,14043.661566156616,0.7263063092164413,102.0,False
ieee,Materials & power devices,OxideSemi,Oxide semiconductor (IGZO),2019,115.0,115,17535.061506150614,0.6558288943535356,115.0,False
ieee,Materials & power devices,OxideSemi,Oxide semiconductor (IGZO),2020,122.0,122,16396.6289,0.7440553832379533,122.0,False
ieee,Materials & power devices,OxideSemi,Oxide semiconductor (IGZO),2021,114.0,114,18214.6793,0.6258688287748223,114.0,False
ieee,Materials & power devices,OxideSemi,Oxide semiconductor (IGZO),2022,141.0,141,18038.9874,0.7816403264409397,141.0,False
ieee,Materials & power devices,OxideSemi,Oxide semiconductor (IGZO),2023,163.0,163,21153.6624,0.770552147981713,163.0,False
ieee,Materials & power devices,OxideSemi,Oxide semiconductor (IGZO),2024,216.0,216,22989.7176,0.9395504710331892,216.0,False
ieee,Materials & power devices,OxideSemi,Oxide semiconductor (IGZO),2025,236.0,236,25066.852285228524,0.941482390028966,236.0,False
ieee,Materials & power devices,OxideSemi,Oxide semiconductor (IGZO),2026,180.0,180,13916.627325465093,1.2934168300291422,180.0,True
ieee,Materials & power devices,SiC,SiC power,2014,205.0,205,7137.0804,2.8723229739712615,205.0,False
ieee,Materials & power devices,SiC,SiC power,2015,235.0,235,7718.1572,3.0447682511571545,235.0,False
ieee,Materials & power devices,SiC,SiC power,2016,301.0,301,7973.082716543308,3.7752022737134867,301.0,False
ieee,Materials & power devices,SiC,SiC power,2017,314.0,314,8041.0714,3.9049522679278783,314.0,False
ieee,Materials & power devices,SiC,SiC power,2018,492.0,492,14043.661566156616,3.503359844455776,492.0,False
ieee,Materials & power devices,SiC,SiC power,2019,625.0,625,17535.061506150614,3.5642874693126934,625.0,False
ieee,Materials & power devices,SiC,SiC power,2020,660.0,660,16396.6289,4.025217647024993,660.0,False
ieee,Materials & power devices,SiC,SiC power,2021,709.34,690,18214.6793,3.8943149485517483,709.3,False
ieee,Materials & power devices,SiC,SiC power,2022,664.0,664,18038.9874,3.6809161472112337,664.0,False
ieee,Materials & power devices,SiC,SiC power,2023,803.0,803,21153.6624,3.796032974412979,803.0,False
ieee,Materials & power devices,SiC,SiC power,2024,1005.57,487,22989.7176,4.3739972116981125,1005.6,False
ieee,Materials & power devices,SiC,SiC power,2025,1101.0,1101,25066.852285228524,4.392254709414795,1101.0,False
ieee,Materials & power devices,SiC,SiC power,2026,588.0,588,13916.627325465093,4.225161644761864,588.0,True
ieee,Materials & power devices,SiQubit,Silicon spin qubit,2014,0.0,0,7137.0804,0.0,0.0,False
ieee,Materials & power devices,SiQubit,Silicon spin qubit,2015,1.0,1,7718.1572,0.012956460643221935,1.0,False
ieee,Materials & power devices,SiQubit,Silicon spin qubit,2016,1.0,1,7973.082716543308,0.012542200244895304,1.0,False
ieee,Materials & power devices,SiQubit,Silicon spin qubit,2017,0.0,0,8041.0714,0.0,0.0,False
ieee,Materials & power devices,SiQubit,Silicon spin qubit,2018,2.0,2,14043.661566156616,0.014241300180714537,2.0,False
ieee,Materials & power devices,SiQubit,Silicon spin qubit,2019,3.0,3,17535.061506150614,0.01710857985270093,3.0,False
ieee,Materials & power devices,SiQubit,Silicon spin qubit,2020,4.0,4,16396.6289,0.02439525846681814,4.0,False
ieee,Materials & power devices,SiQubit,Silicon spin qubit,2021,3.0,3,18214.6793,0.016470232336179533,3.0,False
ieee,Materials & power devices,SiQubit,Silicon spin qubit,2022,7.0,7,18038.9874,0.038804838901323246,7.0,False
ieee,Materials & power devices,SiQubit,Silicon spin qubit,2023,5.0,5,21153.6624,0.023636568956494266,5.0,False
ieee,Materials & power devices,SiQubit,Silicon spin qubit,2024,7.0,7,22989.7176,0.030448394894594093,7.0,False
ieee,Materials & power devices,SiQubit,Silicon spin qubit,2025,8.0,8,25066.852285228524,0.03191465728911749,8.0,False
ieee,Materials & power devices,SiQubit,Silicon spin qubit,2026,6.0,6,13916.627325465093,0.043113894334304736,6.0,True
ieee,Memory,3DNAND,3D NAND,2014,93.0,93,7137.0804,1.3030538369723283,93.0,False
ieee,Memory,3DNAND,3D NAND,2015,92.0,92,7718.1572,1.191994379176418,92.0,False
ieee,Memory,3DNAND,3D NAND,2016,106.0,106,7973.082716543308,1.3294732259589022,106.0,False
ieee,Memory,3DNAND,3D NAND,2017,83.0,83,8041.0714,1.0322007587197894,83.0,False
ieee,Memory,3DNAND,3D NAND,2018,120.0,120,14043.661566156616,0.8544780108428722,120.0,False
ieee,Memory,3DNAND,3D NAND,2019,160.0,160,17535.061506150614,0.9124575921440495,160.0,False
ieee,Memory,3DNAND,3D NAND,2020,154.0,154,16396.6289,0.9392174509724984,154.0,False
ieee,Memory,3DNAND,3D NAND,2021,138.0,138,18214.6793,0.7576306874642585,138.0,False
ieee,Memory,3DNAND,3D NAND,2022,142.0,142,18038.9874,0.7871838748554145,142.0,False
ieee,Memory,3DNAND,3D NAND,2023,154.0,154,21153.6624,0.7280063238600234,154.0,False
ieee,Memory,3DNAND,3D NAND,2024,188.0,188,22989.7176,0.8177568914548128,188.0,False
ieee,Memory,3DNAND,3D NAND,2025,206.0,206,25066.852285228524,0.8218024251947754,206.0,False
ieee,Memory,3DNAND,3D NAND,2026,153.0,153,13916.627325465093,1.0994043055247709,153.0,True
ieee,Memory,CIM,Compute-in-memory / PIM,2014,12.0,12,7137.0804,0.1681359789641714,12.0,False
ieee,Memory,CIM,Compute-in-memory / PIM,2015,20.0,20,7718.1572,0.2591292128644387,20.0,False
ieee,Memory,CIM,Compute-in-memory / PIM,2016,32.54,32,7973.082716543308,0.4081733647698727,32.5,False
ieee,Memory,CIM,Compute-in-memory / PIM,2017,50.34,48,8041.0714,0.6259862336255344,50.3,False
ieee,Memory,CIM,Compute-in-memory / PIM,2018,154.79,152,14043.661566156616,1.1021816919861012,154.8,False
ieee,Memory,CIM,Compute-in-memory / PIM,2019,205.04,185,17535.061506150614,1.1693239090991796,205.0,False
ieee,Memory,CIM,Compute-in-memory / PIM,2020,304.78,261,16396.6289,1.8587698344746602,304.8,False
ieee,Memory,CIM,Compute-in-memory / PIM,2021,463.51,402,18214.6793,2.544683836404426,463.5,False
ieee,Memory,CIM,Compute-in-memory / PIM,2022,516.71,462,18038.9874,2.8643873379536515,516.7,False
ieee,Memory,CIM,Compute-in-memory / PIM,2023,635.08,525,21153.6624,3.0021988060091265,635.1,False
ieee,Memory,CIM,Compute-in-memory / PIM,2024,753.13,572,22989.7176,3.27595730594508,753.1,False
ieee,Memory,CIM,Compute-in-memory / PIM,2025,864.42,544,25066.852285228524,3.4484425494037705,864.4,False
ieee,Memory,CIM,Compute-in-memory / PIM,2026,531.38,477,13916.627325465093,3.818295823929,531.4,True
ieee,Memory,DRAM,DRAM (incl. 3D / vertical channel),2014,116.0,116,7137.0804,1.6253144633203236,116.0,False
ieee,Memory,DRAM,DRAM (incl. 3D / vertical channel),2015,111.0,111,7718.1572,1.4381671313976347,111.0,False
ieee,Memory,DRAM,DRAM (incl. 3D / vertical channel),2016,120.12,120,7973.082716543308,1.5065721095772022,120.1,False
ieee,Memory,DRAM,DRAM (incl. 3D / vertical channel),2017,118.0,118,8041.0714,1.4674661389028334,118.0,False
ieee,Memory,DRAM,DRAM (incl. 3D / vertical channel),2018,236.0,236,14043.661566156616,1.6804734213243153,236.0,False
ieee,Memory,DRAM,DRAM (incl. 3D / vertical channel),2019,293.0,293,17535.061506150614,1.6709379656137906,293.0,False
ieee,Memory,DRAM,DRAM (incl. 3D / vertical channel),2020,324.0,324,16396.6289,1.9760159358122693,324.0,False
ieee,Memory,DRAM,DRAM (incl. 3D / vertical channel),2021,351.0,351,18214.6793,1.9270171833330054,351.0,False
ieee,Memory,DRAM,DRAM (incl. 3D / vertical channel),2022,356.0,356,18038.9874,1.9735032355530109,356.0,False
ieee,Memory,DRAM,DRAM (incl. 3D / vertical channel),2023,350.0,350,21153.6624,1.6545598269545985,350.0,False
ieee,Memory,DRAM,DRAM (incl. 3D / vertical channel),2024,462.0,462,22989.7176,2.00959406304321,462.0,False
ieee,Memory,DRAM,DRAM (incl. 3D / vertical channel),2025,522.0,522,25066.852285228524,2.0824313881149163,522.0,False
ieee,Memory,DRAM,DRAM (incl. 3D / vertical channel),2026,379.0,379,13916.627325465093,2.723360992116916,379.0,True
ieee,Memory,FeRAM,FeRAM / ferroelectric memory,2014,9.0,9,7137.0804,0.12610198422312854,9.0,False
ieee,Memory,FeRAM,FeRAM / ferroelectric memory,2015,6.0,6,7718.1572,0.07773876385933161,6.0,False
ieee,Memory,FeRAM,FeRAM / ferroelectric memory,2016,8.0,8,7973.082716543308,0.10033760195916243,8.0,False
ieee,Memory,FeRAM,FeRAM / ferroelectric memory,2017,7.0,7,8041.0714,0.08705307603660875,7.0,False
ieee,Memory,FeRAM,FeRAM / ferroelectric memory,2018,16.0,16,14043.661566156616,0.1139304014457163,16.0,False
ieee,Memory,FeRAM,FeRAM / ferroelectric memory,2019,28.0,28,17535.061506150614,0.15968007862520867,28.0,False
ieee,Memory,FeRAM,FeRAM / ferroelectric memory,2020,35.0,35,16396.6289,0.21345851158465873,35.0,False
ieee,Memory,FeRAM,FeRAM / ferroelectric memory,2021,54.0,54,18214.6793,0.2964641820512316,54.0,False
ieee,Memory,FeRAM,FeRAM / ferroelectric memory,2022,63.0,63,18038.9874,0.3492435501119092,63.0,False
ieee,Memory,FeRAM,FeRAM / ferroelectric memory,2023,72.0,72,21153.6624,0.3403665929735174,72.0,False
ieee,Memory,FeRAM,FeRAM / ferroelectric memory,2024,67.0,67,22989.7176,0.29143463684825777,67.0,False
ieee,Memory,FeRAM,FeRAM / ferroelectric memory,2025,87.0,87,25066.852285228524,0.3470718980191527,87.0,False
ieee,Memory,FeRAM,FeRAM / ferroelectric memory,2026,55.0,55,13916.627325465093,0.39521069806446013,55.0,True
ieee,Memory,MRAM,MRAM / spintronic memory,2014,56.0,56,7137.0804,0.7846345684994666,56.0,False
ieee,Memory,MRAM,MRAM / spintronic memory,2015,78.0,78,7718.1572,1.0106039301713108,78.0,False
ieee,Memory,MRAM,MRAM / spintronic memory,2016,62.0,62,7973.082716543308,0.7776164151835089,62.0,False
ieee,Memory,MRAM,MRAM / spintronic memory,2017,89.0,89,8041.0714,1.1068176810368828,89.0,False
ieee,Memory,MRAM,MRAM / spintronic memory,2018,142.0,142,14043.661566156616,1.0111323128307321,142.0,False
ieee,Memory,MRAM,MRAM / spintronic memory,2019,114.0,114,17535.061506150614,0.6501260344026353,114.0,False
ieee,Memory,MRAM,MRAM / spintronic memory,2020,137.0,137,16396.6289,0.8355376024885213,137.0,False
ieee,Memory,MRAM,MRAM / spintronic memory,2021,160.69,136,18214.6793,0.8821811572980288,160.7,False
ieee,Memory,MRAM,MRAM / spintronic memory,2022,149.0,149,18038.9874,0.8259887137567378,149.0,False
ieee,Memory,MRAM,MRAM / spintronic memory,2023,186.0,186,21153.6624,0.8792803651815867,186.0,False
ieee,Memory,MRAM,MRAM / spintronic memory,2024,170.0,170,22989.7176,0.7394610188687137,170.0,False
ieee,Memory,MRAM,MRAM / spintronic memory,2025,200.0,200,25066.852285228524,0.7978664322279373,200.0,False
ieee,Memory,MRAM,MRAM / spintronic memory,2026,118.0,118,13916.627325465093,0.8479065885746598,118.0,True
ieee,Memory,PCM,Phase-change memory,2014,54.0,54,7137.0804,0.7566119053387713,54.0,False
ieee,Memory,PCM,Phase-change memory,2015,44.0,44,7718.1572,0.5700842683017651,44.0,False
ieee,Memory,PCM,Phase-change memory,2016,34.0,34,7973.082716543308,0.4264348083264403,34.0,False
ieee,Memory,PCM,Phase-change memory,2017,23.0,23,8041.0714,0.28603153554885735,23.0,False
ieee,Memory,PCM,Phase-change memory,2018,49.0,49,14043.661566156616,0.34891185442750616,49.0,False
ieee,Memory,PCM,Phase-change memory,2019,89.0,89,17535.061506150614,0.5075545356301275,89.0,False
ieee,Memory,PCM,Phase-change memory,2020,79.0,79,16396.6289,0.48180635471965827,79.0,False
ieee,Memory,PCM,Phase-change memory,2021,78.0,78,18214.6793,0.4282260407406679,78.0,False
ieee,Memory,PCM,Phase-change memory,2022,73.0,73,18038.9874,0.40467903425665674,73.0,False
ieee,Memory,PCM,Phase-change memory,2023,82.0,82,21153.6624,0.38763973088650594,82.0,False
ieee,Memory,PCM,Phase-change memory,2024,55.0,55,22989.7176,0.23923738845752504,55.0,False
ieee,Memory,PCM,Phase-change memory,2025,56.0,56,25066.852285228524,0.22340260102382245,56.0,False
ieee,Memory,PCM,Phase-change memory,2026,27.0,27,13916.627325465093,0.19401252450437131,27.0,True
ieee,Memory,RRAM,RRAM / memristor,2014,288.0,288,7137.0804,4.035263495140113,288.0,False
ieee,Memory,RRAM,RRAM / memristor,2015,290.0,290,7718.1572,3.757373586534361,290.0,False
ieee,Memory,RRAM,RRAM / memristor,2016,306.0,306,7973.082716543308,3.837913274937963,306.0,False
ieee,Memory,RRAM,RRAM / memristor,2017,321.0,321,8041.0714,3.9920053439644874,321.0,False
ieee,Memory,RRAM,RRAM / memristor,2018,537.0,537,14043.661566156616,3.823789098521853,537.0,False
ieee,Memory,RRAM,RRAM / memristor,2019,564.0,564,17535.061506150614,3.2164130123077745,564.0,False
ieee,Memory,RRAM,RRAM / memristor,2020,605.0,605,16396.6289,3.6897828431062436,605.0,False
ieee,Memory,RRAM,RRAM / memristor,2021,617.0,617,18214.6793,3.3873777838075907,617.0,False
ieee,Memory,RRAM,RRAM / memristor,2022,667.5,667,18038.9874,3.7002979433418703,667.5,False
ieee,Memory,RRAM,RRAM / memristor,2023,778.0,778,21153.6624,3.6778501296305075,778.0,False
ieee,Memory,RRAM,RRAM / memristor,2024,745.54,706,22989.7176,3.2429106480194694,745.5,False
ieee,Memory,RRAM,RRAM / memristor,2025,825.09,705,25066.852285228524,3.2915381261739896,825.1,False
ieee,Memory,RRAM,RRAM / memristor,2026,473.0,473,13916.627325465093,3.3988120033543567,473.0,True
ieee,Transistor architecture,2D-channel,2D-material channel (MoS2 / TMD),2014,24.16,22,7137.0804,0.33845772565487703,24.2,False
ieee,Transistor architecture,2D-channel,2D-material channel (MoS2 / TMD),2015,33.07,23,7718.1572,0.42852197931392216,33.1,False
ieee,Transistor architecture,2D-channel,2D-material channel (MoS2 / TMD),2016,28.87,16,7973.082716543308,0.3621518513379368,28.9,False
ieee,Transistor architecture,2D-channel,2D-material channel (MoS2 / TMD),2017,35.21,16,8041.0714,0.4378189370801177,35.2,False
ieee,Transistor architecture,2D-channel,2D-material channel (MoS2 / TMD),2018,92.82,37,14043.661566156616,0.6609434884870224,92.8,False
ieee,Transistor architecture,2D-channel,2D-material channel (MoS2 / TMD),2019,73.03,27,17535.061506150614,0.4164570507744461,73.0,False
ieee,Transistor architecture,2D-channel,2D-material channel (MoS2 / TMD),2020,79.79,27,16396.6289,0.48664881352532163,79.8,False
ieee,Transistor architecture,2D-channel,2D-material channel (MoS2 / TMD),2021,61.64,22,18214.6793,0.33838208580068574,61.6,False
ieee,Transistor architecture,2D-channel,2D-material channel (MoS2 / TMD),2022,94.84,36,18038.9874,0.5257701689961783,94.8,False
ieee,Transistor architecture,2D-channel,2D-material channel (MoS2 / TMD),2023,80.85,31,21153.6624,0.3821938653989297,80.8,False
ieee,Transistor architecture,2D-channel,2D-material channel (MoS2 / TMD),2024,135.12,45,22989.7176,0.587741016879651,135.1,False
ieee,Transistor architecture,2D-channel,2D-material channel (MoS2 / TMD),2025,115.95,39,25066.852285228524,0.46255109608766315,115.9,False
ieee,Transistor architecture,2D-channel,2D-material channel (MoS2 / TMD),2026,91.65,45,13916.627325465093,0.658568689381293,91.7,True
ieee,Transistor architecture,BSPDN,Backside power delivery,2014,0.0,0,7137.0804,0.0,0.0,False
ieee,Transistor architecture,BSPDN,Backside power delivery,2015,0.0,0,7718.1572,0.0,0.0,False
ieee,Transistor architecture,BSPDN,Backside power delivery,2016,0.0,0,7973.082716543308,0.0,0.0,False
ieee,Transistor architecture,BSPDN,Backside power delivery,2017,0.0,0,8041.0714,0.0,0.0,False
ieee,Transistor architecture,BSPDN,Backside power delivery,2018,1.0,1,14043.661566156616,0.007120650090357269,1.0,False
ieee,Transistor architecture,BSPDN,Backside power delivery,2019,5.0,5,17535.061506150614,0.028514299754501548,5.0,False
ieee,Transistor architecture,BSPDN,Backside power delivery,2020,9.0,9,16396.6289,0.054889331550340814,9.0,False
ieee,Transistor architecture,BSPDN,Backside power delivery,2021,4.0,4,18214.6793,0.021960309781572714,4.0,False
ieee,Transistor architecture,BSPDN,Backside power delivery,2022,14.0,14,18038.9874,0.07760967780264649,14.0,False
ieee,Transistor architecture,BSPDN,Backside power delivery,2023,24.0,24,21153.6624,0.11345553099117248,24.0,False
ieee,Transistor architecture,BSPDN,Backside power delivery,2024,43.0,43,22989.7176,0.1870401400667923,43.0,False
ieee,Transistor architecture,BSPDN,Backside power delivery,2025,52.0,52,25066.852285228524,0.2074452723792637,52.0,False
ieee,Transistor architecture,BSPDN,Backside power delivery,2026,34.0,34,13916.627325465093,0.24431206789439353,34.0,True
ieee,Transistor architecture,CFET,CFET (complementary FET),2014,4.0,4,7137.0804,0.05604532632139047,4.0,False
ieee,Transistor architecture,CFET,CFET (complementary FET),2015,5.0,5,7718.1572,0.06478230321610967,5.0,False
ieee,Transistor architecture,CFET,CFET (complementary FET),2016,8.0,8,7973.082716543308,0.10033760195916243,8.0,False
ieee,Transistor architecture,CFET,CFET (complementary FET),2017,4.0,4,8041.0714,0.04974461487806214,4.0,False
ieee,Transistor architecture,CFET,CFET (complementary FET),2018,12.0,12,14043.661566156616,0.08544780108428722,12.0,False
ieee,Transistor architecture,CFET,CFET (complementary FET),2019,16.0,16,17535.061506150614,0.09124575921440495,16.0,False
ieee,Transistor architecture,CFET,CFET (complementary FET),2020,14.0,14,16396.6289,0.08538340463386349,14.0,False
ieee,Transistor architecture,CFET,CFET (complementary FET),2021,29.0,29,18214.6793,0.15921224591640215,29.0,False
ieee,Transistor architecture,CFET,CFET (complementary FET),2022,45.0,45,18038.9874,0.24945967865136373,45.0,False
ieee,Transistor architecture,CFET,CFET (complementary FET),2023,44.0,44,21153.6624,0.20800180681714953,44.0,False
ieee,Transistor architecture,CFET,CFET (complementary FET),2024,75.0,75,22989.7176,0.3262328024420796,75.0,False
ieee,Transistor architecture,CFET,CFET (complementary FET),2025,86.0,86,25066.852285228524,0.34308256585801306,86.0,False
ieee,Transistor architecture,CFET,CFET (complementary FET),2026,63.0,63,13916.627325465093,0.45269589051019976,63.0,True
ieee,Transistor architecture,FeFET,Ferroelectric / negative-capacitance FET,2014,7.0,7,7137.0804,0.09807932106243332,7.0,False
ieee,Transistor architecture,FeFET,Ferroelectric / negative-capacitance FET,2015,11.0,11,7718.1572,0.14252106707544127,11.0,False
ieee,Transistor architecture,FeFET,Ferroelectric / negative-capacitance FET,2016,33.0,33,7973.082716543308,0.41389260808154504,33.0,False
ieee,Transistor architecture,FeFET,Ferroelectric / negative-capacitance FET,2017,53.0,53,8041.0714,0.6591161471343234,53.0,False
ieee,Transistor architecture,FeFET,Ferroelectric / negative-capacitance FET,2018,145.0,145,14043.661566156616,1.032494263101804,145.0,False
ieee,Transistor architecture,FeFET,Ferroelectric / negative-capacitance FET,2019,184.0,184,17535.061506150614,1.049326230965657,184.0,False
ieee,Transistor architecture,FeFET,Ferroelectric / negative-capacitance FET,2020,204.0,204,16396.6289,1.2441581818077252,204.0,False
ieee,Transistor architecture,FeFET,Ferroelectric / negative-capacitance FET,2021,255.0,255,18214.6793,1.3999697485752605,255.0,False
ieee,Transistor architecture,FeFET,Ferroelectric / negative-capacitance FET,2022,289.0,289,18038.9874,1.6020854917832028,289.0,False
ieee,Transistor architecture,FeFET,Ferroelectric / negative-capacitance FET,2023,272.0,272,21153.6624,1.2858293512332881,272.0,False
ieee,Transistor architecture,FeFET,Ferroelectric / negative-capacitance FET,2024,352.0,352,22989.7176,1.5311192861281602,352.0,False
ieee,Transistor architecture,FeFET,Ferroelectric / negative-capacitance FET,2025,355.0,355,25066.852285228524,1.4162129172045888,355.0,False
ieee,Transistor architecture,FeFET,Ferroelectric / negative-capacitance FET,2026,197.0,197,13916.627325465093,1.415572863976339,197.0,True
ieee,Transistor architecture,FinFET,FinFET,2014,262.0,262,7137.0804,3.6709688740510757,262.0,False
ieee,Transistor architecture,FinFET,FinFET,2015,287.0,287,7718.1572,3.718504204604695,287.0,False
ieee,Transistor architecture,FinFET,FinFET,2016,287.0,287,7973.082716543308,3.599611470284952,287.0,False
ieee,Transistor architecture,FinFET,FinFET,2017,296.0,296,8041.0714,3.681101500976599,296.0,False
ieee,Transistor architecture,FinFET,FinFET,2018,449.0,449,14043.661566156616,3.1971718905704134,449.0,False
ieee,Transistor architecture,FinFET,FinFET,2019,414.0,414,17535.061506150614,2.360984019672728,414.0,False
ieee,Transistor architecture,FinFET,FinFET,2020,433.0,433,16396.6289,2.6407867290330636,433.0,False
ieee,Transistor architecture,FinFET,FinFET,2021,392.0,392,18214.6793,2.152110358594126,392.0,False
ieee,Transistor architecture,FinFET,FinFET,2022,399.0,399,18038.9874,2.211875817375425,399.0,False
ieee,Transistor architecture,FinFET,FinFET,2023,395.0,395,21153.6624,1.867288947563047,395.0,False
ieee,Transistor architecture,FinFET,FinFET,2024,461.0,461,22989.7176,2.0052442923439826,461.0,False
ieee,Transistor architecture,FinFET,FinFET,2025,498.0,498,25066.852285228524,1.9866874162475638,498.0,False
ieee,Transistor architecture,FinFET,FinFET,2026,316.0,316,13916.627325465093,2.270665101606716,316.0,True
ieee,Transistor architecture,GAA,GAA / nanosheet,2014,42.14,14,7137.0804,0.5903721265818072,42.1,False
ieee,Transistor architecture,GAA,GAA / nanosheet,2015,35.54,11,7718.1572,0.46048556772075094,35.5,False
ieee,Transistor architecture,GAA,GAA / nanosheet,2016,68.87,20,7973.082716543308,0.8637766050619127,68.9,False
ieee,Transistor architecture,GAA,GAA / nanosheet,2017,26.92,7,8041.0714,0.33474809505277286,26.9,False
ieee,Transistor architecture,GAA,GAA / nanosheet,2018,90.49,22,14043.661566156616,0.6443713621767301,90.5,False
ieee,Transistor architecture,GAA,GAA / nanosheet,2019,105.56,24,17535.061506150614,0.601993896417037,105.6,False
ieee,Transistor architecture,GAA,GAA / nanosheet,2020,154.46,34,16396.6289,0.9420351033254165,154.5,False
ieee,Transistor architecture,GAA,GAA / nanosheet,2021,144.91,34,18214.6793,0.7955561424570347,144.9,False
ieee,Transistor architecture,GAA,GAA / nanosheet,2022,244.01,65,18038.9874,1.3526812486159825,244.0,False
ieee,Transistor architecture,GAA,GAA / nanosheet,2023,193.7,54,21153.6624,0.9156712267470047,193.7,False
ieee,Transistor architecture,GAA,GAA / nanosheet,2024,308.74,86,22989.7176,1.342948205679568,308.7,False
ieee,Transistor architecture,GAA,GAA / nanosheet,2025,281.72,82,25066.852285228524,1.1238932733196911,281.7,False
ieee,Transistor architecture,GAA,GAA / nanosheet,2026,206.66,92,13916.627325465093,1.4850053955853837,206.7,True
ieee,Transistor architecture,Node,"Advanced node (7/5/3/2 nm, A16/A14)",2014,11.61,3,7137.0804,0.16262632695486945,11.6,False
ieee,Transistor architecture,Node,"Advanced node (7/5/3/2 nm, A16/A14)",2015,3.91,1,7718.1572,0.05061225409263928,3.9,False
ieee,Transistor architecture,Node,"Advanced node (7/5/3/2 nm, A16/A14)",2016,7.68,2,7973.082716543308,0.09627392907981636,7.7,False
ieee,Transistor architecture,Node,"Advanced node (7/5/3/2 nm, A16/A14)",2017,19.84,5,8041.0714,0.24667110902659067,19.8,False
ieee,Transistor architecture,Node,"Advanced node (7/5/3/2 nm, A16/A14)",2018,24.66,6,14043.661566156616,0.17560947252839093,24.7,False
ieee,Transistor architecture,Node,"Advanced node (7/5/3/2 nm, A16/A14)",2019,55.22,13,17535.061506150614,0.3149347379285186,55.2,False
ieee,Transistor architecture,Node,"Advanced node (7/5/3/2 nm, A16/A14)",2020,90.5,20,16396.6289,0.5519427228117605,90.5,False
ieee,Transistor architecture,Node,"Advanced node (7/5/3/2 nm, A16/A14)",2021,60.29,15,18214.6793,0.3309973000672024,60.3,False
ieee,Transistor architecture,Node,"Advanced node (7/5/3/2 nm, A16/A14)",2022,70.6,25,18038.9874,0.39137451806191714,70.6,False
ieee,Transistor architecture,Node,"Advanced node (7/5/3/2 nm, A16/A14)",2023,92.29,33,21153.6624,0.43628378979897114,92.3,False
ieee,Transistor architecture,Node,"Advanced node (7/5/3/2 nm, A16/A14)",2024,83.37,27,22989.7176,0.36262733388251783,83.4,False
ieee,Transistor architecture,Node,"Advanced node (7/5/3/2 nm, A16/A14)",2025,115.64,39,25066.852285228524,0.46130642445338804,115.6,False
ieee,Transistor architecture,Node,"Advanced node (7/5/3/2 nm, A16/A14)",2026,83.86,44,13916.627325465093,0.602617272408689,83.9,True
ieee,Transistor architecture,TFET,Tunnel FET,2014,55.0,55,7137.0804,0.7706232369191189,55.0,False
ieee,Transistor architecture,TFET,Tunnel FET,2015,73.0,73,7718.1572,0.9458216269552012,73.0,False
ieee,Transistor architecture,TFET,Tunnel FET,2016,82.0,82,7973.082716543308,1.028460420081415,82.0,False
ieee,Transistor architecture,TFET,Tunnel FET,2017,71.0,71,8041.0714,0.8829669140856031,71.0,False
ieee,Transistor architecture,TFET,Tunnel FET,2018,106.0,106,14043.661566156616,0.7547889095778705,106.0,False
ieee,Transistor architecture,TFET,Tunnel FET,2019,120.0,120,17535.061506150614,0.6843431941080371,120.0,False
ieee,Transistor architecture,TFET,Tunnel FET,2020,140.0,140,16396.6289,0.8538340463386349,140.0,False
ieee,Transistor architecture,TFET,Tunnel FET,2021,106.0,106,18214.6793,0.5819482092116769,106.0,False
ieee,Transistor architecture,TFET,Tunnel FET,2022,97.0,97,18038.9874,0.5377241962040508,97.0,False
ieee,Transistor architecture,TFET,Tunnel FET,2023,82.0,82,21153.6624,0.38763973088650594,82.0,False
ieee,Transistor architecture,TFET,Tunnel FET,2024,115.0,115,22989.7176,0.5002236304111887,115.0,False
ieee,Transistor architecture,TFET,Tunnel FET,2025,127.0,127,25066.852285228524,0.5066451844647402,127.0,False
ieee,Transistor architecture,TFET,Tunnel FET,2026,47.0,47,13916.627325465093,0.33772550561872045,47.0,True
