source,concept_a,concept_b,docs_both,docs_a,docs_b,in_domain,lift,jaccard
all,Neuromorphic,RRAM,5854,20591,22018,978703.2135569395,12.637129222082264,0.159270847503741
all,CIM,RRAM,2825,6670,22018,978703.2135569395,18.82633425519746,0.10922940107489464
all,3DIC,Chiplet,1547,10338,3475,978703.2135569395,42.145381678339334,0.1261209848361324
all,EUV,Resist,1386,4563,6332,978703.2135569395,46.94862415375167,0.14575665159322748
all,CIM,Neuromorphic,1061,6670,20591,978703.2135569395,7.56071949152843,0.04049618320610687
all,3DIC,FanOut,1018,10338,2255,978703.2135569395,42.73814992932729,0.08794816414686825
all,FinFET,Node,840,9027,770,978703.2135569395,118.27586495748385,0.0937814000223289
all,3DIC,HybridBonding,733,10338,1658,978703.2135569395,41.853707505216136,0.06508035159371393
all,CIM,DRAM,608,6670,7891,978703.2135569395,11.305680713868497,0.0435748584533792
all,FinFET,GAA,608,9027,1081,978703.2135569395,60.97972439374437,0.064
all,3DIC,CPO,575,10338,7770,978703.2135569395,7.005857708241865,0.032795300290880056
all,Ga2O3,GaN,575,10440,11273,978703.2135569395,4.781661772417601,0.027202195098874067
all,EUV,HighNA,568,4563,730,978703.2135569395,166.88835010022294,0.12021164021164021
all,GaN,SiC,563,11273,17753,978703.2135569395,2.7532658566438872,0.019780065347995642
all,FeFET,Neuromorphic,495,5051,20591,978703.2135569395,4.658020613718365,0.0196842565713604
all,Chiplet,FanOut,489,3475,2255,978703.2135569395,61.07430285113413,0.0933028048082427
all,3DIC,HBM,488,10338,1529,978703.2135569395,30.21529391054474,0.042886018103524035
all,CPO,Photonic-computing,481,7770,1341,978703.2135569395,45.18000701764928,0.05573580533024334
all,3DIC,GlassSubstrate,474,10338,615,978703.2135569395,72.96552512492224,0.04523332379043802
all,AIAccel,CIM,472,2307,6670,978703.2135569395,30.020614972024745,0.055496766607877716
all,CIM,FeFET,426,6670,5051,978703.2135569395,12.375347734228002,0.037715803452855245
all,CIM,MRAM,421,6670,3117,978703.2135569395,19.818485988356713,0.04494981849241939
all,FeFET,FeRAM,403,5051,1722,978703.2135569395,45.34668507396986,0.06326530612244897
all,Neuromorphic,Photonic-computing,382,20591,1341,978703.2135569395,13.53967253413861,0.017726218097447795
all,2D-channel,Neuromorphic,376,2765,20591,978703.2135569395,6.463478150093477,0.01636205395996519
all,DRAM,PCM,369,7891,2848,978703.2135569395,16.06961056662256,0.035583413693346194
all,3DIC,DRAM,358,10338,7891,978703.2135569395,4.295022761805264,0.02003245481506351
all,Neuromorphic,OxideSemi,345,20591,5345,978703.2135569395,3.0679265740142503,0.013481302020241491
all,GAA,Node,332,1081,770,978703.2135569395,390.3666240985426,0.2185648452929559
all,DRAM,HBM,331,7891,1529,978703.2135569395,26.849702580867973,0.03641764770601826
all,CPO,Chiplet,303,7770,3475,978703.2135569395,10.982919871031458,0.027691464083348567
all,CompLitho,EUV,297,853,4563,978703.2135569395,74.68062840601799,0.05801914436413362
all,EUV,Node,296,4563,770,978703.2135569395,82.45206395110704,0.05876513797895573
all,FeFET,FinFET,287,5051,9027,978703.2135569395,6.160445219936259,0.02081067362772823
all,AIAccel,RRAM,283,2307,22018,978703.2135569395,5.4527048196452155,0.011771067298893602
all,MRAM,RRAM,281,3117,22018,978703.2135569395,4.007215186429991,0.011306027198841233
all,GAA,TFET,275,1081,3431,978703.2135569395,72.56668702165092,0.06490441350011801
all,Neuromorphic,PCM,271,20591,2848,978703.2135569395,4.522753117190575,0.011697168508287293
all,3DIC,CIM,268,10338,6670,978703.2135569395,3.8038505592424303,0.016009557945041816
all,AIAccel,Neuromorphic,256,2307,20591,978703.2135569395,5.274313575890867,0.011306421694196626
all,2D-channel,FeFET,248,2765,5051,978703.2135569395,17.379216402253686,0.03276955602536998
all,FinFET,HKMG,247,9027,2316,978703.2135569395,11.562878709322238,0.02226027397260274
all,3DNAND,DRAM,233,3431,7891,978703.2135569395,8.42275511121037,0.021011813508882676
all,PCM,RRAM,228,2848,22018,978703.2135569395,3.5585085117249284,0.009253997889439078
all,CIM,PCM,227,6670,2848,978703.2135569395,11.695291547208766,0.024432246259821332
all,AIAccel,DRAM,226,2307,7891,978703.2135569395,12.150098970595534,0.022663457681508223
all,FeRAM,Neuromorphic,224,1722,20591,978703.2135569395,6.182846249786702,0.01014079406039205
all,DRAM,OxideSemi,222,7891,5345,978703.2135569395,5.151387690245938,0.01705855232826187
all,Chiplet,HBM,207,3475,1529,978703.2135569395,38.12932046737398,0.043151969981238276
all,3DIC,GaN,206,10338,11273,978703.2135569395,1.7299844514929623,0.009623919644942771
all,3DIC,RRAM,203,10338,22018,978703.2135569395,0.8728360133635307,0.006313563275588592
all,CPO,Neuromorphic,201,7770,20591,978703.2135569395,1.2295568519423796,0.007137784090909091
all,3DIC,Neuromorphic,198,10338,20591,978703.2135569395,0.9103370911159396,0.006443005434252058
all,FeFET,RRAM,192,5051,22018,978703.2135569395,1.6896509900309635,0.007143654425717156
all,HighNA,Resist,192,730,6332,978703.2135569395,40.65261403329303,0.02794759825327511
all,3DIC,OxideSemi,191,10338,5345,978703.2135569395,3.382985561173142,0.012328943971081849
all,CFET,GAA,183,698,1081,978703.2135569395,237.3673533750718,0.11466165413533834
all,Chiplet,HybridBonding,180,3475,1658,978703.2135569395,30.57624744040217,0.03634161114476075
all,EUV,MultiPatterning,177,4563,560,978703.2135569395,67.7931454868266,0.0357864941366761
all,OxideSemi,RRAM,177,5345,22018,978703.2135569395,1.471969135547642,0.006510704038843522
all,DRAM,RRAM,176,7891,22018,978703.2135569395,0.9914110870729352,0.0059193488716241215
all,FeRAM,RRAM,175,1722,22018,978703.2135569395,4.517290793660229,0.007426267769997878
all,GAA,HKMG,174,1081,2316,978703.2135569395,68.01990383388832,0.053986968662736584
all,Chiplet,UCIe,168,3475,216,978703.2135569395,219.05427641562196,0.04768663071246097
all,FinFET,GaN,168,9027,11273,978703.2135569395,1.6157618383263117,0.008344923504867872
all,FeFET,TFET,167,5051,3431,978703.2135569395,9.43125307892772,0.020084185207456404
all,DRAM,MRAM,164,7891,3117,978703.2135569395,6.5256836550445305,0.015123570638140908
all,2D-channel,TFET,162,2765,3431,978703.2135569395,16.71283690890094,0.02684786211468346
all,3DIC,AIAccel,158,10338,2307,978703.2135569395,6.483715930042938,0.012653159285657084
all,2D-channel,RRAM,157,2765,22018,978703.2135569395,2.523932080039716,0.006375375619264192
all,Ga2O3,SiC,156,10440,17753,978703.2135569395,0.8237650477232091,0.005564076042372579
all,2D-channel,HKMG,154,2765,2316,978703.2135569395,23.5362920555439,0.03125634260198904
all,Ga2O3,Neuromorphic,145,10440,20591,978703.2135569395,0.6601476464616011,0.004694683675451661
all,3DIC,FinFET,144,10338,9027,978703.2135569395,1.5101967667235314,0.007491805837365382
all,AIAccel,Chiplet,144,2307,3475,978703.2135569395,17.5796855678151,0.02554097197587797
all,GaN,HKMG,139,11273,2316,978703.2135569395,5.2106002085015595,0.01033457249070632
all,FeFET,GAA,138,5051,1081,978703.2135569395,24.73586136868468,0.023023023023023025
all,FeFET,OxideSemi,132,5051,5345,978703.2135569395,4.78519750331524,0.012860483242400623
all,Node,Resist,132,770,6332,978703.2135569395,26.496793075271352,0.018938307030129126
all,FeFET,HKMG,128,5051,2316,978703.2135569395,10.708904864277995,0.017682000276281255
all,FinFET,TFET,127,9027,3431,978703.2135569395,4.01319788559227,0.010299245803260077
all,3DIC,Node,126,10338,770,978703.2135569395,15.491529787742408,0.011473319978146056
all,FanOut,GlassSubstrate,122,2255,615,978703.2135569395,86.0972307637565,0.04439592430858806
all,Ga2O3,OxideSemi,116,10440,5345,978703.2135569395,2.0345145277142493,0.007403152721935031
all,FanOut,HBM,112,2255,1529,978703.2135569395,31.791791779731465,0.030501089324618737
all,CIM,FeRAM,110,6670,1722,978703.2135569395,9.373131682526624,0.013281815986476696
all,CIM,HBM,110,6670,1529,978703.2135569395,10.55626733637073,0.013598714303374953
all,CompLitho,Resist,108,853,6332,978703.2135569395,19.56972993835985,0.01526070368800339
all,DRAM,FeFET,108,7891,5051,978703.2135569395,2.6519501606776377,0.008415147265077139
all,3DIC,GAA,106,10338,1081,978703.2135569395,9.283134819872366,0.009369751613188367
all,DRAM,FeRAM,105,7891,1722,978703.2135569395,7.562669524380504,0.011043331931005469
all,FanOut,HybridBonding,105,2255,1658,978703.2135569395,27.485854360228483,0.027573529411764705
all,3DIC,UCIe,104,10338,216,978703.2135569395,45.58207324376881,0.009952153110047848
all,MRAM,Neuromorphic,104,3117,20591,978703.2135569395,1.5858792353880231,0.004406032875783766
all,MultiPatterning,Resist,101,560,6332,978703.2135569395,27.87683438127507,0.014872625533794728
all,AIAccel,HBM,100,2307,1529,978703.2135569395,27.745715858294034,0.02676659528907923
all,HKMG,OxideSemi,100,2316,5345,978703.2135569395,7.906144537749673,0.013225763787858748
all,HKMG,TFET,99,2316,3431,978703.2135569395,12.193459378819375,0.017528328611898018
all,2D-channel,3DIC,97,2765,10338,978703.2135569395,3.3211698379588404,0.007458096263263109
all,Ga2O3,RRAM,97,10440,22018,978703.2135569395,0.4129946088824536,0.002997435184326813
all,MRAM,PCM,97,3117,2848,978703.2135569395,10.694142365694733,0.01653033401499659
all,FanOut,Resist,96,2255,6332,978703.2135569395,6.580134865699315,0.011306088799905783
all,3DIC,CoWoS,95,10338,119,978703.2135569395,75.57725783469103,0.009168114263655665
all,DRAM,FinFET,95,7891,9027,978703.2135569395,1.3052663253555805,0.005647030850621173
all,3DIC,Resist,94,10338,6332,978703.2135569395,1.4054048045663692,0.005670849420849421
all,CIM,OxideSemi,94,6670,5345,978703.2135569395,2.5805086813287175,0.0078852445264659
all,DRAM,EUV,94,7891,4563,978703.2135569395,2.5550320707396414,0.007605177993527508
all,CIM,FinFET,93,6670,9027,978703.2135569395,1.5116967747564467,0.005960010253781082
all,HBM,HybridBonding,93,1529,1658,978703.2135569395,35.903926918654065,0.030058177117000647
all,CompLitho,HighNA,92,853,730,978703.2135569395,144.59955298340816,0.06170355466130114
all,DTCO,GAA,92,466,1081,978703.2135569395,178.74225432507342,0.06323024054982818
all,FinFET,RRAM,90,9027,22018,978703.2135569395,0.44317189840096366,0.0029074462930059764
all,3DNAND,CIM,89,3431,6670,978703.2135569395,3.806225101085465,0.008889332800639234
all,FinFET,Resist,88,9027,6332,978703.2135569395,1.5067782332970674,0.005762556479601859
all,CFET,FinFET,87,698,9027,978703.2135569395,13.51361064521395,0.009026769039219755
all,CNT,FinFET,87,2147,9027,978703.2135569395,4.393339650842728,0.007847028050870388
all,AIAccel,RISCV,85,2307,1247,978703.2135569395,28.91717691678576,0.02450273854136639
all,CPO,FanOut,85,7770,2255,978703.2135569395,4.747908874164368,0.008551307847082495
all,2D-channel,CIM,83,2765,6670,978703.2135569395,4.404616862918956,0.008875106928999144
all,3DIC,EUV,82,10338,4563,978703.2135569395,1.7012881228898693,0.005533436804102841
all,3DIC,FeFET,82,10338,5051,978703.2135569395,1.5369189674809887,0.005357026197164696
all,3DIC,CFET,81,10338,698,978703.2135569395,10.986113531421907,0.007393884071200365
all,DRAM,HybridBonding,81,7891,1658,978703.2135569395,6.059258260667709,0.008555133079847909
all,3DNAND,FeFET,79,3431,5051,978703.2135569395,4.461490977456826,0.009401404260383196
all,DTCO,FinFET,79,466,9027,978703.2135569395,18.380137097291392,0.00839175695772254
all,3DIC,BSPDN,77,10338,287,978703.2135569395,25.399391657409637,0.007299962078119075
all,BSPDN,GAA,76,287,1081,978703.2135569395,239.74911676930768,0.058823529411764705
all,2D-channel,GAA,75,2765,1081,978703.2135569395,24.55791252716926,0.01988862370723946
all,NIL,Resist,74,2411,6332,978703.2135569395,4.743999313213936,0.008536163340639058
all,3DIC,DTCO,73,10338,466,978703.2135569395,14.830351000902661,0.006802721088435374
all,CNT,GAA,73,2147,1081,978703.2135569395,30.783368135671346,0.023137876386687798
all,CNT,RRAM,72,2147,22018,978703.2135569395,1.4906428418688398,0.0029884198729921555
all,Chiplet,GaN,72,3475,11273,978703.2135569395,1.7988261600704976,0.004905968928863451
all,DRAM,HKMG,71,7891,2316,978703.2135569395,3.8022333308241185,0.007004735595895817
all,DTCO,Node,71,466,770,978703.2135569395,193.65678658531493,0.06094420600858369
all,3DNAND,RRAM,70,3431,22018,978703.2135569395,0.9068813461594771,0.0027581859017297766
all,DRAM,Neuromorphic,69,7891,20591,978703.2135569395,0.41561443513131846,0.0024284658430999894
all,Neuromorphic,RISCV,69,20591,1247,978703.2135569395,2.6300028128478217,0.00316964490789655
all,CFET,Node,67,698,770,978703.2135569395,122.0055730813734,0.04782298358315489
all,Chiplet,DRAM,67,3475,7891,978703.2135569395,2.3913269851479995,0.0059297282945393395
all,FeFET,Node,67,5051,770,978703.2135569395,16.86000594155586,0.011644073687869308
all,HKMG,SiC,67,2316,17753,978703.2135569395,1.5948340850201228,0.0033496650334966503
all,CIM,RISCV,66,6670,1247,978703.2135569395,7.766094349949084,0.008406572411157814
all,3DNAND,Neuromorphic,65,3431,20591,978703.2135569395,0.9004637089595723,0.0027131944734315647
all,AIAccel,CPO,65,2307,7770,978703.2135569395,3.54891630704833,0.0064922093487814626
all,DRAM,GAA,64,7891,1081,978703.2135569395,7.34299531247898,0.007184553210597216
all,FinFET,Ga2O3,64,9027,10440,978703.2135569395,0.664640875878581,0.0032984590011853835
all,MultiPatterning,Node,64,560,770,978703.2135569395,145.26207251308935,0.05055292259083728
all,3DIC,3DNAND,63,10338,3431,978703.2135569395,1.7383383760655282,0.004596527068437181
all,FinFET,Neuromorphic,62,9027,20591,978703.2135569395,0.3264538710318585,0.002097712816348626
all,Chiplet,CoWoS,61,3475,119,978703.2135569395,144.37070558484567,0.01726577979054628
all,CompLitho,Node,61,853,770,978703.2135569395,90.89523001625022,0.03905249679897567
all,3DNAND,GAA,60,3431,1081,978703.2135569395,15.832731713814747,0.013477088948787063
all,FinFET,MRAM,60,9027,3117,978703.2135569395,2.0869979379729267,0.004965243296921549
all,Chiplet,GlassSubstrate,58,3475,615,978703.2135569395,26.561285084542316,0.014384920634920634
all,FinFET,RISCV,58,9027,1247,978703.2135569395,5.042769436171793,0.005677368833202819
all,BSPDN,Node,57,287,770,978703.2135569395,252.43713820872233,0.057
all,CIM,Chiplet,57,6670,3475,978703.2135569395,2.406828952692526,0.005650277557494052
all,Ga2O3,HKMG,56,10440,2316,978703.2135569395,2.266731018236812,0.004409448818897638
all,HighNA,Node,56,730,770,978703.2135569395,97.50467881015587,0.038781163434903045
all,3DIC,CNT,54,10338,2147,978703.2135569395,2.3810921425034905,0.0043439787627704935
all,AIAccel,FinFET,54,2307,9027,978703.2135569395,2.5377786369291075,0.0047872340425531915
all,CFET,DTCO,53,698,466,978703.2135569395,159.47240527355225,0.04770477047704771
all,CPO,HybridBonding,53,7770,1658,978703.2135569395,4.026440992661282,0.005653333333333333
all,Chiplet,Node,53,3475,770,978703.2135569395,19.3856938497684,0.012643129770992367
all,FeRAM,MRAM,52,1722,3117,978703.2135569395,9.48166066663031,0.010862753290160853
all,2D-channel,CFET,51,2765,698,978703.2135569395,25.862507651105414,0.014947245017584994
all,CPO,Resist,51,7770,6332,978703.2135569395,1.0145168519811103,0.0036296349014305032
all,CPO,PCM,50,7770,2848,978703.2135569395,2.2113628782304717,0.004731264193792582
all,EUV,FinFET,50,4563,9027,978703.2135569395,1.1880291790235977,0.003692762186115214
all,GaN,Neuromorphic,50,11273,20591,978703.2135569395,0.21081624476729918,0.0015716351291884076
all,CIM,Photonic-computing,49,6670,1341,978703.2135569395,5.3615761989575725,0.006154232604873147
all,3DNAND,PCM,48,3431,2848,978703.2135569395,4.807635669279141,0.0077034183919114105
all,Cryo,FinFET,48,592,9027,978703.2135569395,8.790773746840015,0.005015149932086511
all,DRAM,MultiPatterning,48,7891,560,978703.2135569395,10.630952588557737,0.005712245626561942
all,3DIC,Ga2O3,47,10338,10440,978703.2135569395,0.42619843019704257,0.0022671361728811923
all,AIAccel,Photonic-computing,47,2307,1341,978703.2135569395,14.868682913680717,0.013051930019439044
all,DSA,Resist,47,518,6332,978703.2135569395,14.024203542091819,0.006908716742613553
all,FeFET,GaN,47,5051,11273,978703.2135569395,0.8078523576011185,0.0028875099834121767
all,BSPDN,FinFET,46,287,9027,978703.2135569395,17.37734833579757,0.004963314630988347
all,DRAM,RISCV,46,7891,1247,978703.2135569395,4.575202798069489,0.005059392872855257
all,DSA,EUV,46,518,4563,978703.2135569395,19.04708928015895,0.009136047666335651
all,FanOut,GaN,46,2255,11273,978703.2135569395,1.7710172560191488,0.0034119566829847203
all,GaN,Resist,45,11273,6332,978703.2135569395,0.6169970888191901,0.002562642369020501
all,CPO,GlassSubstrate,44,7770,615,978703.2135569395,9.011717235668842,0.005275146864884306
all,Chiplet,FinFET,44,3475,9027,978703.2135569395,1.3727942119765513,0.0035318670733665114
all,CompLitho,MultiPatterning,44,853,560,978703.2135569395,90.15018714726457,0.03214024835646457
all,DRAM,Node,44,7891,770,978703.2135569395,7.087301725705158,0.005106185447371475
all,FinFET,MultiPatterning,44,9027,560,978703.2135569395,8.518678368961636,0.004610709420517657
all,AIAccel,MRAM,43,2307,3117,978703.2135569395,5.852414438675835,0.007991079724958185
all,DRAM,Resist,43,7891,6332,978703.2135569395,0.8422606678131919,0.0030324400564174896
all,GAA,Resist,43,1081,6332,978703.2135569395,6.148269130170117,0.0058344640434192675
all,3DIC,SiC,42,10338,17753,978703.2135569395,0.2239711210605091,0.0014973795857249812
all,BSPDN,CFET,42,287,698,978703.2135569395,205.19320991479617,0.044538706256627786
all,CPO,GaN,42,7770,11273,978703.2135569395,0.46928835632469806,0.0022104099784221883
all,GaN,HBM,42,11273,1529,978703.2135569395,2.3848074091843716,0.0032915360501567397
all,HKMG,Node,42,2316,770,978703.2135569395,23.050005029602907,0.013797634691195795
all,FeFET,MRAM,41,5051,3117,978703.2135569395,2.548711627497347,0.0050449120216562076
all,3DIC,HKMG,40,10338,2316,978703.2135569395,1.6350683905696266,0.003171079752655779
all,CIM,CNT,40,6670,2147,978703.2135569395,2.733714317197078,0.00455736584254301
all,Chiplet,RISCV,40,3475,1247,978703.2135569395,9.034200883219603,0.00854335753951303
all,CIM,Node,39,6670,770,978703.2135569395,7.4318863935669786,0.00526955816781516
all,CompLitho,DRAM,39,853,7891,978703.2135569395,5.6706722482928145,0.004480183802412407
all,DRAM,TFET,39,7891,3431,978703.2135569395,1.409817379129633,0.0034565275192767883
all,HybridBonding,Node,39,1658,770,978703.2135569395,29.89787831428935,0.016324822101297615
all,DSA,MultiPatterning,38,518,560,978703.2135569395,128.20850150015065,0.03653846153846154
all,HKMG,Neuromorphic,38,2316,20591,978703.2135569395,0.7798635408976426,0.001661638025274389
all,HighNA,MultiPatterning,38,730,560,978703.2135569395,90.97534763983292,0.03035143769968051
all,3DIC,RISCV,37,10338,1247,978703.2135569395,2.808987179725189,0.003204018011776931
all,3DNAND,OxideSemi,37,3431,5345,978703.2135569395,1.9746235433659134,0.0042338940382194755
all,Photonic-computing,RRAM,37,1341,22018,978703.2135569395,1.2264393975807728,0.0015864848640768374
all,2D-channel,FinFET,36,2765,9027,978703.2135569395,1.4116106848451961,0.003062266076896904
all,3DIC,HighNA,36,10338,730,978703.2135569395,4.6686802100045615,0.0032632342277012327
all,CoWoS,FanOut,36,119,2255,978703.2135569395,131.29857343363886,0.015397775876817793
all,EUV,NIL,36,4563,2411,978703.2135569395,3.202623130366293,0.0051888152205246466
all,FanOut,UCIe,36,2255,216,978703.2135569395,72.33578814168068,0.014784394250513347
all,2D-channel,Node,35,2765,770,978703.2135569395,16.089153601133315,0.01
all,GAA,GaN,35,1081,11273,978703.2135569395,2.8109547707700466,0.0028411397028979624
all,GAA,Neuromorphic,35,1081,20591,978703.2135569395,1.5389195828707074,0.0016175994823681655
all,MultiPatterning,NIL,35,560,2411,978703.2135569395,25.370780110870477,0.011920980926430519
all,Neuromorphic,TFET,35,20591,3431,978703.2135569395,0.4848650740551544,0.0014591236919998332
all,PCM,Photonic-computing,35,2848,1341,978703.2135569395,8.96912952624574,0.008425613866153106
all,CPO,RRAM,34,7770,22018,978703.2135569395,0.19450512328532385,0.0011427035020501444
all,DRAM,FanOut,34,7891,2255,978703.2135569395,1.8700419187559063,0.003362341772151899
all,GaN,Node,34,11273,770,978703.2135569395,3.8335373523147416,0.0028312099258889166
all,BSPDN,DTCO,33,287,466,978703.2135569395,241.48888193222027,0.04583333333333333
all,CPO,FinFET,33,7770,9027,978703.2135569395,0.4604691010249532,0.001968503937007874
all,CoWoS,HBM,33,119,1529,978703.2135569395,177.50496588300697,0.02043343653250774
all,GAA,OxideSemi,33,1081,5345,978703.2135569395,5.589739266707974,0.005161895823557016
all,CIM,CPO,32,6670,7770,978703.2135569395,0.6043021507358688,0.002220988339811216
all,DRAM,HighNA,32,7891,730,978703.2135569395,5.436834200540943,0.0037256956572359994
all,GaN,RRAM,32,11273,22018,978703.2135569395,0.12617799388873707,0.0009621455846537779
all,Neuromorphic,Node,32,20591,770,978703.2135569395,1.9752989317500373,0.0015003047494022224
all,Node,RRAM,32,770,22018,978703.2135569395,1.8472786040360167,0.0014062225347161188
all,2D-channel,OxideSemi,31,2765,5345,978703.2135569395,2.0529097766085913,0.0038371085530387425
all,3DNAND,MRAM,31,3431,3117,978703.2135569395,2.8369729037624105,0.00475678993401872
all,AIAccel,FeFET,31,2307,5051,978703.2135569395,2.603680827494118,0.004230926709430872
all,AIAccel,PCM,31,2307,2848,978703.2135569395,4.617693770952524,0.006049960967993755
all,Chiplet,DTCO,31,3475,466,978703.2135569395,18.735788816664172,0.007928388746803069
all,3DIC,Photonic-computing,30,10338,1341,978703.2135569395,2.1179073783888454,0.0025753283543651817
all,GaN,TFET,30,11273,3431,978703.2135569395,0.7591228148067836,0.0020444323292899006
all,MRAM,Node,30,3117,770,978703.2135569395,12.233331419533512,0.0077780658542909
all,CNT,Node,29,2147,770,978703.2135569395,17.168258453747754,0.010041551246537396
all,Chiplet,Neuromorphic,29,3475,20591,978703.2135569395,0.3966584995141937,0.0012064733535798976
all,Airgap,HKMG,28,270,2316,978703.2135569395,43.82346635257837,0.0109460516028147
all,CIM,HybridBonding,28,6670,1658,978703.2135569395,2.4779850707572306,0.0033734939759036144
all,HKMG,RRAM,28,2316,22018,978703.2135569395,0.5373937648831029,0.001151978935242327
all,2D-channel,DRAM,27,2765,7891,978703.2135569395,1.211121180974932,0.002540220152413209
all,Node,SiC,27,770,17753,978703.2135569395,1.9330910060957225,0.0014597750865051903
all,2D-channel,FeRAM,26,2765,1722,978703.2135569395,5.344364610829417,0.005828289621161175
all,2D-channel,Ga2O3,26,2765,10440,978703.2135569395,0.8815130133954268,0.0019728355717429243
all,CFET,EUV,26,698,4563,978703.2135569395,7.98947920845835,0.0049665711556829036
all,CIM,GAA,26,6670,1081,978703.2135569395,3.529172077117837,0.003365695792880259
all,DRAM,DTCO,26,7891,466,978703.2135569395,6.920004903853748,0.0031208738446765094
all,DSA,NIL,26,518,2411,978703.2135569395,20.37498943266818,0.008956252152945229
all,EUV,GAA,26,4563,1081,978703.2135569395,5.158794160503172,0.004627981488074048
all,2D-channel,Resist,25,2765,6332,978703.2135569395,1.3975101832949026,0.002755731922398589
all,AIAccel,HybridBonding,25,2307,1658,978703.2135569395,6.396742995677259,0.006345177664974619
all,AIAccel,Node,25,2307,770,978703.2135569395,13.773766086795966,0.0081913499344692
all,FeRAM,PCM,25,1722,2848,978703.2135569395,4.989050396007771,0.005500550055005501
all,Node,OxideSemi,25,770,5345,978703.2135569395,5.945009983580598,0.004105090311986864
all,3DIC,CompLitho,24,10338,853,978703.2135569395,2.66364716944379,0.0021491895764305545
all,AIAccel,FanOut,24,2307,2255,978703.2135569395,4.51510771235458,0.005288673424416042
all,CPO,HBM,24,7770,1529,978703.2135569395,1.977123289114574,0.0025876010781671157
all,Chiplet,RRAM,24,3475,22018,978703.2135569395,0.3069937823973524,0.0009423220385566767
all,GAA,RRAM,24,1081,22018,978703.2135569395,0.9868671543300644,0.0010400866738894908
all,HBM,UCIe,24,1529,216,978703.2135569395,71.12151831676037,0.013945380592678676
all,2D-channel,GaN,23,2765,11273,978703.2135569395,0.7221779226624196,0.001641098822689975
all,3DIC,FeRAM,23,10338,1722,978703.2135569395,1.2644718790485319,0.0019107751100772617
all,3DNAND,HBM,23,3431,1529,978703.2135569395,4.290922265103292,0.004658699615150901
all,FeFET,Ga2O3,23,5051,10440,978703.2135569395,0.4268752576556216,0.001486940780967158
all,FeRAM,OxideSemi,23,1722,5345,978703.2135569395,2.4456707737331564,0.00326519023282226
all,RISCV,RRAM,23,1247,22018,978703.2135569395,0.819850242518992,0.0009895878151622063
all,3DIC,PCM,22,10338,2848,978703.2135569395,0.7313027092372157,0.001671224551807961
all,3DNAND,FinFET,22,3431,9027,978703.2135569395,0.6951996337246452,0.0017690575747828885
all,CIM,HKMG,22,6670,2316,978703.2135569395,1.393828390095928,0.0024542614904060687
all,CNT,HKMG,22,2147,2316,978703.2135569395,4.330151542589586,0.004953839225399685
all,CNT,Neuromorphic,22,2147,20591,978703.2135569395,0.4870395305054383,0.0009684803662616658
all,Cryo,SiQubit,22,592,309,978703.2135569395,117.70461984088095,0.02502844141069397
all,DSA,Node,22,518,770,978703.2135569395,53.98252694743186,0.017377567140600316
all,GAA,MRAM,22,1081,3117,978703.2135569395,6.390152150690647,0.005268199233716475
all,GaN,OxideSemi,22,11273,5345,978703.2135569395,0.3573439869488347,0.0013256206314774645
all,3DNAND,AIAccel,21,3431,2307,978703.2135569395,2.5965817268841827,0.0036732552037782055
all,DRAM,NIL,21,7891,2411,978703.2135569395,1.0802917396087288,0.0020426028596440037
all,GaN,NIL,21,11273,2411,978703.2135569395,0.7561946347247831,0.0015369977310985875
all,3DIC,Airgap,20,10338,270,978703.2135569395,7.01262665288751,0.0018889308651303363
all,3DIC,MRAM,20,10338,3117,978703.2135569395,0.6074460045812088,0.00148864905098623
all,Airgap,TFET,20,270,3431,978703.2135569395,21.129855534115734,0.0054333061668024995
all,CFET,DRAM,20,698,7891,978703.2135569395,3.5538045902533026,0.0023339946318123466
all,Chiplet,Resist,20,3475,6332,978703.2135569395,0.8895805828628272,0.0020435271278226217
all,Chiplet,SiC,20,3475,17753,978703.2135569395,0.31728858506660407,0.000943040362127499
all,CoWoS,HybridBonding,20,119,1658,978703.2135569395,99.20864599010041,0.011383039271485486
all,DTCO,OxideSemi,20,466,5345,978703.2135569395,7.8586398066215635,0.003453634950785702
all,Ga2O3,Node,20,10440,770,978703.2135569395,2.4349485335048504,0.0017873100983020554
all,Node,TFET,20,770,3431,978703.2135569395,7.40917012235227,0.004783544606553456
all,CNT,TFET,19,2147,3431,978703.2135569395,2.524363271774888,0.0034178809138334233
all,CPO,Node,19,7770,770,978703.2135569395,3.1080848848521367,0.0022297852364745923
all,DTCO,RRAM,19,466,22018,978703.2135569395,1.8123448214221383,0.0008457600712219008
all,FeFET,PCM,19,5051,2848,978703.2135569395,1.2926687852431775,0.0024111675126903555
all,FinFET,HBM,19,9027,1529,978703.2135569395,1.3472670468778136,0.0018031697826705894
all,MultiPatterning,Neuromorphic,19,560,20591,978703.2135569395,1.6126463934990538,0.0008991103539655499
all,3DIC,TFET,18,10338,3431,978703.2135569395,0.4966681074472938,0.0013089957094029525
all,3DNAND,HybridBonding,18,3431,1658,978703.2135569395,3.0968364866044165,0.0035495957404851116
all,3DNAND,MultiPatterning,18,3431,560,978703.2135569395,9.168848026410934,0.004530581424616159
all,CFET,OxideSemi,18,698,5345,978703.2135569395,4.721939161743673,0.002987551867219917
all,CPO,SiC,18,7770,17753,978703.2135569395,0.1277117181204381,0.0007057439717702411
all,DTCO,MRAM,18,466,3117,978703.2135569395,12.128324282885155,0.005049088359046283
all,FinFET,SiC,18,9027,17753,978703.2135569395,0.10992799931270679,0.000672595471190494
all,HBM,RISCV,18,1529,1247,978703.2135569395,9.239523630565502,0.006526468455402465
all,Node,RISCV,18,770,1247,978703.2135569395,18.34705406640864,0.009004502251125562
all,3DIC,MLforEDA,17,10338,131,978703.2135569395,12.285479517844912,0.0016264829697665518
all,3DNAND,FeRAM,17,3431,1722,978703.2135569395,2.8160870180485253,0.003309968847352025
all,CFET,HKMG,17,698,2316,978703.2135569395,10.292146467372836,0.005672339005672339
all,CIM,DTCO,17,6670,466,978703.2135569395,5.352888351039493,0.002387975839303273
all,CNT,FeFET,17,2147,5051,978703.2135569395,1.5342301842554773,0.002367358306642529
all,Chiplet,GAA,17,3475,1081,978703.2135569395,4.429140252621932,0.003745318352059925
all,EUV,RuMo,17,4563,129,978703.2135569395,28.265700741671672,0.0036363636363636364
all,Airgap,Node,16,270,770,978703.2135569395,75.3210746364167,0.015625
all,BSPDN,Chiplet,16,287,3475,978703.2135569395,15.70125226672452,0.004271222637479978
all,CFET,HybridBonding,16,698,1658,978703.2135569395,13.531035957389053,0.006837606837606838
all,CPO,NIL,16,7770,2411,978703.2135569395,0.8358970023658742,0.001574028529267093
all,CPO,CompLitho,15,7770,853,978703.2135569395,2.2149923132006037,0.0017425650557620818
all,Chiplet,Photonic-computing,15,3475,1341,978703.2135569395,3.1503491334940836,0.003124349093938763
all,FinFET,HybridBonding,15,9027,1658,978703.2135569395,0.9808764434049475,0.0014058106841611997
all,3DNAND,NIL,14,3431,2411,978703.2135569395,1.6563843616540328,0.0024021962937542897
all,AIAccel,GaN,14,2307,11273,978703.2135569395,0.526856022055036,0.0010319917440660474
all,Airgap,FinFET,14,270,9027,978703.2135569395,5.621754075139664,0.0015081331466120867
all,CFET,FeFET,14,698,5051,978703.2135569395,3.886388916092292,0.0024411508282476025
all,DTCO,HybridBonding,14,466,1658,978703.2135569395,17.734077705955716,0.006635071090047393
all,FanOut,FinFET,14,2255,9027,978703.2135569395,0.6731146786198268,0.0012424565140220093
all,FanOut,SiC,14,2255,17753,978703.2135569395,0.3422636289022236,0.0007002100630189057
all,HBM,Node,14,1529,770,978703.2135569395,11.638066633651697,0.00612691466083151
all,HybridBonding,Resist,14,1658,6332,978703.2135569395,1.305129534266482,0.0017552657973921766
all,MRAM,RISCV,14,3117,1247,978703.2135569395,3.525135330194366,0.003218390804597701
all,Resist,SiC,14,6332,17753,978703.2135569395,0.12188952671739013,0.0005816127290100121
all,CPO,DRAM,13,7770,7891,978703.2135569395,0.2075110865634393,0.0008307770961145194
all,CoWoS,Node,13,119,770,978703.2135569395,138.85345166692363,0.014840182648401826
all,CoWoS,UCIe,13,119,216,978703.2135569395,494.9868415904222,0.040372670807453416
all,FeRAM,HKMG,13,1722,2316,978703.2135569395,3.1902349198927755,0.003229813664596273
all,GAA,MultiPatterning,13,1081,560,978703.2135569395,21.01748013783569,0.007985257985257985
all,HBM,Neuromorphic,13,1529,20591,978703.2135569395,0.40411916094706246,0.0005880490342425476
all,MultiPatterning,RRAM,13,560,22018,978703.2135569395,1.0318782827232438,0.0005761134500332373
all,OxideSemi,Resist,13,5345,6332,978703.2135569395,0.37592893200026395,0.0011145404663923182
all,3DNAND,CompLitho,12,3431,853,978703.2135569395,4.012938565682003,0.0028089887640449437
all,3DNAND,Resist,12,3431,6332,978703.2135569395,0.5405932717193223,0.0012306430109732336
all,CIM,TFET,12,6670,3431,978703.2135569395,0.5131988900339952,0.0011894142134998512
all,CNT,OxideSemi,12,2147,5345,978703.2135569395,1.0234167163164363,0.0016042780748663102
all,CompLitho,DTCO,12,853,466,978703.2135569395,29.54590604904496,0.009181331293037491
all,DTCO,FeFET,12,466,5051,978703.2135569395,4.989637271794764,0.0021798365122615805
all,DTCO,Neuromorphic,12,466,20591,978703.2135569395,1.2239647350704361,0.0005702066999287242
all,FanOut,Node,12,2255,770,978703.2135569395,6.763865904157154,0.003982741453700631
all,GlassSubstrate,HBM,12,615,1529,978703.2135569395,12.489632484894504,0.005628517823639775
all,HBM,RRAM,12,1529,22018,978703.2135569395,0.3488565709060823,0.0005098789037603569
all,MultiPatterning,RuMo,12,560,129,978703.2135569395,162.57528464400988,0.01772525849335303
all,Node,RuMo,12,770,129,978703.2135569395,118.236570650189,0.013528748590755355
all,3DNAND,HKMG,11,3431,2316,978703.2135569395,1.3548288198688196,0.0019177126917712692
all,3DNAND,Node,11,3431,770,978703.2135569395,4.075043567293749,0.0026252983293556086
all,AIAccel,GAA,11,2307,1081,978703.2135569395,4.316884320265008,0.003257328990228013
all,AIAccel,OxideSemi,11,2307,5345,978703.2135569395,0.8730686529853084,0.0014396021463159272
all,BSPDN,HybridBonding,11,287,1658,978703.2135569395,22.62441073188875,0.005687693898655636
all,CFET,CIM,11,698,6670,978703.2135569395,2.312397243167743,0.0014951746635857007
all,CIM,GaN,11,6670,11273,978703.2135569395,0.1431786814274004,0.0006134285076957395
all,CompLitho,NIL,11,853,2411,978703.2135569395,5.23476822920657,0.003381494005533354
all,Cryo,Node,11,592,770,978703.2135569395,23.61735553950144,0.008142116950407105
all,GAA,Ga2O3,11,1081,10440,978703.2135569395,0.9539321960585607,0.0009556907037358819
all,GAA,SiC,11,1081,17753,978703.2135569395,0.5609785459838548,0.0005843914360091377
all,Ga2O3,Resist,11,10440,6332,978703.2135569395,0.1628554491376033,0.000656285424497345
all,RRAM,Resist,11,22018,6332,978703.2135569395,0.07721913384488048,0.00038815766258513
all,3DNAND,Chiplet,10,3431,3475,978703.2135569395,0.8208720854980213,0.0014501160092807424
all,3DNAND,EUV,10,3431,4563,978703.2135569395,0.6251436548554951,0.00125250501002004
all,AIAccel,DTCO,10,2307,466,978703.2135569395,9.103690889985318,0.003619254433586681
all,AIAccel,FeRAM,10,2307,1722,978703.2135569395,2.46360043828871,0.002488181139586962
all,Airgap,FanOut,10,270,2255,978703.2135569395,16.07461958704015,0.003976143141153081
all,Airgap,GAA,10,270,1081,978703.2135569395,33.53216204327062,0.007457121551081283
all,CIM,Ga2O3,10,6670,10440,978703.2135569395,0.14054800380800112,0.0005847953216374269
all,CNT,DRAM,10,2147,7891,978703.2135569395,0.5776794606420134,0.000997207818109294
all,CNT,MRAM,10,2147,3117,978703.2135569395,1.4624538414905766,0.001903311762466692
all,Chiplet,MLforEDA,10,3475,131,978703.2135569395,21.49932920109703,0.0027808676307007787
all,Cryo,Neuromorphic,10,592,20591,978703.2135569395,0.8028822727235688,0.00047229962688329476
all,FanOut,Neuromorphic,10,2255,20591,978703.2135569395,0.21077884942454667,0.00043790506218251883
all,FinFET,OxideSemi,10,9027,5345,978703.2135569395,0.20284292399942663,0.0006962818548948615
all,GlassSubstrate,HybridBonding,10,615,1658,978703.2135569395,9.598234855952803,0.004418912947414936
all,Neuromorphic,Resist,10,20591,6332,978703.2135569395,0.07506416700131913,0.0003715676438895701
all,Neuromorphic,SiC,10,20591,17753,978703.2135569395,0.026773294961547497,0.0002608650284342881
all,Resist,TFET,10,6332,3431,978703.2135569395,0.45049439309943523,0.0010253255408592228
all,2D-channel,3DNAND,9,2765,3431,978703.2135569395,0.9284909393833857,0.0014546630030709553
all,2D-channel,Photonic-computing,9,2765,1341,978703.2135569395,2.3755797263418317,0.002196729314132292
all,3DIC,NIL,9,10338,2411,978703.2135569395,0.3533944995129956,0.000706436420722135
all,Airgap,Resist,9,270,6332,978703.2135569395,5.152154209080541,0.0013650841801911117
all,BSPDN,EUV,9,287,4563,978703.2135569395,6.726066522049767,0.0018591200165255113
all,BSPDN,SiC,9,287,17753,978703.2135569395,1.72878057455715,0.0004991403693638733
all,CFET,HighNA,9,698,730,978703.2135569395,17.286825218849266,0.006342494714587738
all,CFET,Resist,9,698,6332,978703.2135569395,1.992953633885023,0.00128186867967526
all,CPO,CoWoS,9,7770,119,978703.2135569395,9.526328284840915,0.0011421319796954316
all,Chiplet,FeFET,9,3475,5051,978703.2135569395,0.5018354608610849,0.0010567101091933778
all,Cryo,GAA,9,592,1081,978703.2135569395,13.764046244112771,0.005408653846153846
all,DRAM,Ga2O3,9,7891,10440,978703.2135569395,0.10692050017227608,0.0004912127496998145
all,FeFET,Resist,9,5051,6332,978703.2135569395,0.2754071741143825,0.0007912783541410233
all,FeRAM,Node,9,1722,770,978703.2135569395,6.643082584440062,0.003624647603705195
all,GAA,HybridBonding,9,1081,1658,978703.2135569395,4.914544859176575,0.0032967032967032967
all,HBM,PCM,9,1529,2848,978703.2135569395,2.022767901565165,0.0020604395604395605
all,NIL,OxideSemi,9,2411,5345,978703.2135569395,0.6835158720234515,0.0011617400283980895
all,Node,UCIe,9,770,216,978703.2135569395,52.96013060373049,0.009211873080859774
all,2D-channel,CNT,8,2765,2147,978703.2135569395,1.3189059309732014,0.0016313213703099511
all,2D-channel,DSA,8,2765,518,978703.2135569395,5.466585007334872,0.0024427480916030535
all,2D-channel,MRAM,8,2765,3117,978703.2135569395,0.9084668058387755,0.001361933946203609
all,AIAccel,CNT,8,2307,2147,978703.2135569395,1.5807433459648468,0.001799370220422852
all,AIAccel,UCIe,8,2307,216,978703.2135569395,15.712296128641325,0.0031809145129224653
all,CFET,GaN,8,698,11273,978703.2135569395,0.9950526753016521,0.0006687285797876786
all,CPO,UCIe,8,7770,216,978703.2135569395,4.665156649778061,0.001002757583354224
all,Cryo,DRAM,8,592,7891,978703.2135569395,1.6760510837816252,0.0009439528023598821
all,DTCO,GaN,8,466,11273,978703.2135569395,1.4904437067823029,0.0006819537976302106
all,DTCO,HBM,8,466,1529,978703.2135569395,10.988732443791303,0.004026170105686965
all,FanOut,MLforEDA,8,2255,131,978703.2135569395,26.504716265653986,0.00336417157275021
all,FeFET,SiC,8,5051,17753,978703.2135569395,0.08731560745250042,0.00035093876118617303
all,FinFET,UCIe,8,9027,216,978703.2135569395,4.015538625099761,0.0008662696264212236
all,GAA,RISCV,8,1081,1247,978703.2135569395,5.808297515113435,0.0034482758620689655
all,HKMG,Resist,8,2316,6332,978703.2135569395,0.5339019905782943,0.000925925925925926
all,NIL,Node,8,2411,770,978703.2135569395,4.217480330118729,0.0025212732429877086
all,2D-channel,AIAccel,7,2765,2307,978703.2135569395,1.0740050518311792,0.0013820335636722605
all,2D-channel,CPO,7,2765,7770,978703.2135569395,0.3188841254278675,0.0006648936170212766
all,3DIC,Cryo,7,10338,592,978703.2135569395,1.1194142207734283,0.0006408495834477708
all,BSPDN,FanOut,7,287,2255,978703.2135569395,10.585725093904488,0.0027613412228796844
all,CFET,MultiPatterning,7,698,560,978703.2135569395,17.526920013555507,0.005595523581135092
all,CPO,HighNA,7,7770,730,978703.2135569395,1.207828228504183,0.0008242081714352997
all,Chiplet,Ga2O3,7,3475,10440,978703.2135569395,0.18883989346174304,0.0005033074489502444
all,CompLitho,GaN,7,853,11273,978703.2135569395,0.7124600485820446,0.0005776054129878703
all,Cryo,RRAM,7,592,22018,978703.2135569395,0.5255928882893861,0.0003096934035305048
all,DSA,FinFET,7,518,9027,978703.2135569395,1.4651289578066693,0.0007339064793457748
all,DTCO,EUV,7,466,4563,978703.2135569395,3.221904540485928,0.0013938669852648347
all,DTCO,FanOut,7,466,2255,978703.2135569395,6.519534553542035,0.002579218865143699
all,DTCO,MultiPatterning,7,466,560,978703.2135569395,26.252768603995158,0.0068694798822374874
all,FeRAM,FinFET,7,1722,9027,978703.2135569395,0.44072984909631513,0.0006516477378514243
all,GaN,HybridBonding,7,11273,1658,978703.2135569395,0.36654307686398313,0.0005416279789538842
all,GlassSubstrate,Resist,7,615,6332,978703.2135569395,1.759272168954331,0.0010086455331412103
all,HBM,Resist,7,1529,6332,978703.2135569395,0.7076209181863398,0.00089126559714795
all,MRAM,TFET,7,3117,3431,978703.2135569395,0.6406067847205443,0.001070172756459257
all,OxideSemi,PCM,7,5345,2848,978703.2135569395,0.45005061533004803,0.0008551184949914489
all,AIAccel,CFET,6,2307,698,978703.2135569395,3.6466933708307945,0.0020006668889629878
all,AIAccel,CoWoS,6,2307,119,978703.2135569395,21.38984851125962,0.0024793388429752068
all,BSPDN,RuMo,6,287,129,978703.2135569395,158.61003379903403,0.014634146341463415
all,CFET,Chiplet,6,698,3475,978703.2135569395,2.4209846349659405,0.0014398848092152627
all,CFET,RRAM,6,698,22018,978703.2135569395,0.3820929060998566,0.0002642007926023778
all,CFET,TFET,6,698,3431,978703.2135569395,2.452031945936066,0.0014552510308028135
all,CIM,Cryo,6,6670,592,978703.2135569395,1.4871498240765522,0.0008269018743109151
all,CNT,PCM,6,2147,2848,978703.2135569395,0.960351535939493,0.0012026458208057728
all,CPO,DTCO,6,7770,466,978703.2135569395,1.62179265507306,0.0007290400972053463
all,CPO,FeFET,6,7770,5051,978703.2135569395,0.14962490145793822,0.0004682013265704253
all,CPO,Ga2O3,6,7770,10440,978703.2135569395,0.07239036180690095,0.0003295978905735003
all,CompLitho,DSA,6,853,518,978703.2135569395,13.28995387920362,0.004395604395604396
all,Cryo,DTCO,6,592,466,978703.2135569395,21.286028597833912,0.005703422053231939
all,Cryo,HKMG,6,592,2316,978703.2135569395,4.282940123743783,0.002067539627842867
all,DRAM,DSA,6,7891,518,978703.2135569395,1.4366152146699642,0.0007140307033202428
all,DRAM,UCIe,6,7891,216,978703.2135569395,3.445216116662229,0.0007406493025552401
all,EUV,HybridBonding,6,4563,1658,978703.2135569395,0.7761886175425343,0.0009654062751407884
all,FeRAM,Ga2O3,6,1722,10440,978703.2135569395,0.3266394374213823,0.0004935834155972359
all,FeRAM,TFET,6,1722,3431,978703.2135569395,0.993913065193597,0.0011657276083155237
all,GaN,GlassSubstrate,6,11273,615,978703.2135569395,0.8470082528787233,0.000504965494024575
all,HybridBonding,UCIe,6,1658,216,978703.2135569395,16.396984545586037,0.0032119914346895075
all,MRAM,OxideSemi,6,3117,5345,978703.2135569395,0.3524664244355773,0.0007095553453169347
all,2D-channel,DTCO,5,2765,466,978703.2135569395,3.7978688758040016,0.0015499070055796653
all,2D-channel,PCM,5,2765,2848,978703.2135569395,0.62142096071793,0.000891583452211127
all,3DNAND,BSPDN,5,3431,287,978703.2135569395,4.969565325967986,0.00134661998384056
all,3DNAND,CFET,5,3431,698,978703.2135569395,2.043359954946722,0.0012124151309408342
all,BSPDN,DRAM,5,287,7891,978703.2135569395,2.1607627212515728,0.0006117704637220115
all,CFET,CNT,5,698,2147,978703.2135569395,3.2653786704341887,0.0017605633802816902
all,CFET,CPO,5,698,7770,978703.2135569395,0.9022867445845821,0.0005908070424199456
all,CNT,RISCV,5,2147,1247,978703.2135569395,1.8277741074282787,0.0014753614635585719
all,Chiplet,EUV,5,3475,4563,978703.2135569395,0.30861408342578467,0.0006224324660774306
all,Chiplet,MRAM,5,3475,3117,978703.2135569395,0.4517825032633479,0.0007590708972218005
all,CoWoS,FinFET,5,119,9027,978703.2135569395,4.555442978054351,0.0005469861065528935
all,CompLitho,Neuromorphic,5,853,20591,978703.2135569395,0.27860861984311414,0.00023321983301459955
all,DTCO,FeRAM,5,466,1722,978703.2135569395,6.098204089197482,0.0022904260192395786
all,EUV,HBM,5,4563,1529,978703.2135569395,0.7013956441495106,0.000821422704123542
all,FeFET,Photonic-computing,5,5051,1341,978703.2135569395,0.7224617725131618,0.0007828401440425865
all,FeRAM,GAA,5,1722,1081,978703.2135569395,2.628828034751181,0.0017869907076483202
all,GlassSubstrate,UCIe,5,615,216,978703.2135569395,36.837669886967014,0.006053268765133172
all,MLforEDA,RISCV,5,131,1247,978703.2135569395,29.955961898080265,0.003641660597232338
all,NIL,RRAM,5,2411,22018,978703.2135569395,0.09218196061720584,0.00020471667212577794
all,OxideSemi,SiC,5,5345,17753,978703.2135569395,0.05157052540254673,0.00021651582730697615
all,RRAM,TFET,5,22018,3431,978703.2135569395,0.06477723901139122,0.00019650998270712153
all,2D-channel,Chiplet,4,2765,3475,978703.2135569395,0.40743755882006666,0.0006414368184733803
all,2D-channel,Cryo,4,2765,592,978703.2135569395,2.391630940709006,0.0011929615269907546
all,2D-channel,MultiPatterning,4,2765,560,978703.2135569395,2.528295565892378,0.0012044564890093346
all,2D-channel,SiC,4,2765,17753,978703.2135569395,0.07975246532415545,0.00019498878814468168
all,3DIC,DSA,4,10338,518,978703.2135569395,0.731046021729586,0.00036859565057132326
all,3DNAND,DTCO,4,3431,466,978703.2135569395,2.448524031850321,0.0010274852298998202
all,3DNAND,RuMo,4,3431,129,978703.2135569395,8.845055804978678,0.0011248593925759281
all,AIAccel,EUV,4,2307,4563,978703.2135569395,0.3718886657666586,0.0005825808330905913
all,AIAccel,GlassSubstrate,4,2307,615,978703.2135569395,2.7592324908833548,0.0013708019191226869
all,Airgap,Chiplet,4,270,3475,978703.2135569395,4.172462407916608,0.0010692328254477412
all,Airgap,RRAM,4,270,22018,978703.2135569395,0.6585206134758023,0.0001795009872554299
all,BSPDN,CIM,4,287,6670,978703.2135569395,2.0450469125512636,0.0005752912411908529
all,CFET,RuMo,4,698,129,978703.2135569395,43.477631041378004,0.004860267314702308
all,CNT,CPO,4,2147,7770,978703.2135569395,0.23467019942991646,0.00040351054171290223
all,CNT,GaN,4,2147,11273,978703.2135569395,0.16174819919901098,0.0002981514609421586
all,CNT,Resist,4,2147,6332,978703.2135569395,0.28796390549122725,0.00047197640117994103
all,CPO,EUV,4,7770,4563,978703.2135569395,0.11041790887048666,0.0003244383161651391
all,CPO,RISCV,4,7770,1247,978703.2135569395,0.40403922868967973,0.0004438033950959725
all,CPO,TFET,4,7770,3431,978703.2135569395,0.14684841683941435,0.00035723854603911763
all,Chiplet,HKMG,4,3475,2316,978703.2135569395,0.4864269646534906,0.0006912044237083118
all,CoWoS,GlassSubstrate,4,119,615,978703.2135569395,53.49201139888991,0.005479452054794521
all,Cryo,FeFET,4,592,5051,978703.2135569395,1.3092178877569594,0.0007093456286575634
all,Cryo,GaN,4,592,11273,978703.2135569395,0.5866104454058726,0.0003372396931118793
all,Cryo,MRAM,4,592,3117,978703.2135569395,2.1215462146488298,0.0010796221322537112
all,Cryo,RISCV,4,592,1247,978703.2135569395,5.303014876552046,0.0021798365122615805
all,DRAM,Photonic-computing,4,7891,1341,978703.2135569395,0.36995609306440047,0.00043346337234503684
all,DTCO,Resist,4,466,6332,978703.2135569395,1.3267349894628002,0.0005887547836326171
all,DTCO,TFET,4,466,3431,978703.2135569395,2.448524031850321,0.0010274852298998202
all,EUV,MRAM,4,4563,3117,978703.2135569395,0.27524772278591,0.0005211047420531526
all,FanOut,GAA,4,2255,1081,978703.2135569395,1.605974944866176,0.0012004801920768306
all,FanOut,HighNA,4,2255,730,978703.2135569395,2.3781628978086795,0.0013418316001341832
all,FanOut,NIL,4,2255,2411,978703.2135569395,0.7200576173373439,0.000858000858000858
all,FinFET,HighNA,4,9027,730,978703.2135569395,0.5940796870010604,0.00041013021634368914
all,FinFET,PCM,4,9027,2848,978703.2135569395,0.15227463887316506,0.0003369556060988965
all,GAA,HBM,4,1081,1529,978703.2135569395,2.368524199263065,0.0015349194167306216
all,GAA,HighNA,4,1081,730,978703.2135569395,4.960922603661954,0.002213613724405091
all,GAA,SiQubit,4,1081,309,978703.2135569395,11.71997896658002,0.002886002886002886
all,HBM,Photonic-computing,4,1529,1341,978703.2135569395,1.9093025051479295,0.0013956734124214933
all,HBM,SiC,4,1529,17753,978703.2135569395,0.14422208412118365,0.00020749040356883493
all,HKMG,MRAM,4,2316,3117,978703.2135569395,0.5422950600484056,0.0007367839381101492
all,HighNA,NIL,4,730,2411,978703.2135569395,2.224287571363987,0.001275103602167676
all,HybridBonding,RISCV,4,1658,1247,978703.2135569395,1.8934769643659901,0.0013788348845225785
all,MultiPatterning,PCM,4,560,2848,978703.2135569395,2.4546127948358234,0.0011750881316098707
all,OxideSemi,TFET,4,5345,3431,978703.2135569395,0.21347281549901767,0.00045599635202918376
all,PCM,Resist,4,2848,6332,978703.2135569395,0.21708514925901154,0.00043591979075850045
all,2D-channel,CompLitho,3,2765,853,978703.2135569395,1.2448817557735037,0.0008298755186721991
all,2D-channel,EUV,3,2765,4563,978703.2135569395,0.23271622565741806,0.00040955631399317407
all,2D-channel,RISCV,3,2765,1247,978703.2135569395,0.8515510326181224,0.0007483162883512097
all,3DIC,RuMo,3,10338,129,978703.2135569395,2.2016386003251482,0.00028669724770642203
all,3DNAND,CPO,3,3431,7770,978703.2135569395,0.11013631262956075,0.0002679049830326844
all,3DNAND,FanOut,3,3431,2255,978703.2135569395,0.37949407943755525,0.0005278901988386416
all,3DNAND,Ga2O3,3,3431,10440,978703.2135569395,0.08196926715820757,0.00021632535333141045
all,3DNAND,Photonic-computing,3,3431,1341,978703.2135569395,0.6381499993524885,0.0006290626965820927
all,AIAccel,Cryo,3,2307,592,978703.2135569395,2.149824301385046,0.0010359116022099447
all,Airgap,BSPDN,3,270,287,978703.2135569395,37.89017474088035,0.005415162454873646
all,Airgap,DRAM,3,270,7891,978703.2135569395,1.3780864466648917,0.00036773719048786466
all,Airgap,GaN,3,270,11273,978703.2135569395,0.9646482880007682,0.00025996533795493934
all,Airgap,SiC,3,270,17753,978703.2135569395,0.6125432406146939,0.0001664816870144284
all,BSPDN,CPO,3,287,7770,978703.2135569395,1.31664699871785,0.00037248572138068043
all,BSPDN,Ga2O3,3,287,10440,978703.2135569395,0.9799183122641469,0.0002797463632972771
all,BSPDN,HBM,3,287,1529,978703.2135569395,6.690874545479199,0.001654715940430226
all,BSPDN,MultiPatterning,3,287,560,978703.2135569395,18.268477107210167,0.0035545023696682463
all,BSPDN,OxideSemi,3,287,5345,978703.2135569395,1.9140032142259484,0.0005329543435779002
all,CFET,Neuromorphic,3,698,20591,978703.2135569395,0.20428637770158425,0.0001409377055341539
all,CIM,EUV,3,6670,4563,978703.2135569395,0.09647081918182324,0.0002671415850400712
all,CIM,NIL,3,6670,2411,978703.2135569395,0.1825783276344502,0.00033046926635822867
all,CIM,Resist,3,6670,6332,978703.2135569395,0.06951932216150654,0.00023078698361412417
all,CIM,SiC,3,6670,17753,978703.2135569395,0.024795603443173515,0.00012285012285012285
all,CNT,Chiplet,3,2147,3475,978703.2135569395,0.39353685961952173,0.0005339028296849973
all,CNT,HBM,3,2147,1529,978703.2135569395,0.8944019536807313,0.0008167710318540703
all,CPO,GAA,3,7770,1081,978703.2135569395,0.3495630792155624,0.0003390596745027125
all,CPO,HKMG,3,7770,2316,978703.2135569395,0.16315962376166793,0.0002975304968759298
all,Chiplet,CompLitho,3,3475,853,978703.2135569395,0.9905318143061116,0.0006936416184971098
all,Chiplet,Cryo,3,3475,592,978703.2135569395,1.427235874329583,0.0007381889763779527
all,Chiplet,HighNA,3,3475,730,978703.2135569395,1.1574296405522098,0.0007139457401237506
all,Chiplet,OxideSemi,3,3475,5345,978703.2135569395,0.15807738776484812,0.0003402517863218782
all,Chiplet,PCM,3,3475,2848,978703.2135569395,0.29667262556289087,0.00047468354430379745
all,CompLitho,FanOut,3,853,2255,978703.2135569395,1.5264292925559813,0.000966183574879227
all,CompLitho,Photonic-computing,3,853,1341,978703.2135569395,2.5668143584740775,0.0013692377909630307
all,DRAM,GaN,3,7891,11273,978703.2135569395,0.03300659457105657,0.0001565680288085173
all,DSA,HighNA,3,518,730,978703.2135569395,7.764610040384033,0.0024096385542168677
all,DTCO,UCIe,3,466,216,978703.2135569395,29.16974289332795,0.004418262150220913
all,EUV,HKMG,3,4563,2316,978703.2135569395,0.2778326269182906,0.0004363001745200698
all,EUV,SiQubit,3,4563,309,978703.2135569395,2.0823959998147603,0.0006161429451632779
all,FinFET,SiQubit,3,9027,309,978703.2135569395,1.0526169211426555,0.0003214400514304082
all,GAA,RuMo,3,1081,129,978703.2135569395,21.0550784922862,0.0024855012427506215
all,Ga2O3,NIL,3,10440,2411,978703.2135569395,0.1166472648775654,0.00023349937733499379
all,Ga2O3,TFET,3,10440,3431,978703.2135569395,0.08196926715820757,0.00021632535333141045
all,GaN,MRAM,3,11273,3117,978703.2135569395,0.08355952446589908,0.00020852158198373532
all,GaN,Photonic-computing,3,11273,1341,978703.2135569395,0.1942244875169332,0.00023788755848069146
all,HKMG,MultiPatterning,3,2316,560,978703.2135569395,2.2638397796931424,0.0010442046641141664
all,HKMG,PCM,3,2316,2848,978703.2135569395,0.4451370353329213,0.0005812826971517147
all,MRAM,MultiPatterning,3,3117,560,978703.2135569395,1.6820830701858576,0.0008165487207403375
all,MRAM,Resist,3,3117,6332,978703.2135569395,0.14876287417941886,0.0003175947491001482
all,Node,PCM,3,770,2848,978703.2135569395,1.3388797062740854,0.0008298755186721991
all,Node,Photonic-computing,3,770,1341,978703.2135569395,2.843496945166738,0.0014231499051233396
all,OxideSemi,RISCV,3,5345,1247,978703.2135569395,0.44051236766868257,0.0004553042950371832
all,Photonic-computing,Resist,3,1341,6332,978703.2135569395,0.34578216168325776,0.0003911342894393742
all,Photonic-computing,SiC,3,1341,17753,978703.2135569395,0.12333085381503904,0.00015714210884710072
all,RISCV,UCIe,3,1247,216,978703.2135569395,10.900641690690318,0.002054794520547945
all,Resist,RuMo,3,6332,129,978703.2135569395,3.5945261923817724,0.0004645401052957572
all,2D-channel,Airgap,2,2765,270,978703.2135569395,2.6219361424069105,0.0006594131223211342
all,2D-channel,NIL,2,2765,2411,978703.2135569395,0.29362204829940514,0.00038654812524159255
all,2D-channel,RuMo,2,2765,129,978703.2135569395,5.487773321316789,0.0006915629322268327
all,3DIC,MultiPatterning,2,10338,560,978703.2135569395,0.3381087850499335,0.00018355359765051394
all,3DIC,SiQubit,2,10338,309,978703.2135569395,0.612753785203763,0.00018788163457022076
all,3DNAND,HighNA,2,3431,730,978703.2135569395,0.7815152046864723,0.00048088482808367395
all,3DNAND,RISCV,2,3431,1247,978703.2135569395,0.4575028864644144,0.000427715996578272
all,AIAccel,HKMG,2,2307,2316,978703.2135569395,0.36634887346573036,0.00043280675178532783
all,AIAccel,TFET,2,2307,3431,978703.2135569395,0.2472934977984936,0.0003486750348675035
all,Airgap,EUV,2,270,4563,978703.2135569395,1.5887910220808914,0.00041399296211964395
all,Airgap,HybridBonding,2,270,1658,978703.2135569395,4.372529212156277,0.0010384215991692627
all,Airgap,MultiPatterning,2,270,560,978703.2135569395,12.94580970313412,0.0024154589371980675
all,Airgap,Neuromorphic,2,270,20591,978703.2135569395,0.35207874477952056,9.588187353180882e-05
all,BSPDN,CNT,2,287,2147,978703.2135569395,3.1766331874049665,0.0008223684210526315
all,CFET,CompLitho,2,698,853,978703.2135569395,3.2875817141487467,0.0012911555842479018
all,CFET,Ga2O3,2,698,10440,978703.2135569395,0.26861180097403076,0.00017959770114942528
all,CFET,HBM,2,698,1529,978703.2135569395,1.8340792689135914,0.0008988764044943821
all,CFET,RISCV,2,698,1247,978703.2135569395,2.2488429848988623,0.001029336078229542
all,CIM,CompLitho,2,6670,853,978703.2135569395,0.34403778657808476,0.00026592208482914504
all,CIM,FanOut,2,6670,2255,978703.2135569395,0.13013934898053495,0.0002241398632746834
all,CIM,UCIe,2,6670,216,978703.2135569395,1.358630703477344,0.0002905287623474724
all,CNT,Cryo,2,2147,592,978703.2135569395,1.5400231837588267,0.0007307270734380709
all,CNT,DTCO,2,2147,466,978703.2135569395,1.9564243021142176,0.0007659900421294523
all,CNT,Ga2O3,2,2147,10440,978703.2135569395,0.08732698513268443,0.00015891934843067143
all,CPO,MRAM,2,7770,3117,978703.2135569395,0.08082080817709827,0.00018373909049150208
all,CPO,MultiPatterning,2,7770,560,978703.2135569395,0.44985439122859877,0.00024015369836695484
all,Chiplet,DSA,2,3475,518,978703.2135569395,1.0874178090130158,0.0005011275369581559
all,CoWoS,DRAM,2,119,7891,978703.2135569395,2.0845005075603407,0.00024975024975024975
all,CoWoS,Resist,2,119,6332,978703.2135569395,2.597724811301113,0.0003101256008683517
all,CompLitho,HBM,2,853,1529,978703.2135569395,1.5008057792516842,0.0008403361344537816
all,CompLitho,PCM,2,853,2848,978703.2135569395,0.8057345633693207,0.0005406866720735334
all,CompLitho,SiC,2,853,17753,978703.2135569395,0.12925883154823553,0.00010750376263169211
all,Cryo,Ga2O3,2,592,10440,978703.2135569395,0.31670783290519167,0.00018132366273798732
all,Cryo,SiC,2,592,17753,978703.2135569395,0.1862462555923056,0.00010903341874284468
all,DSA,DTCO,2,518,466,978703.2135569395,8.1089632753653,0.002036659877800407
all,DSA,HybridBonding,2,518,1658,978703.2135569395,2.27911754301582,0.0009199632014719411
all,DSA,Neuromorphic,2,518,20591,978703.2135569395,0.18351594805110144,9.47552944520775e-05
all,DSA,PCM,2,518,2848,978703.2135569395,1.3268177269382828,0.0005945303210463733
all,DSA,RRAM,2,518,22018,978703.2135569395,0.1716221676046975,8.875477056891808e-05
all,DTCO,HKMG,2,466,2316,978703.2135569395,1.8136627705696138,0.0007194244604316547
all,DTCO,HighNA,2,466,730,978703.2135569395,5.7540314748482535,0.0016750418760469012
all,DTCO,RISCV,2,466,1247,978703.2135569395,3.3684386340330597,0.0011689070718877848
all,EUV,FanOut,2,4563,2255,978703.2135569395,0.1902321844620136,0.00029342723004694836
all,EUV,RRAM,2,4563,22018,978703.2135569395,0.019482858386858055,7.52473757477708e-05
all,FanOut,Photonic-computing,2,2255,1341,978703.2135569395,0.6473001175989322,0.0005564830272676684
all,FeFET,HBM,2,5051,1529,978703.2135569395,0.2534522529601439,0.0003040437823046519
all,FeFET,RISCV,2,5051,1247,978703.2135569395,0.31076864055818765,0.0003176620076238882
all,FeRAM,GaN,2,1722,11273,978703.2135569395,0.10083431581889564,0.00015392903871315323
all,FeRAM,HybridBonding,2,1722,1658,978703.2135569395,0.6855882039966288,0.0005920663114268798
all,FinFET,MLforEDA,2,9027,131,978703.2135569395,1.655260196606008,0.00021843599825251202
all,FinFET,RuMo,2,9027,129,978703.2135569395,1.6809231453905973,0.00021848372296263927
all,Ga2O3,HybridBonding,2,10440,1658,978703.2135569395,0.11308265203852441,0.00016534391534391533
all,Ga2O3,Photonic-computing,2,10440,1341,978703.2135569395,0.13981434532429043,0.00016979370065370574
all,HBM,HighNA,2,1529,730,978703.2135569395,1.7536812735639544,0.0008861320336730173
all,HBM,MRAM,2,1529,3117,978703.2135569395,0.4107113666030435,0.0004306632213608958
all,HBM,OxideSemi,2,1529,5345,978703.2135569395,0.23951119358310322,0.0002910360884749709
all,HybridBonding,MRAM,2,1658,3117,978703.2135569395,0.3787561396478007,0.0004190236748376283
all,HybridBonding,NIL,2,1658,2411,978703.2135569395,0.48966523736300077,0.0004917629702483403
all,HybridBonding,Neuromorphic,2,1658,20591,978703.2135569395,0.05733489812452988,8.989976176563132e-05
all,HybridBonding,OxideSemi,2,1658,5345,978703.2135569395,0.22087612484231894,0.00028567347521782604
all,HybridBonding,RRAM,2,1658,22018,978703.2135569395,0.05361898843138318,8.448086508405846e-05
all,HybridBonding,SiC,2,1658,17753,978703.2135569395,0.06650047244309101,0.00010304497913339173
all,MLforEDA,Node,2,131,770,978703.2135569395,19.40523869449667,0.002224694104560623
all,MLforEDA,SiC,2,131,17753,978703.2135569395,0.8416624680201901,0.00011184431271669836
all,MultiPatterning,OxideSemi,2,560,5345,978703.2135569395,0.6539510981938658,0.000338810774182619
all,MultiPatterning,TFET,2,560,3431,978703.2135569395,1.018760891823437,0.000501378791677112
all,NIL,Neuromorphic,2,2411,20591,978703.2135569395,0.03942814644980114,8.695652173913044e-05
all,NIL,PCM,2,2411,2848,978703.2135569395,0.2850649450659604,0.00038044512079132587
all,NIL,Photonic-computing,2,2411,1341,978703.2135569395,0.6054175716240532,0.0005333333333333334
all,OxideSemi,Photonic-computing,2,5345,1341,978703.2135569395,0.2730891983509059,0.0002992220227408737
all,PCM,RISCV,2,2848,1247,978703.2135569395,0.5511560405405217,0.0004886391399951136
all,Photonic-computing,RISCV,2,1341,1247,978703.2135569395,1.1705387050405711,0.0007733952049497294
all,RuMo,SiC,2,129,17753,978703.2135569395,0.854711498532131,0.00011185682326621924
all,SiC,TFET,2,17753,3431,978703.2135569395,0.032135757304180966,9.441979038806533e-05
all,SiQubit,TFET,2,309,3431,978703.2135569395,1.8462980563790445,0.0005350454788657035
all,2D-channel,HybridBonding,1,2765,1658,978703.2135569395,0.21348695972553253,0.0002261420171867933
all,3DNAND,Airgap,1,3431,270,978703.2135569395,1.0564927767057866,0.0002702702702702703
all,3DNAND,Cryo,1,3431,592,978703.2135569395,0.4818463677543283,0.0002486325211337643
all,3DNAND,DSA,1,3431,518,978703.2135569395,0.5506815631478038,0.00025329280648429586
all,3DNAND,GaN,1,3431,11273,978703.2135569395,0.025304093826892787,6.80133306128001e-05
all,3DNAND,SiQubit,1,3431,309,978703.2135569395,0.9231490281895223,0.0002674511901577962
all,3DNAND,TFET,1,3431,3431,978703.2135569395,0.0831399153921779,0.00014575134819997084
all,AIAccel,BSPDN,1,2307,287,978703.2135569395,1.4781602629732258,0.0003856536829926726
all,AIAccel,CompLitho,1,2307,853,978703.2135569395,0.49734114357950265,0.00031655587211142766
all,AIAccel,Ga2O3,1,2307,10440,978703.2135569395,0.04063524860855515,7.845598619174644e-05
all,AIAccel,HighNA,1,2307,730,978703.2135569395,0.58113971982646,0.00032938076416337287
all,AIAccel,MLforEDA,1,2307,131,978703.2135569395,3.238412179185617,0.0004103405826836274
all,AIAccel,SiC,1,2307,17753,978703.2135569395,0.02389635529056023,4.9852933845156785e-05
all,Airgap,CFET,1,270,698,978703.2135569395,5.193161485497928,0.001034126163391934
all,Airgap,Ga2O3,1,270,10440,978703.2135569395,0.3472056242219879,9.337940050424876e-05
all,Airgap,GlassSubstrate,1,270,615,978703.2135569395,5.894027181914722,0.0011312217194570137
all,Airgap,RuMo,1,270,129,978703.2135569395,28.099431913779487,0.002512562814070352
all,BSPDN,Cryo,1,287,592,978703.2135569395,5.7603306193905945,0.0011389521640091116
all,BSPDN,FeFET,1,287,5051,978703.2135569395,0.6751367504809408,0.00018737118231216038
all,BSPDN,FeRAM,1,287,1722,978703.2135569395,1.9803227216487989,0.00049800796812749
all,BSPDN,GlassSubstrate,1,287,615,978703.2135569395,5.544903620616637,0.0011098779134295228
all,BSPDN,HighNA,1,287,730,978703.2135569395,4.6713914064099065,0.000984251968503937
all,BSPDN,RRAM,1,287,22018,978703.2135569395,0.15487854149692215,4.483500717360115e-05
all,BSPDN,Resist,1,287,6332,978703.2135569395,0.5385527047819381,0.0001511030522816561
all,CFET,Cryo,1,698,592,978703.2135569395,2.368502704534528,0.0007757951900698216
all,CFET,MLforEDA,1,698,131,978703.2135569395,10.70346260369802,0.0012077294685990338
all,CFET,MRAM,1,698,3117,978703.2135569395,0.4498407446533335,0.00026219192448872575
all,CFET,NIL,1,698,2411,978703.2135569395,0.5815651601345668,0.00032175032175032174
all,CIM,CoWoS,1,6670,119,978703.2135569395,1.2330429913912029,0.0001473187978786093
all,CIM,MultiPatterning,1,6670,560,978703.2135569395,0.26202163567063064,0.00013833171946327292
all,CPO,Cryo,1,7770,592,978703.2135569395,0.21276896882433727,0.00011960291831120679
all,CPO,DSA,1,7770,518,978703.2135569395,0.24316453579924258,0.00012067093037287318
all,CPO,FeRAM,1,7770,1722,978703.2135569395,0.073147055484325,0.00010536297545042672
all,CPO,OxideSemi,1,7770,5345,978703.2135569395,0.023565805340319487,7.625438462711606e-05
all,Chiplet,FeRAM,1,3475,1722,978703.2135569395,0.16355471111171374,0.00019245573518090838
all,Chiplet,NIL,1,3475,2411,978703.2135569395,0.11681510266875615,0.0001699235344095157
all,Chiplet,SiQubit,1,3475,309,978703.2135569395,0.911460234739065,0.0002643404705260375
all,Chiplet,TFET,1,3475,3431,978703.2135569395,0.08208720854980212,0.0001448225923244026
all,CoWoS,DTCO,1,119,466,978703.2135569395,17.648920069912712,0.0017123287671232876
all,CoWoS,GAA,1,119,1081,978703.2135569395,7.608137606456358,0.0008340283569641367
all,CoWoS,HKMG,1,119,2316,978703.2135569395,3.5511212230480673,0.0004108463434675431
all,CoWoS,RISCV,1,119,1247,978703.2135569395,6.595346233022713,0.0007326007326007326
all,CompLitho,FinFET,1,853,9027,978703.2135569395,0.1271038017323488,0.00010122482032594392
all,CompLitho,Ga2O3,1,853,10440,978703.2135569395,0.10990095960133263,8.855827134254339e-05
all,CompLitho,MLforEDA,1,853,131,978703.2135569395,8.758519223190174,0.001017293997965412
all,CompLitho,RRAM,1,853,22018,978703.2135569395,0.05211036507575223,4.3725404459991255e-05
all,Cryo,EUV,1,592,4563,978703.2135569395,0.3623087634812844,0.00019402405898331392
all,Cryo,HighNA,1,592,730,978703.2135569395,2.264677928445343,0.000757002271006813
all,Cryo,HybridBonding,1,592,1658,978703.2135569395,0.9971139250694213,0.00044464206313917296
all,Cryo,NIL,1,592,2411,978703.2135569395,0.6856967597532562,0.00033311125916055963
all,Cryo,PCM,1,592,2848,978703.2135569395,0.5804827555354988,0.0002907822041291073
all,Cryo,Resist,1,592,6332,978703.2135569395,0.2610888957304328,0.0001444460494005489
all,DRAM,MLforEDA,1,7891,131,978703.2135569395,0.9467769480903837,0.00012467273407305821
all,DSA,GAA,1,518,1081,978703.2135569395,1.747815396077812,0.0006257822277847309
all,DSA,OxideSemi,1,518,5345,978703.2135569395,0.3534870801047923,0.000170590242238144
all,DTCO,Ga2O3,1,466,10440,978703.2135569395,0.20117064064364107,9.170105456212746e-05
all,DTCO,PCM,1,466,2848,978703.2135569395,0.7374373203369426,0.00030184123151222455
all,DTCO,SiQubit,1,466,309,978703.2135569395,6.796833295532727,0.0012919896640826874
all,EUV,GaN,1,4563,11273,978703.2135569395,0.019026593451691682,6.315124723713294e-05
all,EUV,Neuromorphic,1,4563,20591,978703.2135569395,0.010416530910636702,3.975668906293484e-05
all,EUV,Photonic-computing,1,4563,1341,978703.2135569395,0.15994540490747228,0.0001694053870913095
all,EUV,SiC,1,4563,17753,978703.2135569395,0.012081720722183312,4.4812906116961686e-05
all,EUV,UCIe,1,4563,216,978703.2135569395,0.9929943888005571,0.0002092925910422771
all,FanOut,FeRAM,1,2255,1722,978703.2135569395,0.2520410736643926,0.00025150905432595576
all,FanOut,HKMG,1,2255,2316,978703.2135569395,0.1873984148748204,0.0002188183807439825
all,FanOut,MultiPatterning,1,2255,560,978703.2135569395,0.7750263015180072,0.00035536602700781805
all,FanOut,OxideSemi,1,2255,5345,978703.2135569395,0.08120013636110085,0.0001315962626661403
all,FanOut,RISCV,1,2255,1247,978703.2135569395,0.348047096110733,0.00028563267637817766
all,FanOut,RRAM,1,2255,22018,978703.2135569395,0.019711814372335545,4.119973632168754e-05
all,FanOut,TFET,1,2255,3431,978703.2135569395,0.1264980264791851,0.00017590149516270889
all,FeFET,RuMo,1,5051,129,978703.2135569395,1.5020484293645735,0.00019308746862328635
all,FeRAM,HBM,1,1722,1529,978703.2135569395,0.3717152525266222,0.0003076923076923077
all,FeRAM,Photonic-computing,1,1722,1341,978703.2135569395,0.4238274579516818,0.00032658393207054214
all,FinFET,NIL,1,9027,2411,978703.2135569395,0.04496870297706078,8.74355163067238e-05
all,FinFET,Photonic-computing,1,9027,1341,978703.2135569395,0.08084977097516297,9.645992090286486e-05
all,GAA,PCM,1,1081,2848,978703.2135569395,0.3178961991461751,0.0002545824847250509
all,GAA,Photonic-computing,1,1081,1341,978703.2135569395,0.6751442022135024,0.0004130524576621231
all,GAA,UCIe,1,1081,216,978703.2135569395,4.191520255408827,0.0007716049382716049
all,Ga2O3,HBM,1,10440,1529,978703.2135569395,0.06131165372134515,8.355614973262032e-05
all,Ga2O3,MRAM,1,10440,3117,978703.2135569395,0.030075559364753524,7.376807317792859e-05
all,Ga2O3,MultiPatterning,1,10440,560,978703.2135569395,0.16740271167845847,9.091735612328394e-05
all,GaN,MLforEDA,1,11273,131,978703.2135569395,0.6627354650386957,8.769622029290537e-05
all,GaN,MultiPatterning,1,11273,560,978703.2135569395,0.15503276057155205,8.451656524678837e-05
all,GaN,PCM,1,11273,2848,978703.2135569395,0.030483969775305177,7.082152974504249e-05
all,GaN,RISCV,1,11273,1247,978703.2135569395,0.06962176898161118,7.987858455148175e-05
all,GaN,UCIe,1,11273,216,978703.2135569395,0.4019367866669868,8.704735376044568e-05
all,GlassSubstrate,MLforEDA,1,615,131,978703.2135569395,12.147994955091411,0.0013422818791946308
all,GlassSubstrate,Neuromorphic,1,615,20591,978703.2135569395,0.07728557812233378,4.715868898844612e-05
all,GlassSubstrate,RISCV,1,615,1247,978703.2135569395,1.2761726857393543,0.0005373455131649651
all,HBM,HKMG,1,1529,2316,978703.2135569395,0.2763789571894833,0.00026014568158168577
all,HBM,MLforEDA,1,1529,131,978703.2135569395,4.886211182067506,0.0006027727546714888
all,HKMG,Photonic-computing,1,2316,1341,978703.2135569395,0.315125596974437,0.0002735229759299781
all,HKMG,RuMo,1,2316,129,978703.2135569395,3.2758405080831006,0.0004091653027823241
all,HKMG,SiQubit,1,2316,309,978703.2135569395,1.3675839014327509,0.00038109756097560977
all,HighNA,RuMo,1,730,129,978703.2135569395,10.392940570849946,0.0011655011655011655
all,HighNA,SiC,1,730,17753,978703.2135569395,0.07551902966482528,5.410669840926307e-05
all,HybridBonding,MLforEDA,1,1658,131,978703.2135569395,4.506041554512194,0.0005592841163310962
all,HybridBonding,PCM,1,1658,2848,978703.2135569395,0.207265254087464,0.00022197558268590456
all,HybridBonding,Photonic-computing,1,1658,1341,978703.2135569395,0.44018750457949096,0.000333555703802535
all,MLforEDA,Neuromorphic,1,131,20591,978703.2135569395,0.3628292408033227,4.826021910139472e-05
all,MLforEDA,Resist,1,131,6332,978703.2135569395,1.179882643300887,0.00015475085112968121
all,MRAM,RuMo,1,3117,129,978703.2135569395,2.434022013705634,0.0003081664098613251
all,MRAM,SiC,1,3117,17753,978703.2135569395,0.01768652282814323,4.7917964444870383e-05
all,Neuromorphic,RuMo,1,20591,129,978703.2135569395,0.368454500350661,4.8264877648535163e-05
all,OxideSemi,RuMo,1,5345,129,978703.2135569395,1.419428740265755,0.0001827151470856934
all,PCM,RuMo,1,2848,129,978703.2135569395,2.6639208626125215,0.0003360215053763441
all,PCM,SiC,1,2848,17753,978703.2135569395,0.01935705465425648,4.854368932038835e-05
all,PCM,TFET,1,2848,3431,978703.2135569395,0.10015907644331544,0.00015928639694170118
all,Photonic-computing,SiQubit,1,1341,309,978703.2135569395,2.3619122414006344,0.0006064281382656155
all,Photonic-computing,TFET,1,1341,3431,978703.2135569395,0.2127166664508295,0.00020959966464053657
all,RRAM,SiC,1,22018,17753,978703.2135569395,0.0025038101396731064,2.5144581342720645e-05
arxiv,Neuromorphic,RRAM,489,3175,1392,66926.82049235422,7.405017472341663,0.11991172143207454
arxiv,CIM,RRAM,308,847,1392,66926.82049235422,17.483495426424824,0.1595028482651476
arxiv,CPO,Photonic-computing,128,833,322,66926.82049235422,31.938115704746522,0.124634858812074
arxiv,CIM,DRAM,118,847,939,66926.82049235422,9.929633019248287,0.07074340527577938
arxiv,CIM,Neuromorphic,118,847,3175,66926.82049235422,2.9366694189209896,0.030225409836065573
arxiv,Neuromorphic,Photonic-computing,101,3175,322,66926.82049235422,6.6118343715242105,0.029740871613663133
arxiv,3DIC,Chiplet,97,406,254,66926.82049235422,62.95238341955665,0.17229129662522202
arxiv,AIAccel,CIM,81,402,847,66926.82049235422,15.921198199911576,0.06934931506849315
arxiv,DRAM,HBM,67,939,223,66926.82049235422,21.414332454561112,0.06118721461187215
arxiv,AIAccel,DRAM,60,402,939,66926.82049235422,10.637995405139513,0.0468384074941452
arxiv,AIAccel,Neuromorphic,54,402,3175,66926.82049235422,2.8315495801207566,0.01532784558614817
arxiv,DRAM,PCM,49,939,230,66926.82049235422,15.18458213698827,0.04375
arxiv,3DIC,CPO,46,406,833,66926.82049235422,9.103051297311913,0.038558256496227995
arxiv,CIM,FeFET,46,847,309,66926.82049235422,11.762946866145866,0.04144144144144144
arxiv,CPO,Neuromorphic,44,833,3175,66926.82049235422,1.1134331282107497,0.011099899091826439
arxiv,AIAccel,RRAM,42,402,1392,66926.82049235422,5.02324308893549,0.023972602739726026
arxiv,CIM,PCM,40,847,230,66926.82049235422,13.741968172548477,0.03857280617164899
arxiv,CIM,MRAM,39,847,278,66926.82049235422,11.085022887388474,0.03591160220994475
arxiv,Neuromorphic,PCM,36,3175,230,66926.82049235422,3.29937081509723,0.01068566340160285
arxiv,Ga2O3,GaN,35,453,267,66926.82049235422,19.366840433170438,0.051094890510948905
arxiv,PCM,RRAM,33,230,1392,66926.82049235422,6.898379173687186,0.02076777847702958
arxiv,FeFET,Neuromorphic,32,309,3175,66926.82049235422,2.18297098158177,0.009269988412514484
arxiv,3DIC,DRAM,30,406,939,66926.82049235422,5.266593784317838,0.022813688212927757
arxiv,AIAccel,HBM,28,402,223,66926.82049235422,20.903899491175494,0.04690117252931323
arxiv,3DIC,CIM,27,406,847,66926.82049235422,5.254779701448648,0.02202283849918434
arxiv,CIM,HBM,25,847,223,66926.82049235422,8.858331501362528,0.023923444976076555
arxiv,MRAM,RRAM,25,278,1392,66926.82049235422,4.32370615311765,0.015197568389057751
arxiv,AIAccel,Chiplet,23,402,254,66926.82049235422,15.075379708976252,0.036334913112164295
arxiv,CPO,Chiplet,23,833,254,66926.82049235422,7.275273280922513,0.021616541353383457
arxiv,MRAM,Neuromorphic,23,278,3175,66926.82049235422,1.7439719835995549,0.006705539358600583
arxiv,2D-channel,FeFET,22,395,309,66926.82049235422,12.063332520845462,0.03225806451612903
arxiv,AIAccel,CPO,22,402,833,66926.82049235422,4.39695296277255,0.018136850783182192
arxiv,FeFET,RRAM,22,309,1392,66926.82049235422,3.4231439265330152,0.013103037522334724
arxiv,FinFET,Node,22,156,32,66926.82049235422,294.9499300544457,0.13253012048192772
arxiv,2D-channel,TFET,21,395,100,66926.82049235422,35.58134760353009,0.04430379746835443
arxiv,3DIC,HBM,21,406,223,66926.82049235422,15.52346230687047,0.03453947368421053
arxiv,3DNAND,DRAM,20,106,939,66926.82049235422,13.448031927251838,0.01951219512195122
arxiv,DRAM,RRAM,20,939,1392,66926.82049235422,1.0240599025062462,0.00865426222414539
arxiv,Neuromorphic,RISCV,19,3175,189,66926.82049235422,2.1190844300374625,0.005680119581464873
arxiv,AIAccel,Photonic-computing,18,402,322,66926.82049235422,9.306594116856525,0.025495750708215296
arxiv,FinFET,RISCV,18,156,189,66926.82049235422,40.858864769447024,0.05504587155963303
arxiv,3DIC,AIAccel,17,406,402,66926.82049235422,6.971031225461497,0.021491782553729456
arxiv,Chiplet,HBM,17,254,223,66926.82049235422,20.086789809152602,0.03695652173913044
arxiv,EUV,Resist,16,149,128,66926.82049235422,56.14666148687435,0.06130268199233716
arxiv,CIM,Photonic-computing,15,847,322,66926.82049235422,3.680884331932628,0.012998266897746967
arxiv,DRAM,RISCV,15,939,189,66926.82049235422,5.656711842415455,0.013477088948787063
arxiv,2D-channel,Neuromorphic,14,395,3175,66926.82049235422,0.7471149103103432,0.003937007874015748
arxiv,CIM,RISCV,14,847,189,66926.82049235422,5.8530605179373145,0.0136986301369863
arxiv,FeFET,FeRAM,14,309,99,66926.82049235422,30.629122516196237,0.03553299492385787
arxiv,FeRAM,Neuromorphic,14,99,3175,66926.82049235422,2.9809130259857124,0.004294478527607362
arxiv,FeRAM,RRAM,14,99,1392,66926.82049235422,6.79913711027632,0.009478672985781991
arxiv,AIAccel,RISCV,13,402,189,66926.82049235422,11.451323625267905,0.02249134948096886
arxiv,DRAM,Neuromorphic,13,939,3175,66926.82049235422,0.2918328818228824,0.0031699585466959277
arxiv,3DIC,Neuromorphic,12,406,3175,66926.82049235422,0.6230338977605606,0.0033622863547212102
arxiv,CPO,RRAM,12,833,1392,66926.82049235422,0.6926234682737324,0.005422503389064619
arxiv,GaN,SiC,12,267,333,66926.82049235422,9.032873839100343,0.02040816326530612
arxiv,2D-channel,RRAM,11,395,1392,66926.82049235422,1.338925915567977,0.006193693693693694
arxiv,CIM,Chiplet,11,847,254,66926.82049235422,3.42196648391217,0.010091743119266056
arxiv,DRAM,MRAM,11,939,278,66926.82049235422,2.8202167674776337,0.00912106135986733
arxiv,EUV,HighNA,11,149,26,66926.82049235422,190.03485426326702,0.06707317073170732
arxiv,Neuromorphic,Node,11,3175,32,66926.82049235422,7.24601402968402,0.00344180225281602
arxiv,2D-channel,HKMG,10,395,67,66926.82049235422,25.288804266901273,0.022123893805309734
arxiv,3DIC,HybridBonding,10,406,25,66926.82049235422,65.93775417965934,0.023752969121140142
arxiv,3DIC,RRAM,10,406,1392,66926.82049235422,1.1842269069622724,0.005592841163310962
arxiv,Chiplet,DRAM,10,254,939,66926.82049235422,2.8060854021431,0.0084530853761623
arxiv,Photonic-computing,RRAM,10,322,1392,66926.82049235422,1.4931556653002567,0.005868544600938967
arxiv,3DIC,OxideSemi,9,406,78,66926.82049235422,19.020506013363267,0.018947368421052633
arxiv,3DIC,RISCV,9,406,189,66926.82049235422,7.849732640435635,0.015358361774744027
arxiv,CIM,CPO,9,847,833,66926.82049235422,0.8537177105995002,0.005385996409335727
arxiv,Chiplet,RISCV,9,254,189,66926.82049235422,12.54721044101129,0.020737327188940093
arxiv,FinFET,GAA,9,156,14,66926.82049235422,275.7973371937674,0.055900621118012424
arxiv,3DIC,Node,8,406,32,66926.82049235422,41.21109636228708,0.018604651162790697
arxiv,3DIC,Photonic-computing,8,406,322,66926.82049235422,4.095512681966418,0.011111111111111112
arxiv,3DNAND,CIM,8,106,847,66926.82049235422,5.963495622049339,0.008465608465608466
arxiv,AIAccel,MRAM,8,402,278,66926.82049235422,4.7909245493649895,0.011904761904761904
arxiv,FeFET,FinFET,8,309,156,66926.82049235422,11.107264209170063,0.0175054704595186
arxiv,GAA,Node,8,14,32,66926.82049235422,1195.1217945063254,0.21052631578947367
arxiv,Ga2O3,SiC,8,453,333,66926.82049235422,3.549341155319782,0.010282776349614395
arxiv,HBM,RISCV,8,223,189,66926.82049235422,12.70350354565767,0.019801980198019802
arxiv,MRAM,PCM,8,278,230,66926.82049235422,8.373702908020547,0.016
arxiv,2D-channel,CIM,7,395,847,66926.82049235422,1.400289161886269,0.005668016194331984
arxiv,DRAM,HybridBonding,7,939,25,66926.82049235422,19.956879380041727,0.0073145245559038665
arxiv,FeFET,HKMG,7,309,67,66926.82049235422,22.628978575398712,0.018970189701897018
arxiv,2D-channel,Node,6,395,32,66926.82049235422,31.769060360294727,0.014251781472684086
arxiv,3DIC,GaN,6,406,267,66926.82049235422,3.704368212340412,0.008995502248875561
arxiv,AIAccel,FinFET,6,402,156,66926.82049235422,6.40325492655513,0.010869565217391304
arxiv,CIM,FeRAM,6,847,99,66926.82049235422,4.788867696494166,0.006382978723404255
arxiv,CIM,HybridBonding,6,847,25,66926.82049235422,18.9639160781169,0.006928406466512702
arxiv,DRAM,OxideSemi,6,939,78,66926.82049235422,5.482659170341134,0.005934718100890208
arxiv,EUV,Node,6,149,32,66926.82049235422,84.21999223031152,0.03428571428571429
arxiv,FeFET,MRAM,6,309,278,66926.82049235422,4.6746399729240915,0.010327022375215147
arxiv,FeFET,Node,6,309,32,66926.82049235422,40.610934764778044,0.01791044776119403
arxiv,FinFET,Neuromorphic,6,156,3175,66926.82049235422,0.8107428284961141,0.0018045112781954887
arxiv,Ga2O3,HKMG,6,453,67,66926.82049235422,13.230566470762918,0.011673151750972763
arxiv,MRAM,Node,6,278,32,66926.82049235422,45.139492238548264,0.019736842105263157
arxiv,2D-channel,3DIC,5,395,406,66926.82049235422,2.0866377904955486,0.00628140703517588
arxiv,2D-channel,FeRAM,5,395,99,66926.82049235422,8.557322655971642,0.010224948875255624
arxiv,3DIC,FeFET,5,406,309,66926.82049235422,2.667384877817934,0.007042253521126761
arxiv,3DIC,PCM,5,406,230,66926.82049235422,3.583573596720616,0.00792393026941363
arxiv,3DNAND,FeFET,5,106,309,66926.82049235422,10.216587362208314,0.012195121951219513
arxiv,3DNAND,PCM,5,106,230,66926.82049235422,13.725763021401605,0.015105740181268883
arxiv,AIAccel,FeFET,5,402,309,66926.82049235422,2.693926020880799,0.007082152974504249
arxiv,AIAccel,PCM,5,402,230,66926.82049235422,3.619231045444204,0.007974481658692184
arxiv,CIM,FinFET,5,847,156,66926.82049235422,2.5325742625690304,0.00501002004008016
arxiv,CIM,Node,5,847,32,66926.82049235422,12.346299530024023,0.005720823798627002
arxiv,CPO,PCM,5,833,230,66926.82049235422,1.7466157026033253,0.004725897920604915
arxiv,DRAM,FeFET,5,939,309,66926.82049235422,1.1533101814633453,0.004022526146419952
arxiv,DRAM,FeRAM,5,939,99,66926.82049235422,3.5997257179007445,0.00484027105517909
arxiv,FeFET,GaN,5,309,267,66926.82049235422,4.056023447168844,0.008756567425569177
arxiv,FeFET,TFET,5,309,100,66926.82049235422,10.829582603940812,0.012376237623762377
arxiv,FeRAM,MRAM,5,99,278,66926.82049235422,12.158785788161147,0.013440860215053764
arxiv,GaN,HKMG,5,267,67,66926.82049235422,18.706137987689143,0.015197568389057751
arxiv,HKMG,Neuromorphic,5,67,3175,66926.82049235422,1.573083100067087,0.0015446400988569664
arxiv,OxideSemi,RRAM,5,78,1392,66926.82049235422,3.0820264373505295,0.0034129692832764505
arxiv,PCM,Photonic-computing,5,230,322,66926.82049235422,4.5184188828216465,0.009140767824497258
arxiv,2D-channel,FinFET,4,395,156,66926.82049235422,4.344486886877911,0.007312614259597806
arxiv,2D-channel,MRAM,4,395,278,66926.82049235422,2.4379135048667417,0.005979073243647235
arxiv,3DIC,FinFET,4,406,156,66926.82049235422,4.226779114080727,0.007168458781362007
arxiv,3DIC,MRAM,4,406,278,66926.82049235422,2.371861661138825,0.0058823529411764705
arxiv,CFET,GAA,4,12,14,66926.82049235422,1593.4957260084338,0.18181818181818182
arxiv,CPO,DRAM,4,833,939,66926.82049235422,0.34225483416295194,0.0022624434389140274
arxiv,CPO,GaN,4,833,267,66926.82049235422,1.2036602594719545,0.0036496350364963502
arxiv,CPO,HBM,4,833,223,66926.82049235422,1.441153763583013,0.0038022813688212928
arxiv,Chiplet,FanOut,4,254,12,66926.82049235422,87.83047308707903,0.015267175572519083
arxiv,Chiplet,FeFET,4,254,309,66926.82049235422,3.410892158721516,0.007155635062611807
arxiv,Chiplet,FinFET,4,254,156,66926.82049235422,6.756190237467618,0.009852216748768473
arxiv,Chiplet,UCIe,4,254,7,66926.82049235422,150.56652529213548,0.01556420233463035
arxiv,CompLitho,EUV,4,28,149,66926.82049235422,64.1676131278564,0.023121387283236993
arxiv,Cryo,SiQubit,4,86,170,66926.82049235422,18.311031598455326,0.015873015873015872
arxiv,DTCO,Neuromorphic,4,29,3175,66926.82049235422,2.907491522882616,0.00125
arxiv,DTCO,Node,4,29,32,66926.82049235422,288.4776745360096,0.07017543859649122
arxiv,FeRAM,PCM,4,99,230,66926.82049235422,11.757017214291475,0.012307692307692308
arxiv,GaN,Neuromorphic,4,267,3175,66926.82049235422,0.31579495941421676,0.0011634671320535194
arxiv,HighNA,Resist,4,26,128,66926.82049235422,80.44089001484882,0.02666666666666667
arxiv,Neuromorphic,OxideSemi,4,3175,78,66926.82049235422,1.0809904379948188,0.0012311480455524776
arxiv,2D-channel,GAA,3,395,14,66926.82049235422,36.30749755462254,0.007389162561576354
arxiv,3DIC,3DNAND,3,406,106,66926.82049235422,4.665407135353255,0.005893909626719057
arxiv,3DIC,FanOut,3,406,12,66926.82049235422,41.21109636228708,0.007228915662650603
arxiv,3DIC,Ga2O3,3,406,453,66926.82049235422,1.0916846718486644,0.0035046728971962616
arxiv,3DIC,GlassSubstrate,3,406,5,66926.82049235422,98.906631269489,0.007352941176470588
arxiv,3DIC,UCIe,3,406,7,66926.82049235422,70.64759376392071,0.007317073170731708
arxiv,3DNAND,AIAccel,3,106,402,66926.82049235422,4.711829096899058,0.005940594059405941
arxiv,3DNAND,Neuromorphic,3,106,3175,66926.82049235422,0.5965843454971406,0.0009151921903599756
arxiv,3DNAND,RRAM,3,106,1392,66926.82049235422,1.360743747811366,0.002006688963210702
arxiv,AIAccel,Node,3,402,32,66926.82049235422,15.60793388347813,0.0069605568445475635
arxiv,CFET,DTCO,3,12,29,66926.82049235422,576.9553490720192,0.07894736842105263
arxiv,CPO,HighNA,3,833,26,66926.82049235422,9.270498729202265,0.0035046728971962616
arxiv,CPO,Node,3,833,32,66926.82049235422,7.532280217476841,0.0034802784222737818
arxiv,Chiplet,DTCO,3,254,29,66926.82049235422,27.25773302702453,0.010714285714285714
arxiv,Chiplet,HybridBonding,3,254,25,66926.82049235422,31.618970311348452,0.010869565217391304
arxiv,Chiplet,Node,3,254,32,66926.82049235422,24.70232055574098,0.01060070671378092
arxiv,Chiplet,RRAM,3,254,1392,66926.82049235422,0.5678694380630109,0.0018259281801582471
arxiv,Cryo,Neuromorphic,3,86,3175,66926.82049235422,0.7353248909615919,0.0009208103130755065
arxiv,Cryo,RRAM,3,86,1392,66926.82049235422,1.677195782186102,0.002033898305084746
arxiv,DRAM,UCIe,3,939,7,66926.82049235422,30.54624394904346,0.003181336161187699
arxiv,DTCO,FinFET,3,29,156,66926.82049235422,44.381180697847626,0.016483516483516484
arxiv,DTCO,GAA,3,29,14,66926.82049235422,494.533156347445,0.075
arxiv,DTCO,OxideSemi,3,29,78,66926.82049235422,88.76236139569525,0.028846153846153848
arxiv,FeFET,OxideSemi,3,309,78,66926.82049235422,8.330448156877548,0.0078125
arxiv,FinFET,HBM,3,156,223,66926.82049235422,5.771543678195432,0.007978723404255319
arxiv,GAA,OxideSemi,3,14,78,66926.82049235422,183.8648914625116,0.033707865168539325
arxiv,GAA,RRAM,3,14,1392,66926.82049235422,10.30277409057177,0.0021382751247327157
arxiv,GAA,SiQubit,3,14,170,66926.82049235422,84.36153843574061,0.016574585635359115
arxiv,GAA,TFET,3,14,100,66926.82049235422,143.41461534075904,0.02702702702702703
arxiv,GaN,TFET,3,267,100,66926.82049235422,7.519867471051036,0.008241758241758242
arxiv,MRAM,RISCV,3,278,189,66926.82049235422,3.821332676279218,0.00646551724137931
arxiv,Node,OxideSemi,3,32,78,66926.82049235422,80.44089001484882,0.028037383177570093
arxiv,Node,RISCV,3,32,189,66926.82049235422,33.197827625175705,0.013761467889908258
arxiv,Node,RRAM,3,32,1392,66926.82049235422,4.50746366462515,0.00211118930330753
arxiv,2D-channel,AIAccel,2,395,402,66926.82049235422,0.8429601422300425,0.0025157232704402514
arxiv,2D-channel,GaN,2,395,267,66926.82049235422,1.2691759444811874,0.0030303030303030303
arxiv,2D-channel,OxideSemi,2,395,78,66926.82049235422,4.344486886877911,0.004246284501061571
arxiv,3DIC,BSPDN,2,406,6,66926.82049235422,54.948128483049445,0.004878048780487805
arxiv,3DIC,DTCO,2,406,29,66926.82049235422,11.368578306837815,0.004618937644341801
arxiv,3DIC,GAA,2,406,14,66926.82049235422,23.549197921306906,0.004784688995215311
arxiv,3DIC,MLforEDA,2,406,25,66926.82049235422,13.187550835931866,0.004662004662004662
arxiv,3DIC,SiC,2,406,333,66926.82049235422,0.9900563690639539,0.0027137042062415195
arxiv,3DNAND,HBM,2,106,223,66926.82049235422,5.662646627663442,0.0061162079510703364
arxiv,AIAccel,FeRAM,2,402,99,66926.82049235422,3.3633258200087552,0.004008016032064128
arxiv,AIAccel,GaN,2,402,267,66926.82049235422,1.2470758658459429,0.0029985007496251873
arxiv,AIAccel,HybridBonding,2,402,25,66926.82049235422,13.31877024723467,0.004705882352941176
arxiv,BSPDN,Chiplet,2,6,254,66926.82049235422,87.83047308707903,0.007751937984496124
arxiv,CIM,Cryo,2,847,86,66926.82049235422,1.8375887672593894,0.0021482277121374865
arxiv,CIM,HKMG,2,847,67,66926.82049235422,2.35869602961653,0.0021929824561403508
arxiv,CIM,UCIe,2,847,7,66926.82049235422,22.576090569186785,0.002347417840375587
arxiv,CNT,RRAM,2,51,1392,66926.82049235422,1.8854749969673827,0.0013879250520471894
arxiv,CPO,CompLitho,2,833,28,66926.82049235422,5.73888016569664,0.002328288707799767
arxiv,CPO,FeFET,2,833,309,66926.82049235422,0.5200279761796308,0.0017543859649122807
arxiv,CPO,FinFET,2,833,156,66926.82049235422,1.0300554143558072,0.002026342451874367
arxiv,CPO,HybridBonding,2,833,25,66926.82049235422,6.427545785580238,0.002336448598130841
arxiv,CPO,RISCV,2,833,189,66926.82049235422,0.8502044689920949,0.00196078431372549
arxiv,Chiplet,MLforEDA,2,254,25,66926.82049235422,21.07931354089897,0.007220216606498195
arxiv,Chiplet,Neuromorphic,2,254,3175,66926.82049235422,0.16597884677873204,0.0005836008170411438
arxiv,Chiplet,Photonic-computing,2,254,322,66926.82049235422,1.636592666218864,0.003484320557491289
arxiv,Cryo,DTCO,2,86,29,66926.82049235422,53.67026502995527,0.017699115044247787
arxiv,DRAM,FinFET,2,939,156,66926.82049235422,0.913776528390189,0.0018298261665141812
arxiv,DSA,MultiPatterning,2,20,14,66926.82049235422,478.0487178025302,0.0625
arxiv,DSA,NIL,2,20,56,66926.82049235422,119.51217945063254,0.02702702702702703
arxiv,DSA,Resist,2,20,128,66926.82049235422,52.28657850965173,0.0136986301369863
arxiv,DTCO,MRAM,2,29,278,66926.82049235422,16.603031627971774,0.006557377049180328
arxiv,EUV,SiQubit,2,149,170,66926.82049235422,5.28439166935288,0.006309148264984227
arxiv,FanOut,Neuromorphic,2,12,3175,66926.82049235422,3.5132189234831612,0.0006279434850863422
arxiv,FeFET,Ga2O3,2,309,453,66926.82049235422,0.9562545345643102,0.002631578947368421
arxiv,FinFET,Ga2O3,2,156,453,66926.82049235422,1.8941195588485373,0.0032948929159802307
arxiv,FinFET,MRAM,2,156,278,66926.82049235422,3.0864610077639836,0.004629629629629629
arxiv,FinFET,RRAM,2,156,1392,66926.82049235422,0.6164052874701059,0.00129366106080207
arxiv,FinFET,Resist,2,156,128,66926.82049235422,6.703407501237402,0.0070921985815602835
arxiv,GAA,Neuromorphic,2,14,3175,66926.82049235422,3.0113305058427096,0.0006275494195167869
arxiv,Ga2O3,Neuromorphic,2,453,3175,66926.82049235422,0.09306540194657381,0.0005515719801434088
arxiv,GaN,OxideSemi,2,267,78,66926.82049235422,6.427237154744476,0.0058309037900874635
arxiv,HBM,HybridBonding,2,223,25,66926.82049235422,24.009621701292993,0.008130081300813009
arxiv,HBM,Neuromorphic,2,223,3175,66926.82049235422,0.1890521393802598,0.0005889281507656066
arxiv,HBM,PCM,2,223,230,66926.82049235422,2.6097414892709776,0.004434589800443459
arxiv,HBM,UCIe,2,223,7,66926.82049235422,85.74864893318926,0.008771929824561403
arxiv,HighNA,Node,2,26,32,66926.82049235422,160.88178002969764,0.03571428571428571
arxiv,HybridBonding,Node,2,25,32,66926.82049235422,167.31705123088557,0.03636363636363636
arxiv,HybridBonding,OxideSemi,2,25,78,66926.82049235422,68.642892812671,0.019801980198019802
arxiv,MRAM,OxideSemi,2,278,78,66926.82049235422,6.172922015527967,0.005649717514124294
arxiv,MultiPatterning,Neuromorphic,2,14,3175,66926.82049235422,3.0113305058427096,0.0006275494195167869
arxiv,Node,Resist,2,32,128,66926.82049235422,32.679111568532335,0.012658227848101266
arxiv,RRAM,Resist,2,1392,128,66926.82049235422,0.7512439441041916,0.0013175230566534915
arxiv,2D-channel,CFET,1,395,12,66926.82049235422,14.119582382353212,0.0024630541871921183
arxiv,2D-channel,CNT,1,395,51,66926.82049235422,3.3222546782007556,0.0022471910112359553
arxiv,2D-channel,CPO,1,395,833,66926.82049235422,0.20340334764494422,0.0008149959250203749
arxiv,2D-channel,MultiPatterning,1,395,14,66926.82049235422,12.102499184874182,0.0024509803921568627
arxiv,2D-channel,RISCV,1,395,189,66926.82049235422,0.8964814211017912,0.0017152658662092624
arxiv,2D-channel,Resist,1,395,128,66926.82049235422,1.3237108483456135,0.0019157088122605363
arxiv,3DIC,CNT,1,406,51,66926.82049235422,3.232242851944085,0.0021929824561403508
arxiv,3DIC,CoWoS,1,406,2,66926.82049235422,82.42219272457416,0.002457002457002457
arxiv,3DIC,Cryo,1,406,86,66926.82049235422,1.9167951796412597,0.002036659877800407
arxiv,3DIC,FeRAM,1,406,99,66926.82049235422,1.6650948025166499,0.001984126984126984
arxiv,3DIC,RuMo,1,406,11,66926.82049235422,14.985853222649848,0.002403846153846154
arxiv,3DNAND,Chiplet,1,106,254,66926.82049235422,2.4857681062380856,0.002785515320334262
arxiv,3DNAND,FeRAM,1,106,99,66926.82049235422,6.377627262469432,0.004901960784313725
arxiv,3DNAND,GAA,1,106,14,66926.82049235422,45.09893564174813,0.008403361344537815
arxiv,3DNAND,OxideSemi,1,106,78,66926.82049235422,8.094680756211202,0.00546448087431694
arxiv,3DNAND,Photonic-computing,1,106,322,66926.82049235422,1.9608232887716577,0.00234192037470726
arxiv,AIAccel,CFET,1,402,12,66926.82049235422,13.873719007536115,0.002421307506053269
arxiv,AIAccel,Cryo,1,402,86,66926.82049235422,1.9358677684934116,0.002053388090349076
arxiv,AIAccel,DTCO,1,402,29,66926.82049235422,5.740849244497703,0.002325581395348837
arxiv,AIAccel,EUV,1,402,149,66926.82049235422,1.1173464972512308,0.0018181818181818182
arxiv,AIAccel,UCIe,1,402,7,66926.82049235422,23.78351829863334,0.0024509803921568627
arxiv,Airgap,GAA,1,4,14,66926.82049235422,1195.1217945063254,0.058823529411764705
arxiv,Airgap,Node,1,4,32,66926.82049235422,522.8657850965174,0.02857142857142857
arxiv,Airgap,TFET,1,4,100,66926.82049235422,167.31705123088557,0.009708737864077669
arxiv,BSPDN,CFET,1,6,12,66926.82049235422,929.5391735049197,0.058823529411764705
arxiv,BSPDN,DTCO,1,6,29,66926.82049235422,384.6368993813461,0.029411764705882353
arxiv,BSPDN,Node,1,6,32,66926.82049235422,348.5771900643449,0.02702702702702703
arxiv,BSPDN,RuMo,1,6,11,66926.82049235422,1014.0427347326397,0.0625
arxiv,CFET,Node,1,12,32,66926.82049235422,174.28859503217245,0.023255813953488372
arxiv,CFET,RISCV,1,12,189,66926.82049235422,29.509180111267295,0.005
arxiv,CIM,GAA,1,847,14,66926.82049235422,5.644022642296696,0.0011627906976744186
arxiv,CIM,OxideSemi,1,847,78,66926.82049235422,1.013029705027612,0.0010822510822510823
arxiv,CIM,Resist,1,847,128,66926.82049235422,0.6173149765012012,0.001026694045174538
arxiv,CNT,Cryo,1,51,86,66926.82049235422,15.259192998712773,0.007352941176470588
arxiv,CNT,DRAM,1,51,939,66926.82049235422,1.3975405728320538,0.0010111223458038423
arxiv,CNT,Node,1,51,32,66926.82049235422,41.009081184040575,0.012195121951219513
arxiv,CPO,EUV,1,833,149,66926.82049235422,0.5392236397298857,0.0010193679918450561
arxiv,CPO,FanOut,1,833,12,66926.82049235422,6.695360193312747,0.001184834123222749
arxiv,CPO,Ga2O3,1,833,453,66926.82049235422,0.17736053492219198,0.0007782101167315176
arxiv,CPO,NIL,1,833,56,66926.82049235422,1.43472004142416,0.0011261261261261261
arxiv,CPO,SiC,1,833,333,66926.82049235422,0.24127424120045937,0.0008583690987124463
arxiv,Chiplet,CompLitho,1,254,28,66926.82049235422,9.410407830758468,0.0035587188612099642
arxiv,Chiplet,Cryo,1,254,86,66926.82049235422,3.063853712339966,0.0029498525073746312
arxiv,Chiplet,EUV,1,254,149,66926.82049235422,1.7683987869881683,0.0024875621890547263
arxiv,Chiplet,GAA,1,254,14,66926.82049235422,18.820815661516935,0.003745318352059925
arxiv,Chiplet,GaN,1,254,267,66926.82049235422,0.9868592481694273,0.0019230769230769232
arxiv,Chiplet,GlassSubstrate,1,254,5,66926.82049235422,52.69828385224742,0.003875968992248062
arxiv,Chiplet,OxideSemi,1,254,78,66926.82049235422,3.378095118733809,0.0030211480362537764
arxiv,Chiplet,SiQubit,1,254,170,66926.82049235422,1.5499495250661006,0.002364066193853428
arxiv,CoWoS,HBM,1,2,223,66926.82049235422,150.06013563308122,0.004464285714285714
arxiv,CompLitho,DRAM,1,28,939,66926.82049235422,2.5455203290869552,0.0010351966873706005
arxiv,CompLitho,FinFET,1,28,156,66926.82049235422,15.322074288542634,0.00546448087431694
arxiv,CompLitho,HighNA,1,28,26,66926.82049235422,91.9324457312558,0.018867924528301886
arxiv,CompLitho,Node,1,28,32,66926.82049235422,74.69511215664534,0.01694915254237288
arxiv,CompLitho,Photonic-computing,1,28,322,66926.82049235422,7.423116736064133,0.0028653295128939827
arxiv,Cryo,DRAM,1,86,939,66926.82049235422,0.8287740606329621,0.0009765625
arxiv,Cryo,FeFET,1,86,309,66926.82049235422,2.518507582311817,0.0025380710659898475
arxiv,Cryo,FinFET,1,86,156,66926.82049235422,4.988582326502253,0.004149377593360996
arxiv,Cryo,HKMG,1,86,67,66926.82049235422,11.615206610960469,0.006578947368421052
arxiv,Cryo,Node,1,86,32,66926.82049235422,24.31933884169848,0.008547008547008548
arxiv,Cryo,SiC,1,86,333,66926.82049235422,2.3369935223253795,0.0023923444976076554
arxiv,DRAM,DTCO,1,939,29,66926.82049235422,2.4577437660149912,0.001034126163391934
arxiv,DRAM,EUV,1,939,149,66926.82049235422,0.4783528135196963,0.0009199632014719411
arxiv,DRAM,HighNA,1,939,26,66926.82049235422,2.741329585170567,0.001037344398340249
arxiv,DRAM,Node,1,939,32,66926.82049235422,2.2273302879510855,0.0010309278350515464
arxiv,DRAM,Photonic-computing,1,939,322,66926.82049235422,0.22134959383364827,0.0007936507936507937
arxiv,DSA,Node,1,20,32,66926.82049235422,104.57315701930347,0.0196078431372549
arxiv,DTCO,FeFET,1,29,309,66926.82049235422,7.468677657890216,0.002967359050445104
arxiv,DTCO,HybridBonding,1,29,25,66926.82049235422,92.31285585152307,0.018867924528301886
arxiv,DTCO,RRAM,1,29,1392,66926.82049235422,1.6579176697471816,0.0007042253521126761
arxiv,DTCO,Resist,1,29,128,66926.82049235422,18.0298546585006,0.00641025641025641
arxiv,DTCO,TFET,1,29,100,66926.82049235422,23.078213962880767,0.0078125
arxiv,EUV,MultiPatterning,1,149,14,66926.82049235422,32.0838065639282,0.006172839506172839
arxiv,FanOut,GlassSubstrate,1,12,5,66926.82049235422,1115.4470082059038,0.0625
arxiv,FeFET,PCM,1,309,230,66926.82049235422,0.9417028351252881,0.0018587360594795538
arxiv,FeRAM,GaN,1,99,267,66926.82049235422,2.5319419094447935,0.0027397260273972603
arxiv,FeRAM,HKMG,1,99,67,66926.82049235422,10.089977460026265,0.006060606060606061
arxiv,FeRAM,TFET,1,99,100,66926.82049235422,6.7602848982175985,0.005050505050505051
arxiv,FinFET,GaN,1,156,267,66926.82049235422,1.606809288686119,0.002369668246445498
arxiv,FinFET,HKMG,1,156,67,66926.82049235422,6.40325492655513,0.0045045045045045045
arxiv,FinFET,PCM,1,156,230,66926.82049235422,1.8652960003443206,0.0025974025974025974
arxiv,FinFET,SiQubit,1,156,170,66926.82049235422,2.523635765171728,0.003076923076923077
arxiv,FinFET,TFET,1,156,100,66926.82049235422,4.290180800791937,0.00392156862745098
arxiv,GAA,HKMG,1,14,67,66926.82049235422,71.35055489590002,0.0125
arxiv,GAA,MultiPatterning,1,14,14,66926.82049235422,341.4633698589501,0.037037037037037035
arxiv,GAA,Photonic-computing,1,14,322,66926.82049235422,14.846233472128265,0.0029850746268656717
arxiv,Ga2O3,OxideSemi,1,453,78,66926.82049235422,1.8941195588485373,0.0018867924528301887
arxiv,Ga2O3,RRAM,1,453,1392,66926.82049235422,0.1061360097630646,0.0005422993492407809
arxiv,Ga2O3,Resist,1,453,128,66926.82049235422,1.1542291061733274,0.0017241379310344827
arxiv,GaN,Node,1,267,32,66926.82049235422,7.833195282344829,0.003355704697986577
arxiv,GaN,RRAM,1,267,1392,66926.82049235422,0.1800734547665478,0.0006031363088057901
arxiv,HBM,Photonic-computing,1,223,322,66926.82049235422,0.932050531882492,0.001838235294117647
arxiv,HBM,RRAM,1,223,1392,66926.82049235422,0.21560364315097877,0.0006195786864931846
arxiv,HKMG,Node,1,67,32,66926.82049235422,31.21586776695626,0.01020408163265306
arxiv,HKMG,OxideSemi,1,67,78,66926.82049235422,12.80650985311026,0.006944444444444444
arxiv,HKMG,RRAM,1,67,1392,66926.82049235422,0.7176061555622129,0.0006858710562414266
arxiv,HKMG,Resist,1,67,128,66926.82049235422,7.803966941739065,0.005154639175257732
arxiv,HKMG,RuMo,1,67,11,66926.82049235422,90.8097971402364,0.012987012987012988
arxiv,HKMG,SiC,1,67,333,66926.82049235422,2.9997230286564576,0.002506265664160401
arxiv,HKMG,TFET,1,67,100,66926.82049235422,9.989077685426004,0.006024096385542169
arxiv,HighNA,NIL,1,26,56,66926.82049235422,45.9662228656279,0.012345679012345678
arxiv,HybridBonding,MRAM,1,25,278,66926.82049235422,9.62975834422363,0.0033112582781456954
arxiv,HybridBonding,Neuromorphic,1,25,3175,66926.82049235422,0.8431725416359587,0.00031259768677711783
arxiv,MLforEDA,Neuromorphic,1,25,3175,66926.82049235422,0.8431725416359587,0.00031259768677711783
arxiv,MultiPatterning,NIL,1,14,56,66926.82049235422,85.36584246473753,0.014492753623188406
arxiv,MultiPatterning,Node,1,14,32,66926.82049235422,149.39022431329067,0.022222222222222223
arxiv,MultiPatterning,RRAM,1,14,1392,66926.82049235422,3.4342580301905903,0.0007117437722419929
arxiv,MultiPatterning,Resist,1,14,128,66926.82049235422,37.34755607832267,0.0070921985815602835
arxiv,NIL,Photonic-computing,1,56,322,66926.82049235422,3.7115583680320663,0.002652519893899204
arxiv,Neuromorphic,Resist,1,3175,128,66926.82049235422,0.1646821370382732,0.0003028467595396729
arxiv,Node,RuMo,1,32,11,66926.82049235422,190.13301276236996,0.023809523809523808
arxiv,Node,TFET,1,32,100,66926.82049235422,20.914631403860696,0.007633587786259542
arxiv,Photonic-computing,RISCV,1,322,189,66926.82049235422,1.099720997935427,0.00196078431372549
arxiv,Photonic-computing,SiQubit,1,322,170,66926.82049235422,1.2226309918223277,0.002036659877800407
arxiv,RISCV,RRAM,1,189,1392,66926.82049235422,0.2543894837178215,0.0006329113924050633
arxiv,RISCV,UCIe,1,189,7,66926.82049235422,50.58716590502964,0.005128205128205128
arxiv,Resist,TFET,1,128,100,66926.82049235422,5.228657850965174,0.004405286343612335
arxiv,SiQubit,TFET,1,170,100,66926.82049235422,3.9368717936678954,0.0037174721189591076
ieee,CIM,RRAM,1522,3692,6857,198225.26999954417,11.917298806215781,0.1686052952254348
ieee,Neuromorphic,RRAM,1391,5415,6857,198225.26999954417,7.425975937385589,0.12783751493428913
ieee,3DIC,Chiplet,985,5236,1978,198225.26999954417,18.85251623372288,0.15813132123936427
ieee,3DIC,FanOut,641,5236,1341,198225.26999954417,18.096251852133058,0.10798517520215634
ieee,FinFET,Node,586,4889,233,198225.26999954417,101.971938598898,0.12918871252204586
ieee,3DIC,HybridBonding,476,5236,988,198225.26999954417,18.239351306546205,0.08281141266527488
ieee,CIM,Neuromorphic,398,3692,5415,198225.26999954417,3.946225847297222,0.045699850729130784
ieee,CIM,DRAM,377,3692,3738,198225.26999954417,5.4150114450624915,0.05345243158939458
ieee,3DIC,HBM,365,5236,936,198225.26999954417,14.76306037708893,0.0628551747890477
ieee,FinFET,GAA,318,4889,545,198225.26999954417,23.657540841490274,0.062157935887412044
ieee,AIAccel,CIM,312,1295,3692,198225.26999954417,12.935468160283484,0.0667379679144385
ieee,GaN,SiC,308,4448,7165,198225.26999954417,1.9157055668749594,0.027244582043343655
ieee,Chiplet,FanOut,298,1978,1341,198225.26999954417,22.269999999948787,0.09864283349884144
ieee,CIM,MRAM,290,3692,1637,198225.26999954417,9.511448137608005,0.05755110140900972
ieee,3DIC,GlassSubstrate,279,5236,361,198225.26999954417,29.258791326334848,0.052463332079729225
ieee,CIM,FeFET,236,3692,2357,198225.26999954417,5.375882231794326,0.04059865817994151
ieee,3DIC,CPO,232,5236,2050,198225.26999954417,4.284434463088026,0.032889140912957186
ieee,3DIC,DRAM,225,5236,3738,198225.26999954417,2.278781060427104,0.025717224825694364
ieee,DRAM,HBM,204,3738,936,198225.26999954417,11.557769786366803,0.04563758389261745
ieee,GAA,Node,202,545,233,198225.26999954417,315.3246803945972,0.3506944444444444
ieee,FeFET,FeRAM,194,2357,507,198225.26999954417,32.180531012922664,0.07265917602996255
ieee,FeFET,FinFET,183,2357,4889,198225.26999954417,3.1479692976975215,0.02590967011185049
ieee,FeFET,Neuromorphic,168,2357,5415,198225.26999954417,2.609217341630923,0.022093634928984744
ieee,AIAccel,RRAM,167,1295,6857,198225.26999954417,3.727962811153597,0.020914214151534126
ieee,CPO,Chiplet,167,2050,1978,198225.26999954417,8.163856097542203,0.04325304325304325
ieee,3DIC,CIM,164,5236,3692,198225.26999954417,1.6816729397324528,0.018712916476494753
ieee,DRAM,PCM,157,3738,743,198225.26999954417,11.20548244825017,0.03630897317298797
ieee,Chiplet,HBM,156,1978,936,198225.26999954417,16.702499999961592,0.05656272661348803
ieee,MRAM,RRAM,153,1637,6857,198225.26999954417,2.701889726672195,0.01834312432562043
ieee,DRAM,OxideSemi,147,3738,1629,198225.26999954417,4.785374945671533,0.028160919540229885
ieee,AIAccel,DRAM,145,1295,3738,198225.26999954417,5.937695947481651,0.029664484451718494
ieee,Chiplet,UCIe,144,1978,162,198225.26999954417,89.07999999979515,0.07214428857715431
ieee,FinFET,HKMG,142,4889,829,198225.26999954417,6.945008708389029,0.025466284074605453
ieee,Ga2O3,GaN,136,1215,4448,198225.26999954417,4.988349453758846,0.024606477293287497
ieee,AIAccel,Neuromorphic,124,1295,5415,198225.26999954417,3.5051973432790335,0.01882781658062557
ieee,3DIC,GaN,121,5236,4448,198225.26999954417,1.029864224689307,0.012652933179964446
ieee,CPO,Photonic-computing,120,2050,277,198225.26999954417,41.889640573998946,0.05437245129134572
ieee,Chiplet,HybridBonding,113,1978,988,198225.26999954417,11.461837044508057,0.039607430774623205
ieee,3DNAND,DRAM,106,1789,3738,198225.26999954417,3.142065583588621,0.01955358789891164
ieee,CIM,PCM,105,3692,743,198225.26999954417,7.5874843975159045,0.02424942263279446
ieee,3DIC,OxideSemi,104,5236,1629,198225.26999954417,2.416972088679238,0.015382339890548736
ieee,3DIC,AIAccel,101,5236,1295,198225.26999954417,2.952643308422233,0.015707620528771383
ieee,PCM,RRAM,100,743,6857,198225.26999954417,3.8907744460827267,0.013333333333333334
ieee,CFET,GAA,97,405,545,198225.26999954417,87.11224913333689,0.11371629542790153
ieee,GAA,TFET,96,545,1221,198225.26999954417,28.596842593987844,0.05748502994011976
ieee,3DIC,RRAM,94,5236,6857,198225.26999954417,0.5189829428252669,0.007833986165513793
ieee,3DIC,UCIe,93,5236,162,198225.26999954417,21.733382034582053,0.0175306314797361
ieee,3DIC,FinFET,90,5236,4889,198225.26999954417,0.6969182739927605,0.008968609865470852
ieee,DRAM,RRAM,90,3738,6857,198225.26999954417,0.6960301958521988,0.008567348881485007
ieee,FinFET,GaN,88,4889,4448,198225.26999954417,0.8021523762767194,0.009514542112660828
ieee,GAA,HKMG,88,545,829,198225.26999954417,38.60918706070072,0.06842923794712286
ieee,AIAccel,Chiplet,86,1295,1978,198225.26999954417,6.655204633189329,0.02698462503922184
ieee,3DIC,Node,84,5236,233,198225.26999954417,13.648431525524604,0.015598885793871866
ieee,FanOut,HBM,82,1341,936,198225.26999954417,12.949954540209996,0.03735763097949886
ieee,FeFET,RRAM,79,2357,6857,198225.26999954417,0.9689299434099186,0.008648056923918993
ieee,DRAM,MRAM,77,3738,1637,198225.26999954417,2.494375124399692,0.014533786334465837
ieee,FeFET,GAA,77,2357,545,198225.26999954417,11.882112458275682,0.027256637168141595
ieee,FeFET,TFET,77,2357,1221,198225.26999954417,5.303645609959252,0.02199371608111968
ieee,3DIC,CoWoS,76,5236,87,198225.26999954417,33.07148678899694,0.014484467314655993
ieee,Neuromorphic,Photonic-computing,75,5415,277,198225.26999954417,9.911560846802614,0.01335232330425494
ieee,Neuromorphic,OxideSemi,73,5415,1629,198225.26999954417,1.6404474883011715,0.010471955243150194
ieee,FinFET,TFET,72,4889,1221,198225.26999954417,2.390869177805795,0.011924478304074197
ieee,DTCO,GAA,70,339,545,198225.26999954417,75.10361776389321,0.085995085995086
ieee,FanOut,GlassSubstrate,69,1341,361,198225.26999954417,28.253491791937112,0.04225352112676056
ieee,CIM,FinFET,68,3692,4889,198225.26999954417,0.7467688624611003,0.007987783390109245
ieee,DRAM,FeRAM,66,3738,507,198225.26999954417,6.903283311314109,0.015793251974156496
ieee,GaN,HKMG,66,4448,829,198225.26999954417,3.5480002722710022,0.012665515256188831
ieee,3DIC,Neuromorphic,65,5236,5415,198225.26999954417,0.45443761916649106,0.006140185150198375
ieee,FanOut,HybridBonding,64,1341,988,198225.26999954417,9.575319403287494,0.0282560706401766
ieee,FeFET,HKMG,64,2357,829,198225.26999954417,6.492693160977171,0.020499679692504803
ieee,DRAM,FeFET,63,3738,2357,198225.26999954417,1.4174269567547597,0.010444297082228117
ieee,2D-channel,TFET,62,386,1221,198225.26999954417,26.076406283755645,0.040129449838187704
ieee,Neuromorphic,PCM,62,5415,743,198225.26999954417,3.0546639027902747,0.010170603674540682
ieee,2D-channel,FeFET,61,386,2357,198225.26999954417,13.290519772403439,0.02274422073079791
ieee,CIM,HBM,61,3692,936,198225.26999954417,3.499059374731515,0.013356689292752353
ieee,FeFET,OxideSemi,61,2357,1629,198225.26999954417,3.1492576010728834,0.01554140127388535
ieee,HBM,HybridBonding,61,936,988,198225.26999954417,13.075432400312504,0.03274288781535158
ieee,BSPDN,GAA,59,186,545,198225.26999954417,115.37230867093918,0.08779761904761904
ieee,FinFET,RRAM,59,4889,6857,198225.26999954417,0.3488645518366301,0.00504834431419526
ieee,3DIC,GAA,58,5236,545,198225.26999954417,4.028940664830483,0.010134544819150795
ieee,FeRAM,Neuromorphic,57,507,5415,198225.26999954417,4.115545935836066,0.009718670076726343
ieee,CIM,OxideSemi,56,3692,1629,198225.26999954417,1.8457134134984463,0.01063627730294397
ieee,DTCO,FinFET,56,339,4889,198225.26999954417,6.697724963194404,0.01082753286929621
ieee,3DNAND,CIM,55,1789,3692,198225.26999954417,1.6506297740396998,0.010136380390711389
ieee,DTCO,Node,55,339,233,198225.26999954417,138.02764822027584,0.10638297872340426
ieee,AIAccel,RISCV,54,1295,848,198225.26999954417,9.747363389647578,0.02584968884633796
ieee,Chiplet,GaN,54,1978,4448,198225.26999954417,1.2166389388461232,0.00847457627118644
ieee,DRAM,FinFET,54,3738,4889,198225.26999954417,0.5857245718500954,0.006298845211711186
ieee,AIAccel,HBM,53,1295,936,198225.26999954417,8.667408598138666,0.024334251606978878
ieee,DRAM,HybridBonding,53,3738,988,198225.26999954417,2.8447142353441515,0.011341750481489407
ieee,CPO,Neuromorphic,52,2050,5415,198225.26999954417,0.9285601459339501,0.00701470389855659
ieee,3DIC,BSPDN,51,5236,186,198225.26999954417,10.380460305799337,0.00949543846583504
ieee,3DIC,DTCO,51,5236,339,198225.26999954417,5.695473796102291,0.009232440260680666
ieee,MRAM,PCM,51,1637,743,198225.26999954417,8.311735242616077,0.021897810218978103
ieee,3DIC,CFET,50,5236,405,198225.26999954417,4.673845598834851,0.008942944017170452
ieee,3DIC,FeFET,50,5236,2357,198225.26999954417,0.8031003256377237,0.006628662335940607
ieee,CPO,FanOut,50,2050,1341,198225.26999954417,3.6053412997134315,0.014965579167913799
ieee,FinFET,Resist,50,4889,735,198225.26999954417,2.7581739097702904,0.00897021887334051
ieee,3DNAND,FeFET,49,1789,2357,198225.26999954417,2.3034838674892892,0.01195997071027581
ieee,Chiplet,CoWoS,49,1978,87,198225.26999954417,56.44293103435296,0.024305555555555556
ieee,FanOut,Resist,49,1341,735,198225.26999954417,9.854599552550045,0.024173655648741982
ieee,CIM,FeRAM,48,3692,507,198225.26999954417,5.083122824326237,0.011563478679836184
ieee,FeRAM,RRAM,45,507,6857,198225.26999954417,2.565839124354555,0.00614838092635606
ieee,OxideSemi,RRAM,45,1629,6857,198225.26999954417,0.7985760810606258,0.005331121904987561
ieee,3DIC,Resist,44,5236,735,198225.26999954417,2.2663381924146138,0.007423654462628649
ieee,FinFET,RISCV,44,4889,848,198225.26999954417,2.103758118914415,0.007728789741788161
ieee,CIM,RISCV,43,3692,848,198225.26999954417,2.7225127921859347,0.00956193017567267
ieee,CNT,RRAM,42,675,6857,198225.26999954417,1.798748257251223,0.005607476635514018
ieee,FeFET,Node,42,2357,233,198225.26999954417,15.159776722029449,0.016483516483516484
ieee,3DIC,3DNAND,41,5236,1789,198225.26999954417,0.8676266760050609,0.005870561282932417
ieee,AIAccel,FinFET,41,1295,4889,198225.26999954417,1.283669046655254,0.0066742633892235064
ieee,Chiplet,DRAM,41,1978,3738,198225.26999954417,1.0992014446202651,0.007224669603524229
ieee,EUV,Node,41,246,233,198225.26999954417,141.7920386262834,0.09360730593607305
ieee,3DNAND,RRAM,40,1789,6857,198225.26999954417,0.6463600700814903,0.004647920055775041
ieee,CFET,FinFET,40,405,4889,198225.26999954417,4.004459898629459,0.007613247049866768
ieee,CFET,Node,40,405,233,198225.26999954417,84.0249117785383,0.06688963210702341
ieee,EUV,Resist,40,246,735,198225.26999954417,43.8527227475348,0.04250797024442083
ieee,FinFET,MRAM,40,4889,1637,198225.26999954417,0.990718545476439,0.006167129201356768
ieee,Ga2O3,SiC,40,1215,7165,198225.26999954417,0.9108073712211874,0.004796163069544364
ieee,Chiplet,Node,39,1978,233,198225.26999954417,16.77418454931765,0.017955801104972375
ieee,CFET,DTCO,38,405,339,198225.26999954417,54.86405375274175,0.053824362606232294
ieee,Cryo,FinFET,38,408,4889,198225.26999954417,3.776264573523736,0.007225708309564556
ieee,HKMG,TFET,38,829,1221,198225.26999954417,7.441704489865906,0.018886679920477135
ieee,BSPDN,Node,37,186,233,198225.26999954417,169.23565900556403,0.0968586387434555
ieee,2D-channel,GAA,36,386,545,198225.26999954417,33.92170803814037,0.04022346368715084
ieee,CIM,Chiplet,36,3692,1978,198225.26999954417,0.977177681471209,0.006389776357827476
ieee,CNT,GAA,36,675,545,198225.26999954417,19.39819155958842,0.030405405405405407
ieee,DRAM,GAA,36,3738,545,198225.26999954417,3.5028837085934144,0.008476571697668942
ieee,DRAM,HKMG,36,3738,829,198225.26999954417,2.3028608216928963,0.00794526594570735
ieee,Neuromorphic,RISCV,36,5415,848,198225.26999954417,1.5540579365458436,0.005781275092339811
ieee,2D-channel,HKMG,35,386,829,198225.26999954417,21.681295430489463,0.029661016949152543
ieee,MRAM,Neuromorphic,35,1637,5415,198225.26999954417,0.7826722248808905,0.004987886561208493
ieee,3DIC,CNT,34,5236,675,198225.26999954417,1.9069290043246192,0.005785264590777607
ieee,3DNAND,GAA,34,1789,545,198225.26999954417,6.91243550544305,0.014782608695652174
ieee,CNT,FinFET,34,675,4889,198225.26999954417,2.042274548301024,0.006148282097649186
ieee,GaN,HBM,34,4448,936,198225.26999954417,1.6188153275419332,0.006355140186915888
ieee,Chiplet,FinFET,33,1978,4889,198225.26999954417,0.6764358764557977,0.004828797190517998
ieee,FanOut,GaN,33,1341,4448,198225.26999954417,1.0966786822194858,0.0057331480194579565
ieee,3DNAND,Neuromorphic,32,1789,5415,198225.26999954417,0.6547872207643626,0.004461795872838818
ieee,HKMG,OxideSemi,32,829,1629,198225.26999954417,4.697138668024307,0.013190436933223413
ieee,AIAccel,CPO,31,1295,2050,198225.26999954417,2.3147126358360937,0.009354254677127338
ieee,BSPDN,FinFET,31,186,4889,198225.26999954417,6.757526078937212,0.006145915939730373
ieee,CIM,CNT,31,3692,675,198225.26999954417,2.4657852293189957,0.007149446494464945
ieee,Chiplet,GlassSubstrate,31,1978,361,198225.26999954417,8.605720221586859,0.013431542461005199
ieee,FanOut,UCIe,31,1341,162,198225.26999954417,28.286350567504762,0.021059782608695652
ieee,2D-channel,Neuromorphic,30,386,5415,198225.26999954417,2.8450801601702835,0.005198405822214521
ieee,3DIC,RISCV,29,5236,848,198225.26999954417,1.2946772773187576,0.004789430222956234
ieee,EUV,MultiPatterning,29,246,141,198225.26999954417,165.73063570278444,0.08100558659217877
ieee,FinFET,Neuromorphic,29,4889,5415,198225.26999954417,0.21713934214867495,0.0028223844282238442
ieee,HybridBonding,Node,29,988,233,198225.26999954417,24.971472389649097,0.024328859060402684
ieee,3DIC,HKMG,28,5236,829,198225.26999954417,1.2786829696209219,0.004638065264204075
ieee,DRAM,Neuromorphic,28,3738,5415,198225.26999954417,0.27420747611129326,0.0030684931506849314
ieee,CIM,Node,27,3692,233,198225.26999954417,6.221644165075273,0.006926629040533607
ieee,GAA,Resist,27,545,735,198225.26999954417,13.360999288492025,0.02154828411811652
ieee,Node,Resist,27,233,735,198225.26999954417,31.25212279926246,0.028692879914984058
ieee,2D-channel,3DIC,26,386,5236,198225.26999954417,2.5500307852710353,0.004646175839885632
ieee,3DIC,SiC,26,5236,7165,198225.26999954417,0.13737779247936074,0.002101010101010101
ieee,3DNAND,PCM,26,1789,743,198225.26999954417,3.8773339843293497,0.010375099760574621
ieee,BSPDN,DTCO,26,186,339,198225.26999954417,81.73719383366874,0.052104208416833664
ieee,CPO,HybridBonding,26,2050,988,198225.26999954417,2.5446119383766903,0.008632138114209827
ieee,Chiplet,RISCV,25,1978,848,198225.26999954417,2.9544516509366026,0.008925383791503035
ieee,CoWoS,HBM,25,87,936,198225.26999954417,60.85607316520046,0.025050100200400802
ieee,AIAccel,MRAM,24,1295,1637,198225.26999954417,2.244149638069951,0.008253094910591471
ieee,BSPDN,CFET,24,186,405,198225.26999954417,63.15420788515944,0.042328042328042326
ieee,EUV,HighNA,24,246,33,198225.26999954417,586.0318403534196,0.09411764705882353
ieee,CoWoS,FanOut,23,87,1341,198225.26999954417,39.07858443252604,0.016370106761565837
ieee,DRAM,DTCO,23,3738,339,198225.26999954417,3.5978898137674906,0.005673408978786384
ieee,DRAM,RISCV,23,3738,848,198225.26999954417,1.4383073665886548,0.0050405435020819634
ieee,EUV,FinFET,23,246,4889,198225.26999954417,3.7908073125745334,0.004499217527386541
ieee,FeFET,MRAM,23,2357,1637,198225.26999954417,1.1816220649468514,0.0057919919415764295
ieee,FinFET,Ga2O3,23,4889,1215,198225.26999954417,0.7675214805706463,0.0037822726525242557
ieee,GAA,OxideSemi,23,545,1629,198225.26999954417,5.135340767386437,0.010692701069270108
ieee,3DNAND,MRAM,22,1789,1637,198225.26999954417,1.4890959378752773,0.006462984723854289
ieee,FinFET,MultiPatterning,22,4889,141,198225.26999954417,6.326194627090156,0.00439297124600639
ieee,MRAM,Node,22,1637,233,198225.26999954417,11.43344477621833,0.011904761904761904
ieee,2D-channel,RRAM,21,386,6857,198225.26999954417,1.5727397327002275,0.0029077817779008587
ieee,CPO,GlassSubstrate,21,2050,361,198225.26999954417,5.624931653253736,0.008786610878661089
ieee,Ga2O3,OxideSemi,21,1215,1629,198225.26999954417,2.1032018279741553,0.007438894792773645
ieee,HKMG,Node,21,829,233,198225.26999954417,21.55102155236635,0.020172910662824207
ieee,2D-channel,CFET,20,386,405,198225.26999954417,25.359850316579564,0.02594033722438392
ieee,AIAccel,FeFET,20,1295,2357,198225.26999954417,1.2988519861124699,0.005506607929515419
ieee,CPO,FinFET,20,2050,4889,198225.26999954417,0.3955625021816904,0.0028905911258852437
ieee,HBM,UCIe,20,936,162,198225.26999954417,26.145572174678716,0.01855287569573284
ieee,Node,RRAM,20,233,6857,198225.26999954417,2.4814123720510435,0.002828854314002829
ieee,3DNAND,OxideSemi,19,1789,1629,198225.26999954417,1.2923531155682444,0.005589879376287144
ieee,CIM,GAA,19,3692,545,198225.26999954417,1.8717783702880213,0.0045045045045045045
ieee,Chiplet,DTCO,19,1978,339,198225.26999954417,5.616769911491509,0.008268059181897302
ieee,DRAM,TFET,19,3738,1221,198225.26999954417,0.8251970334535628,0.0038461538461538464
ieee,GAA,GaN,19,545,4448,198225.26999954417,1.5536433774962621,0.0038198632891033374
ieee,GAA,MRAM,19,545,1637,198225.26999954417,4.221506257240913,0.00878409616273694
ieee,AIAccel,PCM,18,1295,743,198225.26999954417,3.708283604495804,0.00891089108910891
ieee,Chiplet,RRAM,18,1978,6857,198225.26999954417,0.2630698556213872,0.002041510717931269
ieee,DTCO,OxideSemi,18,339,1629,198225.26999954417,6.461163643460427,0.009230769230769232
ieee,2D-channel,FinFET,17,386,4889,198225.26999954417,1.7856675130870352,0.003233168505135032
ieee,Airgap,HKMG,17,108,829,198225.26999954417,37.63827000393436,0.01847826086956522
ieee,DTCO,RRAM,17,339,6857,198225.26999954417,1.4496864905153664,0.0023680178297813066
ieee,FinFET,HBM,17,4889,936,198225.26999954417,0.7363970727046961,0.0029269972451790634
ieee,HKMG,SiC,17,829,7165,198225.26999954417,0.5673319135275521,0.0021311269900965274
ieee,AIAccel,Node,16,1295,233,198225.26999954417,10.511224485037223,0.010582010582010581
ieee,CNT,Node,16,675,233,198225.26999954417,20.16597882684919,0.017937219730941704
ieee,Chiplet,SiC,16,1978,7165,198225.26999954417,0.2237878576407973,0.0017530404294949053
ieee,DRAM,FanOut,16,3738,1341,198225.26999954417,0.6327190723948665,0.003160181710448351
ieee,3DNAND,AIAccel,15,1789,1295,198225.26999954417,1.2834240349079478,0.004887585532746823
ieee,AIAccel,Photonic-computing,15,1295,277,198225.26999954417,8.288973279604038,0.009633911368015413
ieee,CIM,DTCO,15,3692,339,198225.26999954417,2.375685169555127,0.0037350597609561755
ieee,CompLitho,EUV,15,138,246,198225.26999954417,87.58628048760347,0.04065040650406504
ieee,DRAM,Node,15,3738,233,198225.26999954417,3.413933514276486,0.0037917087967644083
ieee,DTCO,MRAM,15,339,1637,198225.26999954417,5.357990009772467,0.007649158592554819
ieee,FeFET,GaN,15,2357,4448,198225.26999954417,0.28361285780389756,0.0022091310751104565
ieee,GAA,RRAM,15,545,6857,198225.26999954417,0.7956455266347153,0.0020305942872614054
ieee,Neuromorphic,Node,15,5415,233,198225.26999954417,2.356654381600278,0.002662879460323096
ieee,RISCV,RRAM,15,848,6857,198225.26999954417,0.5113523726602829,0.0019505851755526658
ieee,3DIC,FeRAM,14,5236,507,198225.26999954417,1.045392684236434,0.0024437074533077328
ieee,AIAccel,FanOut,14,1295,1341,198225.26999954417,1.5980431706837912,0.005339435545385202
ieee,AIAccel,HybridBonding,14,1295,988,198225.26999954417,2.169003939156846,0.00617011899515205
ieee,CFET,OxideSemi,14,405,1629,198225.26999954417,4.206403655948311,0.006930693069306931
ieee,CIM,HKMG,14,3692,829,198225.26999954417,0.9067150635069268,0.003106279121366763
ieee,CIM,HybridBonding,14,3692,988,198225.26999954417,0.7607963437725124,0.0030004286326618087
ieee,CPO,HBM,14,2050,936,198225.26999954417,1.4462965290773495,0.004710632570659489
ieee,Chiplet,Neuromorphic,14,1978,5415,198225.26999954417,0.25909695290799145,0.0018972760536658084
ieee,FinFET,SiC,14,4889,7165,198225.26999954417,0.07922291564978727,0.0011627906976744186
ieee,GaN,Resist,14,4448,735,198225.26999954417,0.8488577851984591,0.0027084542464693366
ieee,MultiPatterning,Node,14,141,233,198225.26999954417,84.4718527986369,0.03888888888888889
ieee,MultiPatterning,Resist,14,141,735,198225.26999954417,26.77815197562231,0.016241299303944315
ieee,Node,RISCV,14,233,848,198225.26999954417,14.045437788452599,0.013120899718837863
ieee,2D-channel,CIM,13,386,3692,198225.26999954417,1.808228763770198,0.0031980319803198032
ieee,3DIC,MRAM,13,5236,1637,198225.26999954417,0.30064504676683557,0.0018950437317784257
ieee,CFET,EUV,13,405,246,198225.26999954417,25.864985546462655,0.02037617554858934
ieee,CPO,Node,13,2050,233,198225.26999954417,5.395014152609807,0.005726872246696035
ieee,CompLitho,Resist,13,138,735,198225.26999954417,25.405979591778312,0.015116279069767442
ieee,FanOut,SiC,13,1341,7165,198225.26999954417,0.2681991504183195,0.0015306723183798423
ieee,FeRAM,MRAM,13,507,1637,198225.26999954417,3.1048865184835326,0.006100422336931018
ieee,FinFET,HybridBonding,13,4889,988,198225.26999954417,0.5334889009687273,0.002216916780354707
ieee,MRAM,RISCV,13,1637,848,198225.26999954417,1.8563413500839046,0.0052588996763754045
ieee,Neuromorphic,TFET,13,5415,1221,198225.26999954417,0.3897519040058554,0.0019628567114600634
ieee,2D-channel,DRAM,12,386,3738,198225.26999954417,1.6485938006765206,0.0029182879377431907
ieee,3DNAND,HybridBonding,12,1789,988,198225.26999954417,1.345776619599832,0.00433996383363472
ieee,CFET,HybridBonding,12,405,988,198225.26999954417,5.944677462874319,0.008689355539464157
ieee,CPO,Resist,12,2050,735,198225.26999954417,1.5786980189112527,0.00432744320230797
ieee,CoWoS,HybridBonding,12,87,988,198225.26999954417,27.673498534070106,0.011288805268109126
ieee,CoWoS,UCIe,12,87,162,198225.26999954417,168.77417624482263,0.05063291139240506
ieee,Cryo,SiQubit,12,408,47,198225.26999954417,124.04585106354455,0.02708803611738149
ieee,DSA,MultiPatterning,12,41,141,198225.26999954417,411.4691645034648,0.07058823529411765
ieee,FeRAM,OxideSemi,12,507,1629,198225.26999954417,2.8801242276569163,0.005649717514124294
ieee,Ga2O3,HKMG,12,1215,829,198225.26999954417,2.3616169414233323,0.005905511811023622
ieee,HKMG,RRAM,12,829,6857,198225.26999954417,0.41845771967760664,0.001563721657544957
ieee,3DIC,Airgap,11,5236,108,198225.26999954417,3.8559226190387523,0.0020626289143071443
ieee,3DIC,TFET,11,5236,1221,198225.26999954417,0.3410644085636243,0.0017064846416382253
ieee,Airgap,TFET,11,108,1221,198225.26999954417,16.535307807769783,0.00834597875569044
ieee,CFET,CIM,11,405,3692,198225.26999954417,1.4582600818553202,0.0026921194322075378
ieee,CFET,DRAM,11,405,3738,198225.26999954417,1.4403146661877586,0.0026621490803484995
ieee,CNT,FeFET,11,675,2357,198225.26999954417,1.370529373494232,0.003641178417742469
ieee,CPO,PCM,11,2050,743,198225.26999954417,1.4315582641203992,0.003953989935298346
ieee,CoWoS,Node,11,87,233,198225.26999954417,107.56637413028395,0.03559870550161812
ieee,DTCO,HybridBonding,11,339,988,198225.26999954417,6.510210938324752,0.008358662613981762
ieee,Ga2O3,Neuromorphic,11,1215,5415,198225.26999954417,0.33141866557155075,0.0016618824595860402
ieee,GaN,Node,11,4448,233,198225.26999954417,2.103928630695752,0.002355460385438972
ieee,HBM,Node,11,936,233,198225.26999954417,9.998156569802035,0.009499136442141624
ieee,3DNAND,HBM,10,1789,936,198225.26999954417,1.183784989462815,0.003683241252302026
ieee,CFET,HKMG,10,405,829,198225.26999954417,5.904042353558331,0.008169934640522876
ieee,CIM,CPO,10,3692,2050,198225.26999954417,0.26190480405827254,0.0017445917655268667
ieee,CIM,Photonic-computing,10,3692,277,198225.26999954417,1.9382846509727751,0.002525890376357666
ieee,CIM,TFET,10,3692,1221,198225.26999954417,0.4397255104991472,0.002039567611666327
ieee,CNT,TFET,10,675,1221,198225.26999954417,2.40513568113015,0.005302226935312832
ieee,EUV,RuMo,10,246,49,198225.26999954417,164.4477103032555,0.03508771929824561
ieee,GAA,Neuromorphic,10,545,5415,198225.26999954417,0.6716825332267459,0.0016806722689075631
ieee,Ga2O3,RRAM,10,1215,6857,198225.26999954417,0.23792966365756918,0.0012403870007442323
ieee,GaN,TFET,10,4448,1221,198225.26999954417,0.3649879911786986,0.0017670966601873123
ieee,HBM,RISCV,10,936,848,198225.26999954417,2.4973954553643587,0.005636978579481398
ieee,3DIC,EUV,9,5236,246,198225.26999954417,1.3850542445327667,0.0016444363237712407
ieee,AIAccel,GaN,9,1295,4448,198225.26999954417,0.30971838108592425,0.001569584931984653
ieee,Airgap,FanOut,9,108,1341,198225.26999954417,12.318249440687557,0.00625
ieee,BSPDN,Chiplet,9,186,1978,198225.26999954417,4.849112903214656,0.004176334106728539
ieee,CFET,FeFET,9,405,2357,198225.26999954417,1.8689036911284982,0.0032691609153650564
ieee,CPO,GaN,9,2050,4448,198225.26999954417,0.1956513675640351,0.0013869625520110957
ieee,Chiplet,Resist,9,1978,735,198225.26999954417,1.22712244897677,0.0033284023668639054
ieee,FanOut,FinFET,9,1341,4889,198225.26999954417,0.272115144118277,0.0014467127471467609
ieee,FeFET,Resist,9,2357,735,198225.26999954417,1.0298040747034582,0.0029192345118391177
ieee,GaN,Neuromorphic,9,4448,5415,198225.26999954417,0.07406930812673534,0.0009133346864217577
ieee,HBM,Neuromorphic,9,936,5415,198225.26999954417,0.35198748135440044,0.0014191106906338694
ieee,HybridBonding,Resist,9,988,735,198225.26999954417,2.4567289514939787,0.005250875145857643
ieee,Node,RuMo,9,233,49,198225.26999954417,156.2606139963123,0.03296703296703297
ieee,3DIC,Ga2O3,8,5236,1215,198225.26999954417,0.24927176527119205,0.0012416576129132392
ieee,3DIC,MLforEDA,8,5236,58,198225.26999954417,5.221813703525833,0.001513431706394249
ieee,3DIC,Photonic-computing,8,5236,277,198225.26999954417,1.093376154528875,0.0014532243415077202
ieee,3DNAND,FinFET,8,1789,4889,198225.26999954417,0.1813086930066999,0.0011994002998500749
ieee,BSPDN,HybridBonding,8,186,988,198225.26999954417,8.629370510624012,0.00686106346483705
ieee,CNT,Neuromorphic,8,675,5415,198225.26999954417,0.43385716220275733,0.0013153567905294311
ieee,CPO,CoWoS,8,2050,87,198225.26999954417,8.891517577776021,0.0037576326914044154
ieee,CompLitho,Node,8,138,233,198225.26999954417,49.31896995696813,0.02203856749311295
ieee,Cryo,Node,8,408,233,198225.26999954417,16.681416308974516,0.01263823064770932
ieee,DRAM,MultiPatterning,8,3738,141,198225.26999954417,3.0087811208564395,0.0020666494445879618
ieee,DTCO,FeFET,8,339,2357,198225.26999954417,1.9846764861541575,0.002976190476190476
ieee,DTCO,HBM,8,339,936,198225.26999954417,4.9977376900270825,0.006314127861089187
ieee,FeFET,Ga2O3,8,2357,1215,198225.26999954417,0.5537492418158513,0.002244668911335578
ieee,FeFET,PCM,8,2357,743,198225.26999954417,0.9055253415965806,0.00258732212160414
ieee,GAA,HybridBonding,8,545,988,198225.26999954417,2.945069568763424,0.005245901639344262
ieee,GaN,RRAM,8,4448,6857,198225.26999954417,0.05199362254387528,0.0007081526068867841
ieee,HKMG,Neuromorphic,8,829,5415,198225.26999954417,0.35326125993590013,0.0012828736369467607
ieee,MultiPatterning,RuMo,8,141,49,198225.26999954417,229.52701693390554,0.04395604395604396
ieee,Node,OxideSemi,8,233,1629,198225.26999954417,4.178034287330633,0.004314994606256742
ieee,PCM,Photonic-computing,8,743,277,198225.26999954417,7.7051380149571855,0.007905138339920948
ieee,3DIC,PCM,7,5236,743,198225.26999954417,0.3566716627913002,0.001172136637642331
ieee,3DNAND,Chiplet,7,1789,1978,198225.26999954417,0.39212129681296076,0.0018617021276595746
ieee,3DNAND,FeRAM,7,1789,507,198225.26999954417,1.5298144479211764,0.0030581039755351682
ieee,AIAccel,DTCO,7,1295,339,198225.26999954417,3.160731403963074,0.0043023970497848806
ieee,AIAccel,UCIe,7,1295,162,198225.26999954417,6.614123123107913,0.004827586206896552
ieee,Airgap,FinFET,7,108,4889,198225.26999954417,2.6279268084755825,0.0014028056112224449
ieee,Airgap,Node,7,108,233,198225.26999954417,55.14134835466576,0.020958083832335328
ieee,CIM,GaN,7,3692,4448,198225.26999954417,0.08449491767617381,0.0008606910119267183
ieee,CNT,HKMG,7,675,829,198225.26999954417,2.479697788494499,0.004676018704074816
ieee,CNT,MRAM,7,675,1637,198225.26999954417,1.2557541030311177,0.003036876355748373
ieee,CPO,UCIe,7,2050,162,198225.26999954417,4.178189972890121,0.0031746031746031746
ieee,CompLitho,DRAM,7,138,3738,198225.26999954417,2.689915730330893,0.001809253036960455
ieee,Cryo,DRAM,7,408,3738,198225.26999954417,0.909824438200155,0.0016912297656438754
ieee,Cryo,GAA,7,408,545,198225.26999954417,6.2402270642058335,0.007399577167019027
ieee,DTCO,GaN,7,339,4448,198225.26999954417,0.9202219352815154,0.0014644351464435147
ieee,EUV,GAA,7,246,545,198225.26999954417,10.349644886975529,0.008928571428571428
ieee,FanOut,Node,7,1341,233,198225.26999954417,4.440913961449591,0.004467134652201659
ieee,GlassSubstrate,HybridBonding,7,361,988,198225.26999954417,3.8903879518117948,0.005216095380029807
ieee,HBM,RRAM,7,936,6857,198225.26999954417,0.21619570399654126,0.0008990495761623426
ieee,Photonic-computing,RRAM,7,277,6857,198225.26999954417,0.730538552132717,0.0009821804405780834
ieee,2D-channel,Node,6,386,233,198225.26999954417,13.224127954782906,0.009787928221859706
ieee,2D-channel,OxideSemi,6,386,1629,198225.26999954417,1.8914805484741666,0.0029865604778496766
ieee,3DNAND,Node,6,1789,233,198225.26999954417,2.8532774681644506,0.002976190476190476
ieee,AIAccel,GAA,6,1295,545,198225.26999954417,1.6851710814314265,0.003271537622682661
ieee,Airgap,GAA,6,108,545,198225.26999954417,20.206449541237937,0.00927357032457496
ieee,CFET,GaN,6,405,4448,198225.26999954417,0.6602227218210238,0.0012378791004745203
ieee,CFET,RRAM,6,405,6857,198225.26999954417,0.42827339458362457,0.0008269018743109151
ieee,CFET,Resist,6,405,735,198225.26999954417,3.9954702947753926,0.005291005291005291
ieee,Chiplet,FeFET,6,1978,2357,198225.26999954417,0.2551081883744664,0.001386001386001386
ieee,Chiplet,GAA,6,1978,545,198225.26999954417,1.1032844036671878,0.0023837902264600714
ieee,CompLitho,MultiPatterning,6,138,141,198225.26999954417,61.124042553050934,0.02197802197802198
ieee,DRAM,UCIe,6,3738,162,198225.26999954417,1.964065453892398,0.0015408320493066256
ieee,DTCO,Neuromorphic,6,339,5415,198225.26999954417,0.6479061603691619,0.0010438413361169101
ieee,FeRAM,PCM,6,507,743,198225.26999954417,3.157282884827131,0.00482315112540193
ieee,FinFET,UCIe,6,4889,162,198225.26999954417,1.501672461986047,0.0011892963330029733
ieee,GlassSubstrate,Resist,6,361,735,198225.26999954417,4.4824528237784875,0.005504587155963303
ieee,HighNA,MultiPatterning,6,33,141,198225.26999954417,255.60963249457663,0.03571428571428571
ieee,Node,UCIe,6,233,162,198225.26999954417,31.509341916951865,0.015424164524421594
ieee,2D-channel,GaN,5,386,4448,198225.26999954417,0.5772672762036153,0.0010354110581901014
ieee,2D-channel,Resist,5,386,735,198225.26999954417,3.493448768100246,0.004480286738351254
ieee,3DIC,CompLitho,5,5236,138,198225.26999954417,1.3716720779189235,0.0009312721177127957
ieee,3DNAND,HKMG,5,1789,829,198225.26999954417,0.668288751590588,0.0019135093761959434
ieee,3DNAND,MultiPatterning,5,1789,141,198225.26999954417,3.929158688429769,0.0025974025974025974
ieee,AIAccel,CFET,5,1295,405,198225.26999954417,1.889749463745118,0.0029498525073746312
ieee,CFET,CNT,5,405,675,198225.26999954417,3.6255193415554485,0.004651162790697674
ieee,CFET,MultiPatterning,5,405,141,198225.26999954417,17.356209613829275,0.009242144177449169
ieee,CNT,DRAM,5,675,3738,198225.26999954417,0.3928130907784796,0.001134301270417423
ieee,CNT,OxideSemi,5,675,1629,198225.26999954417,0.9013722119889237,0.002174858634188778
ieee,CNT,PCM,5,675,743,198225.26999954417,1.9762252130955003,0.003538570417551309
ieee,CPO,RRAM,5,2050,6857,198225.26999954417,0.07050842471803574,0.0005616715344866322
ieee,Cryo,HKMG,5,408,829,198225.26999954417,2.9303151387146125,0.004058441558441558
ieee,DRAM,EUV,5,3738,246,198225.26999954417,1.0778407978677793,0.0012565971349585323
ieee,DSA,Node,5,41,233,198225.26999954417,103.75027216557321,0.01858736059479554
ieee,DTCO,FeRAM,5,339,507,198225.26999954417,5.76662041156971,0.005945303210463734
ieee,FanOut,Neuromorphic,5,1341,5415,198225.26999954417,0.13649029851177347,0.0007406310176270182
ieee,GAA,RISCV,5,545,848,198225.26999954417,2.1445524277257246,0.0036023054755043226
ieee,HBM,PCM,5,936,743,198225.26999954417,1.4251624132900242,0.002986857825567503
ieee,HBM,Resist,5,936,735,198225.26999954417,1.4406743851353578,0.003001200480192077
ieee,HighNA,Node,5,33,233,198225.26999954417,128.90185329662125,0.019157088122605363
ieee,HighNA,Resist,5,33,735,198225.26999954417,40.862764378384696,0.00655307994757536
ieee,NIL,Resist,5,131,735,198225.26999954417,10.293673469364084,0.005807200929152149
ieee,2D-channel,CNT,4,386,675,198225.26999954417,3.043182037989548,0.003784295175023652
ieee,2D-channel,DTCO,4,386,339,198225.26999954417,6.059433261483613,0.005547850208044383
ieee,2D-channel,FeRAM,4,386,507,198225.26999954417,4.0515737192168535,0.0044994375703037125
ieee,AIAccel,CNT,4,1295,675,198225.26999954417,0.9070797425976567,0.002034587995930824
ieee,AIAccel,OxideSemi,4,1295,1629,198225.26999954417,0.3758617717946091,0.0013698630136986301
ieee,BSPDN,CIM,4,186,3692,198225.26999954417,1.1546340824074381,0.0010325245224574084
ieee,BSPDN,EUV,4,186,246,198225.26999954417,17.328898505074235,0.009345794392523364
ieee,BSPDN,FanOut,4,186,1341,198225.26999954417,3.1789030814677566,0.0026263952724885093
ieee,BSPDN,RuMo,4,186,49,198225.26999954417,86.99814351527064,0.017316017316017316
ieee,CFET,CPO,4,405,2050,198225.26999954417,0.9550148509463133,0.0016319869441044472
ieee,CFET,Chiplet,4,405,1978,198225.26999954417,0.9897777777755017,0.0016813787305590584
ieee,CFET,HighNA,4,405,33,198225.26999954417,59.32668013454371,0.009216589861751152
ieee,CIM,Cryo,4,3692,408,198225.26999954417,0.5263773022739792,0.0009765625
ieee,CPO,CompLitho,4,2050,138,198225.26999954417,2.8027609756033107,0.0018315018315018315
ieee,CPO,DRAM,4,2050,3738,198225.26999954417,0.10347271659530682,0.0006915629322268327
ieee,CPO,NIL,4,2050,131,198225.26999954417,2.9525268292615032,0.0018373909049150207
ieee,Chiplet,Photonic-computing,4,1978,277,198225.26999954417,1.4471480144371054,0.001776988005330964
ieee,CoWoS,FinFET,4,87,4889,198225.26999954417,1.8641451252240584,0.0008045052292839903
ieee,CompLitho,HighNA,4,138,33,198225.26999954417,174.1109090905087,0.023952095808383235
ieee,Cryo,DTCO,4,408,339,198225.26999954417,5.732699115031065,0.005383580080753701
ieee,Cryo,GaN,4,408,4448,198225.26999954417,0.4369120953227363,0.0008244023083264633
ieee,Cryo,RISCV,4,408,848,198225.26999954417,2.2917275943343527,0.003194888178913738
ieee,Cryo,RRAM,4,408,6857,198225.26999954417,0.2834162170038692,0.0005508883073956756
ieee,DTCO,FanOut,4,339,1341,198225.26999954417,1.7441769119557602,0.002386634844868735
ieee,DTCO,TFET,4,339,1221,198225.26999954417,1.9155947902806507,0.002570694087403599
ieee,FeRAM,FinFET,4,507,4889,198225.26999954417,0.31988289131063724,0.000741839762611276
ieee,FinFET,OxideSemi,4,4889,1629,198225.26999954417,0.09955839526979317,0.0006140620202640467
ieee,GAA,HBM,4,545,936,198225.26999954417,1.5543422724029183,0.002708192281651997
ieee,GAA,MultiPatterning,4,545,141,198225.26999954417,10.318186999781075,0.005865102639296188
ieee,GaN,GlassSubstrate,4,4448,361,198225.26999954417,0.493795387511569,0.0008324661810613944
ieee,GlassSubstrate,HBM,4,361,936,198225.26999954417,2.3465832090293364,0.0030935808197989174
ieee,GlassSubstrate,UCIe,4,361,162,198225.26999954417,13.558036318836166,0.007707129094412331
ieee,HBM,SiC,4,936,7165,198225.26999954417,0.11822980299505799,0.0004940101272076078
ieee,HKMG,Resist,4,829,735,198225.26999954417,1.3012991309883668,0.002564102564102564
ieee,HybridBonding,RISCV,4,988,848,198225.26999954417,0.9463814357170202,0.002183406113537118
ieee,HybridBonding,UCIe,4,988,162,198225.26999954417,4.953897885728599,0.0034904013961605585
ieee,MRAM,OxideSemi,4,1637,1629,198225.26999954417,0.29733719882346904,0.001226241569589209
ieee,MultiPatterning,Neuromorphic,4,141,5415,198225.26999954417,1.038487888251281,0.0007204610951008645
ieee,Node,TFET,4,233,1221,198225.26999954417,2.7870670983053243,0.002758620689655172
ieee,RRAM,TFET,4,6857,1221,198225.26999954417,0.09470419044846734,0.0004954173891503591
ieee,2D-channel,MRAM,3,386,1637,198225.26999954417,0.9411184524937133,0.0014851485148514852
ieee,3DIC,Cryo,3,5236,408,198225.26999954417,0.27836874522472277,0.0005318205991845417
ieee,3DIC,DSA,3,5236,41,198225.26999954417,2.770108489065534,0.0005688282138794084
ieee,3DIC,HighNA,3,5236,33,198225.26999954417,3.441649940960209,0.000569692366122294
ieee,3DNAND,Resist,3,1789,735,198225.26999954417,0.4522541837294673,0.001190003966679889
ieee,3DNAND,RuMo,3,1789,49,198225.26999954417,6.78381275594201,0.0016348773841961854
ieee,AIAccel,CoWoS,3,1295,87,198225.26999954417,5.278265743563951,0.002175489485134155
ieee,AIAccel,FeRAM,3,1295,507,198225.26999954417,0.9057379086589028,0.0016675931072818232
ieee,AIAccel,GlassSubstrate,3,1295,361,198225.26999954417,1.2720474229641654,0.0018148820326678765
ieee,Airgap,Resist,3,108,735,198225.26999954417,7.491506802703862,0.0035714285714285713
ieee,BSPDN,HBM,3,186,936,198225.26999954417,3.4157924937886714,0.002680965147453083
ieee,CFET,RuMo,3,405,49,198225.26999954417,29.966027210815447,0.0066518847006651885
ieee,CIM,SiC,3,3692,7165,198225.26999954417,0.022480314653989898,0.0002763957987838585
ieee,CNT,RISCV,3,675,848,198225.26999954417,1.0389165094315733,0.001973684210526316
ieee,CPO,DTCO,3,2050,339,198225.26999954417,0.8557102093656127,0.0012573344509639564
ieee,Chiplet,HKMG,3,1978,829,198225.26999954417,0.3626598311209996,0.0010699001426533524
ieee,Chiplet,MLforEDA,3,1978,58,198225.26999954417,5.183534482746701,0.0014756517461878996
ieee,Chiplet,MRAM,3,1978,1637,198225.26999954417,0.18365607819139196,0.0008305647840531562
ieee,Chiplet,PCM,3,1978,743,198225.26999954417,0.40463660834361864,0.0011037527593818985
ieee,Cryo,MRAM,3,408,1637,198225.26999954417,0.8903718692710131,0.0014691478942213516
ieee,DRAM,Resist,3,3738,735,198225.26999954417,0.21644802961263163,0.0006711409395973154
ieee,DSA,NIL,3,41,131,198225.26999954417,110.71975609730637,0.01775147928994083
ieee,DTCO,MultiPatterning,3,339,141,198225.26999954417,12.441176802833375,0.006289308176100629
ieee,EUV,NIL,3,246,131,198225.26999954417,18.453292682884396,0.008021390374331552
ieee,FanOut,MLforEDA,3,1341,58,198225.26999954417,7.645809997668139,0.002148997134670487
ieee,FinFET,HighNA,3,4889,33,198225.26999954417,3.685923315783934,0.0006098800569221387
ieee,GAA,Ga2O3,3,545,1215,198225.26999954417,0.8980644240550195,0.001707455890722823
ieee,GAA,SiC,3,545,7165,198225.26999954417,0.15228866367436827,0.00038925652004671076
ieee,GaN,HybridBonding,3,4448,988,198225.26999954417,0.13531892830845882,0.0005521811154058532
ieee,GaN,MRAM,3,4448,1637,198225.26999954417,0.08167080095831235,0.0004932587964485367
ieee,MLforEDA,RISCV,3,58,848,198225.26999954417,12.090838687350207,0.0033222591362126247
ieee,MRAM,TFET,3,1637,1221,198225.26999954417,0.29751983838048596,0.0010507880910683013
ieee,MultiPatterning,NIL,3,141,131,198225.26999954417,32.19510638290469,0.011152416356877323
ieee,RISCV,UCIe,3,848,162,198225.26999954417,4.3288187892982215,0.0029791459781529296
ieee,Resist,TFET,3,735,1221,198225.26999954417,0.6626394223521843,0.0015360983102918587
ieee,2D-channel,Chiplet,2,386,1978,198225.26999954417,0.5192487046620183,0.000846740050804403
ieee,2D-channel,Cryo,2,386,408,198225.26999954417,2.5173380828957654,0.0025252525252525255
ieee,2D-channel,PCM,2,386,743,198225.26999954417,1.382333698279236,0.001774622892635315
ieee,3DNAND,BSPDN,2,1789,186,198225.26999954417,1.1914223119754783,0.0010136847440446021
ieee,3DNAND,CFET,2,1789,405,198225.26999954417,0.5471717284628123,0.0009124087591240876
ieee,3DNAND,DTCO,2,1789,339,198225.26999954417,0.6537007375440678,0.0009407337723424271
ieee,3DNAND,FanOut,2,1789,1341,198225.26999954417,0.16525320658272855,0.0006393861892583121
ieee,Airgap,Chiplet,2,108,1978,198225.26999954417,1.8558333333290657,0.0009596928982725527
ieee,BSPDN,Ga2O3,2,186,1215,198225.26999954417,1.7542835523655398,0.0014295925661186562
ieee,BSPDN,MultiPatterning,2,186,141,198225.26999954417,15.11669869591582,0.006153846153846154
ieee,BSPDN,OxideSemi,2,186,1629,198225.26999954417,1.3084435335323086,0.0011031439602868175
ieee,BSPDN,SiC,2,186,7165,198225.26999954417,0.29748143979401687,0.00027214587018641994
ieee,CFET,Ga2O3,2,405,1215,198225.26999954417,0.8056709647900997,0.0012360939431396785
ieee,CFET,TFET,2,405,1221,198225.26999954417,0.8017118937100501,0.0012315270935960591
ieee,CIM,UCIe,2,3692,162,198225.26999954417,0.6628454917524182,0.0005192107995846313
ieee,CPO,HighNA,2,2050,33,198225.26999954417,5.860318403534196,0.0009610764055742432
ieee,CPO,MRAM,2,2050,1637,198225.26999954417,0.11813714558132465,0.000542740841248304
ieee,CPO,TFET,2,2050,1221,198225.26999954417,0.15838698387930258,0.000611807892321811
ieee,Chiplet,OxideSemi,2,1978,1629,198225.26999954417,0.12303867403286624,0.0005547850208044383
ieee,CoWoS,DRAM,2,87,3738,198225.26999954417,1.219075109312523,0.000523149359142035
ieee,CoWoS,GlassSubstrate,2,87,361,198225.26999954417,12.622999331330224,0.004484304932735426
ieee,CompLitho,DSA,2,138,41,198225.26999954417,70.06902439008277,0.011299435028248588
ieee,CompLitho,Neuromorphic,2,138,5415,198225.26999954417,0.5305318559544586,0.0003602954422626554
ieee,Cryo,FeFET,2,408,2357,198225.26999954417,0.41225816716069813,0.0007238508867173362
ieee,Cryo,Neuromorphic,2,408,5415,198225.26999954417,0.17944459833753748,0.0003435835767050335
ieee,DRAM,Ga2O3,2,3738,1215,198225.26999954417,0.08729179795077324,0.0004039587962027873
ieee,DSA,EUV,2,41,246,198225.26999954417,39.30701368224155,0.007017543859649123
ieee,DSA,FinFET,2,41,4889,198225.26999954417,1.9778125109084521,0.00040584415584415587
ieee,DSA,HybridBonding,2,41,988,198225.26999954417,9.786968993756501,0.0019474196689386564
ieee,DTCO,EUV,2,339,246,198225.26999954417,4.753945607586737,0.003430531732418525
ieee,DTCO,Resist,2,339,735,198225.26999954417,1.5911164890698466,0.0018656716417910447
ieee,DTCO,UCIe,2,339,162,198225.26999954417,7.21895444115023,0.004008016032064128
ieee,EUV,HBM,2,246,936,198225.26999954417,1.72178158223494,0.001694915254237288
ieee,EUV,HybridBonding,2,246,988,198225.26999954417,1.6311614989594168,0.0016233766233766235
ieee,FanOut,GAA,2,1341,545,198225.26999954417,0.5424550212412869,0.0010615711252653928
ieee,FanOut,HighNA,2,1341,33,198225.26999954417,8.958726865954587,0.0014577259475218659
ieee,FeFET,SiC,2,2357,7165,198225.26999954417,0.02347541272875992,0.0002100840336134454
ieee,FeRAM,GAA,2,507,545,198225.26999954417,1.4347774822180783,0.0019047619047619048
ieee,FeRAM,Ga2O3,2,507,1215,198225.26999954417,0.6435833150690146,0.0011627906976744186
ieee,FeRAM,HKMG,2,507,829,198225.26999954417,0.9432493700951179,0.0014992503748125937
ieee,FeRAM,Node,2,507,233,198225.26999954417,3.3560245828706123,0.0027100271002710027
ieee,GAA,HighNA,2,545,33,198225.26999954417,22.043399499532295,0.003472222222222222
ieee,GAA,RuMo,2,545,49,198225.26999954417,14.845554764991137,0.0033783783783783786
ieee,HBM,OxideSemi,2,936,1629,198225.26999954417,0.2600112149968049,0.0007803355442840422
ieee,HBM,Photonic-computing,2,936,277,198225.26999954417,1.5290912246563004,0.0016515276630883566
ieee,HKMG,MRAM,2,829,1637,198225.26999954417,0.2921364878669669,0.0008116883116883117
ieee,HKMG,PCM,2,829,743,198225.26999954417,0.6436439174134923,0.0012738853503184713
ieee,HybridBonding,MRAM,2,988,1637,198225.26999954417,0.2451226198802789,0.0007624857033930614
ieee,MLforEDA,Node,2,58,233,198225.26999954417,29.3362838537138,0.006920415224913495
ieee,MRAM,MultiPatterning,2,1637,141,198225.26999954417,1.7175967974589754,0.0011261261261261261
ieee,MRAM,Resist,2,1637,735,198225.26999954417,0.3294981611451912,0.0008438818565400844
ieee,NIL,OxideSemi,2,131,1629,198225.26999954417,1.8577900552443467,0.0011376564277588168
ieee,Neuromorphic,Resist,2,5415,735,198225.26999954417,0.09961006275063305,0.00032530904359141186
ieee,OxideSemi,RISCV,2,1629,848,198225.26999954417,0.28699351089269975,0.0008080808080808081
ieee,OxideSemi,SiC,2,1629,7165,198225.26999954417,0.03396657323614925,0.00022747952684258417
ieee,OxideSemi,TFET,2,1629,1221,198225.26999954417,0.19932063655774726,0.0007022471910112359
ieee,RRAM,Resist,2,6857,735,198225.26999954417,0.07866246022964532,0.00026350461133069827
ieee,Resist,RuMo,2,735,49,198225.26999954417,11.007928363156694,0.0025575447570332483
ieee,RuMo,SiC,2,49,7165,198225.26999954417,1.1292152612589212,0.00027731558513588466
ieee,2D-channel,3DNAND,1,386,1789,198225.26999954417,0.2870525259422785,0.00045998160073597056
ieee,2D-channel,AIAccel,1,386,1295,198225.26999954417,0.39655364394651443,0.0005952380952380953
ieee,2D-channel,Airgap,1,386,108,198225.26999954417,4.754971934358668,0.002028397565922921
ieee,2D-channel,CPO,1,386,2050,198225.26999954417,0.25050583849304203,0.0004106776180698152
ieee,2D-channel,CompLitho,1,386,138,198225.26999954417,3.7212823834111317,0.0019120458891013384
ieee,2D-channel,DSA,1,386,41,198225.26999954417,12.525291924652102,0.002347417840375587
ieee,2D-channel,EUV,1,386,246,198225.26999954417,2.0875486541086836,0.001584786053882726
ieee,2D-channel,Ga2O3,1,386,1215,198225.26999954417,0.4226641719429927,0.000625
ieee,2D-channel,RISCV,1,386,848,198225.26999954417,0.6055860482437927,0.0008110300081103001
ieee,2D-channel,RuMo,1,386,49,198225.26999954417,10.480346304300738,0.002304147465437788
ieee,2D-channel,SiC,1,386,7165,198225.26999954417,0.07167298938042375,0.00013245033112582781
ieee,3DIC,MultiPatterning,1,5236,141,198225.26999954417,0.2684975131245553,0.00018601190476190475
ieee,3DIC,NIL,1,5236,131,198225.26999954417,0.28899350649284195,0.00018635855385762206
ieee,3DIC,RuMo,1,5236,49,198225.26999954417,0.7726152928686182,0.00018925056775170325
ieee,3DNAND,Airgap,1,1789,108,198225.26999954417,1.025946990867773,0.0005274261603375527
ieee,3DNAND,CompLitho,1,1789,138,198225.26999954417,0.8029150363313007,0.0005192107995846313
ieee,3DNAND,Cryo,1,1789,408,198225.26999954417,0.2715742034649987,0.0004553734061930783
ieee,3DNAND,EUV,1,1789,246,198225.26999954417,0.4504157520882906,0.0004916420845624386
ieee,3DNAND,HighNA,1,1789,33,198225.26999954417,3.3576446973854392,0.0005491488193300384
ieee,3DNAND,NIL,1,1789,131,198225.26999954417,0.8458188932344999,0.0005211047420531526
ieee,AIAccel,BSPDN,1,1295,186,198225.26999954417,0.8229554116309385,0.0006756756756756757
ieee,AIAccel,Cryo,1,1295,408,198225.26999954417,0.3751708494199867,0.0005875440658049354
ieee,AIAccel,EUV,1,1295,246,198225.26999954417,0.6222345795258316,0.0006493506493506494
ieee,AIAccel,HKMG,1,1295,829,198225.26999954417,0.1846437956132142,0.0004710315591144607
ieee,AIAccel,HighNA,1,1295,33,198225.26999954417,4.63847595646529,0.0007535795026375283
ieee,AIAccel,SiC,1,1295,7165,198225.26999954417,0.021363531969763372,0.00011821728336682824
ieee,Airgap,BSPDN,1,108,186,198225.26999954417,9.86784498205616,0.0034129692832764505
ieee,Airgap,CFET,1,108,405,198225.26999954417,4.531899176944311,0.001953125
ieee,Airgap,DRAM,1,108,3738,198225.26999954417,0.4910163634730995,0.0002600780234070221
ieee,Airgap,Ga2O3,1,108,1215,198225.26999954417,1.510633058981437,0.0007564296520423601
ieee,Airgap,GlassSubstrate,1,108,361,198225.26999954417,5.084263619563562,0.002136752136752137
ieee,Airgap,HybridBonding,1,108,988,198225.26999954417,1.8577117071482248,0.0009132420091324201
ieee,Airgap,RRAM,1,108,6857,198225.26999954417,0.2676708716147653,0.00014359563469270534
ieee,BSPDN,CNT,1,186,675,198225.26999954417,1.5788551971289857,0.0011627906976744186
ieee,BSPDN,CPO,1,186,2050,198225.26999954417,0.519866955152227,0.00044742729306487697
ieee,BSPDN,Cryo,1,186,408,198225.26999954417,2.6120766128972193,0.0016863406408094434
ieee,BSPDN,DRAM,1,186,3738,198225.26999954417,0.28510627556502555,0.0002549069589599796
ieee,BSPDN,FeFET,1,186,2357,198225.26999954417,0.4521541188214109,0.0003933910306845004
ieee,BSPDN,FeRAM,1,186,507,198225.26999954417,2.102026150023798,0.001445086705202312
ieee,BSPDN,RRAM,1,186,6857,198225.26999954417,0.15542179642147666,0.00014200511218403862
ieee,BSPDN,Resist,1,186,735,198225.26999954417,1.4499690585878442,0.0010869565217391304
ieee,CFET,Cryo,1,405,408,198225.26999954417,1.1996203703676118,0.0012315270935960591
ieee,CFET,HBM,1,405,936,198225.26999954417,0.5229114434935743,0.0007462686567164179
ieee,CFET,MLforEDA,1,405,58,198225.26999954417,8.438708812241131,0.0021645021645021645
ieee,CFET,MRAM,1,405,1637,198225.26999954417,0.2989890721502661,0.0004899559039686428
ieee,CFET,NIL,1,405,131,198225.26999954417,3.7362222222136303,0.001869158878504673
ieee,CFET,Neuromorphic,1,405,5415,198225.26999954417,0.09038690879224111,0.00017185083347654237
ieee,CIM,CoWoS,1,3692,87,198225.26999954417,0.6171320095625963,0.00026469031233456857
ieee,CIM,CompLitho,1,3692,138,198225.26999954417,0.38906148428946286,0.00026116479498563595
ieee,CIM,EUV,1,3692,246,198225.26999954417,0.2182540033818938,0.000254000508001016
ieee,CIM,FanOut,1,3692,1341,198225.26999954417,0.040037647152830626,0.0001987281399046105
ieee,CIM,Ga2O3,1,3692,1215,198225.26999954417,0.04418969945016121,0.00020383204239706482
ieee,CIM,Resist,1,3692,735,198225.26999954417,0.07304827868291956,0.00022593764121102577
ieee,CNT,Chiplet,1,675,1978,198225.26999954417,0.14846666666632524,0.0003770739064856712
ieee,CNT,DTCO,1,675,339,198225.26999954417,0.8662745329380276,0.0009871668311944718
ieee,CNT,GaN,1,675,4448,198225.26999954417,0.06602227218210237,0.0001952362358453729
ieee,CNT,HBM,1,675,936,198225.26999954417,0.3137468660961446,0.0006211180124223603
ieee,CPO,Cryo,1,2050,408,198225.26999954417,0.23699817073116233,0.000407000407000407
ieee,CPO,EUV,1,2050,246,198225.26999954417,0.39307013682241554,0.00043572984749455336
ieee,CPO,FeFET,1,2050,2357,198225.26999954417,0.04102471517111338,0.00022696323195642307
ieee,CPO,GAA,1,2050,545,198225.26999954417,0.17742248377672334,0.00038550501156515033
ieee,CPO,Ga2O3,1,2050,1215,198225.26999954417,0.07958457091219277,0.00030637254901960784
ieee,CPO,HKMG,1,2050,829,198225.26999954417,0.11664083674103043,0.00034746351633078526
ieee,CPO,RISCV,1,2050,848,198225.26999954417,0.11402742176687998,0.00034518467380048324
ieee,CPO,SiC,1,2050,7165,198225.26999954417,0.013495499463826131,0.00010853049706967658
ieee,Chiplet,CompLitho,1,1978,138,198225.26999954417,0.7261956521722431,0.00047281323877068556
ieee,Chiplet,Cryo,1,1978,408,198225.26999954417,0.24562499999943516,0.0004192872117400419
ieee,Chiplet,DSA,1,1978,41,198225.26999954417,2.444268292677306,0.0004955401387512388
ieee,Chiplet,EUV,1,1978,246,198225.26999954417,0.407378048779551,0.000449842555105713
ieee,Chiplet,FeRAM,1,1978,507,198225.26999954417,0.19766272189303657,0.00040257648953301127
ieee,Chiplet,Ga2O3,1,1978,1215,198225.26999954417,0.08248148148129181,0.0003132832080200501
ieee,Chiplet,HighNA,1,1978,33,198225.26999954417,3.0368181818111983,0.0004975124378109452
ieee,Chiplet,SiQubit,1,1978,47,198225.26999954417,2.1322340425482884,0.0004940711462450593
ieee,Chiplet,TFET,1,1978,1221,198225.26999954417,0.08207616707597834,0.00031269543464665416
ieee,CoWoS,DTCO,1,87,339,198225.26999954417,6.721095514174352,0.002352941176470588
ieee,CoWoS,GAA,1,87,545,198225.26999954417,4.180644732669918,0.001584786053882726
ieee,CoWoS,HKMG,1,87,829,198225.26999954417,2.7484335094150847,0.001092896174863388
ieee,CoWoS,RISCV,1,87,848,198225.26999954417,2.686853041633379,0.0010706638115631692
ieee,CoWoS,Resist,1,87,735,198225.26999954417,3.0999338493947013,0.001218026796589525
ieee,CompLitho,DTCO,1,138,339,198225.26999954417,4.237212389370788,0.0021008403361344537
ieee,CompLitho,HBM,1,138,936,198225.26999954417,1.5346314102528813,0.0009319664492078285
ieee,Cryo,EUV,1,408,246,198225.26999954417,1.9749847560930194,0.0015313935681470138
ieee,Cryo,Ga2O3,1,408,1215,198225.26999954417,0.39987345678920394,0.0006165228113440197
ieee,Cryo,HighNA,1,408,33,198225.26999954417,14.72261363632978,0.0022727272727272726
ieee,Cryo,NIL,1,408,131,198225.26999954417,3.7087499999914715,0.0018587360594795538
ieee,Cryo,PCM,1,408,743,198225.26999954417,0.6538980484507171,0.0008695652173913044
ieee,Cryo,Resist,1,408,735,198225.26999954417,0.661015306120929,0.0008756567425569177
ieee,DRAM,GaN,1,3738,4448,198225.26999954417,0.01192215990447274,0.00012217470983506414
ieee,DRAM,HighNA,1,3738,33,198225.26999954417,1.6069626440937803,0.0002652519893899204
ieee,DRAM,MLforEDA,1,3738,58,198225.26999954417,0.9143063319843922,0.00026350461133069827
ieee,DSA,Resist,1,41,735,198225.26999954417,6.57790841213022,0.0012903225806451613
ieee,DTCO,Ga2O3,1,339,1215,198225.26999954417,0.4812636294100153,0.000643915003219575
ieee,DTCO,HKMG,1,339,829,198225.26999954417,0.7053501926817475,0.000856898029134533
ieee,DTCO,RISCV,1,339,848,198225.26999954417,0.6895463558174159,0.0008431703204047217
ieee,EUV,FanOut,1,246,1341,198225.26999954417,0.6008902166189052,0.0006305170239596469
ieee,EUV,MRAM,1,246,1637,198225.26999954417,0.4922381065888527,0.0005313496280552603
ieee,EUV,RRAM,1,246,6857,198225.26999954417,0.11751404119672625,0.000140805406927626
ieee,FanOut,HKMG,1,1341,829,198225.26999954417,0.17831000396652677,0.0004610419548178884
ieee,FanOut,MultiPatterning,1,1341,141,198225.26999954417,1.0483616545266006,0.0006752194463200541
ieee,FanOut,Photonic-computing,1,1341,277,198225.26999954417,0.5336425750478364,0.0006184291898577613
ieee,FeFET,HBM,1,2357,936,198225.26999954417,0.08985113899656241,0.00030376670716889426
ieee,FeFET,Photonic-computing,1,2357,277,198225.26999954417,0.3036125129992145,0.00037979491074819596
ieee,FeFET,RISCV,1,2357,848,198225.26999954417,0.09917531379809248,0.00031210986267166043
ieee,FeFET,RuMo,1,2357,49,198225.26999954417,1.7163401245057637,0.0004158004158004158
ieee,FeRAM,GaN,1,507,4448,198225.26999954417,0.087899474798657,0.00020185708518368994
ieee,FeRAM,TFET,1,507,1221,198225.26999954417,0.3202103717480969,0.0005790387955993051
ieee,FinFET,NIL,1,4889,131,198225.26999954417,0.30950501124903257,0.00019924287706714485
ieee,FinFET,PCM,1,4889,743,198225.26999954417,0.05456952419061006,0.0001775883502042266
ieee,FinFET,Photonic-computing,1,4889,277,198225.26999954417,0.14637240604196125,0.0001936108422071636
ieee,FinFET,RuMo,1,4889,49,198225.26999954417,0.8274521729310871,0.00020255215718047398
ieee,FinFET,SiQubit,1,4889,47,198225.26999954417,0.8626629036941121,0.00020263424518743666
ieee,GAA,PCM,1,545,743,198225.26999954417,0.48952367663833496,0.000777000777000777
ieee,GAA,SiQubit,1,545,47,198225.26999954417,7.738640249835806,0.001692047377326565
ieee,Ga2O3,HybridBonding,1,1215,988,198225.26999954417,0.16512992952428665,0.00045413260672116256
ieee,Ga2O3,MRAM,1,1215,1637,198225.26999954417,0.0996630240500887,0.00035075412136092597
ieee,Ga2O3,MultiPatterning,1,1215,141,198225.26999954417,1.1570806409219518,0.0007380073800738007
ieee,Ga2O3,Node,1,1215,233,198225.26999954417,0.7002075981544859,0.000691085003455425
ieee,Ga2O3,Resist,1,1215,735,198225.26999954417,0.22197057193196626,0.000513083632632119
ieee,Ga2O3,TFET,1,1215,1221,198225.26999954417,0.13361864895167502,0.0004106776180698152
ieee,GaN,NIL,1,4448,131,198225.26999954417,0.34019109712151985,0.00021843599825251202
ieee,GaN,OxideSemi,1,4448,1629,198225.26999954417,0.027357295103081092,0.00016458196181698485
ieee,GaN,Photonic-computing,1,4448,277,198225.26999954417,0.16088459827768628,0.00021168501270110075
ieee,GaN,RISCV,1,4448,848,198225.26999954417,0.05255310580532913,0.00018885741265344664
ieee,GaN,UCIe,1,4448,162,198225.26999954417,0.2750928007587599,0.00021696680407897592
ieee,GlassSubstrate,RISCV,1,361,848,198225.26999954417,0.6475241402274348,0.0008278145695364238
ieee,HBM,HKMG,1,936,829,198225.26999954417,0.2554633710674278,0.0005668934240362812
ieee,HBM,HighNA,1,936,33,198225.26999954417,6.4175495337847765,0.0010330578512396695
ieee,HBM,MLforEDA,1,936,58,198225.26999954417,3.6513643899120276,0.0010070493454179255
ieee,HBM,MRAM,1,936,1637,198225.26999954417,0.12937027160348052,0.00038880248833592535
ieee,HKMG,MultiPatterning,1,829,141,198225.26999954417,1.6958419526178183,0.0010319917440660474
ieee,HighNA,NIL,1,33,131,198225.26999954417,45.85363636353092,0.006134969325153374
ieee,HybridBonding,NIL,1,988,131,198225.26999954417,1.5315485829924296,0.0008944543828264759
ieee,HybridBonding,OxideSemi,1,988,1629,198225.26999954417,0.1231632071037497,0.00038226299694189603
ieee,HybridBonding,PCM,1,988,743,198225.26999954417,0.27003077304442563,0.0005780346820809249
ieee,HybridBonding,Photonic-computing,1,988,277,198225.26999954417,0.724306369574037,0.0007911392405063291
ieee,HybridBonding,RRAM,1,988,6857,198225.26999954417,0.02925956896193791,0.00012748597654258032
ieee,HybridBonding,SiC,1,988,7165,198225.26999954417,0.028001795446197943,0.0001226692836113837
ieee,MLforEDA,SiC,1,58,7165,198225.26999954417,0.47699610173868223,0.00013846579894765993
ieee,MRAM,RuMo,1,1637,49,198225.26999954417,2.471236208588934,0.0005934718100890207
ieee,MRAM,SiC,1,1637,7165,198225.26999954417,0.01690028949349027,0.00011362345188046812
ieee,MultiPatterning,PCM,1,141,743,198225.26999954417,1.8921305231765428,0.0011325028312570782
ieee,MultiPatterning,RRAM,1,141,6857,198225.26999954417,0.2050244974070543,0.00014291839359725596
ieee,MultiPatterning,TFET,1,141,1221,198225.26999954417,1.1513947409665612,0.0007347538574577516
ieee,Node,PCM,1,233,743,198225.26999954417,1.1450231921368779,0.0010256410256410256
ieee,Node,SiC,1,233,7165,198225.26999954417,0.11873722704224707,0.000135189941868325
ieee,OxideSemi,PCM,1,1629,743,198225.26999954417,0.16377557014603594,0.00042176296921130323
ieee,OxideSemi,Resist,1,1629,735,198225.26999954417,0.1655581613857207,0.00042319085907744394
ieee,PCM,RISCV,1,743,848,198225.26999954417,0.3146113251979865,0.0006289308176100629
ieee,PCM,TFET,1,743,1221,198225.26999954417,0.2185015591874632,0.0005094243504839531
ieee,Photonic-computing,RISCV,1,277,848,198225.26999954417,0.8438852513433356,0.0008896797153024911
ieee,Resist,SiC,1,735,7165,198225.26999954417,0.037640508708630706,0.000126598303582732
ieee,SiC,TFET,1,7165,1221,198225.26999954417,0.022658291483082366,0.00011926058437686345
ieee,SiQubit,TFET,1,47,1221,198225.26999954417,3.454184222899684,0.0007892659826361484
